ISO-10303-21;
HEADER;
FILE_DESCRIPTION(('FreeCAD Model'),'2;1');
FILE_NAME('Open CASCADE Shape Model','2026-09-25T15:10:03',('FreeCAD'),(
    'FreeCAD'),'Open CASCADE STEP processor 7.9','FreeCAD','Unknown');
FILE_SCHEMA(('AUTOMOTIVE_DESIGN { 1 0 10303 214 1 1 1 1 }'));
ENDSEC;
DATA;
#1 = APPLICATION_PROTOCOL_DEFINITION('international standard',
  'automotive_design',2000,#2);
#2 = APPLICATION_CONTEXT(
  'core data for automotive mechanical design processes');
#3 = SHAPE_DEFINITION_REPRESENTATION(#4,#10);
#4 = PRODUCT_DEFINITION_SHAPE('','',#5);
#5 = PRODUCT_DEFINITION('design','',#6,#9);
#6 = PRODUCT_DEFINITION_FORMATION('','',#7);
#7 = PRODUCT('Open CASCADE STEP translator 7.9 2',
  'Open CASCADE STEP translator 7.9 2','',(#8));
#8 = PRODUCT_CONTEXT('',#2,'mechanical');
#9 = PRODUCT_DEFINITION_CONTEXT('part definition',#2,'design');
#10 = SHAPE_REPRESENTATION('',(#11,#15,#1823,#2465,#3415,#5252,#5624,
    #5996,#6424,#6848,#8161,#8683,#9731,#10419,#11799,#13179,#13841,
    #15244,#15474,#15704,#15934,#15987,#16040,#16093,#17385),#17826);
#11 = AXIS2_PLACEMENT_3D('',#12,#13,#14);
#12 = CARTESIAN_POINT('',(0.,0.,0.));
#13 = DIRECTION('',(0.,0.,1.));
#14 = DIRECTION('',(1.,0.,-0.));
#15 = MANIFOLD_SOLID_BREP('',#16);
#16 = CLOSED_SHELL('',(#17,#91,#156,#214,#272,#303,#335,#359,#384,#435,
    #466,#498,#522,#547,#578,#602,#626,#643,#692,#741,#772,#804,#867,
    #884,#902,#919,#950,#1013,#1038,#1062,#1080,#1097,#1144,#1182,#1208,
    #1248,#1286,#1317,#1357,#1395,#1426,#1466,#1504,#1523,#1535,#1547,
    #1564,#1581,#1598,#1615,#1685,#1710,#1735,#1760,#1785));
#17 = ADVANCED_FACE('',(#18,#52),#86,.F.);
#18 = FACE_BOUND('',#19,.F.);
#19 = EDGE_LOOP('',(#20,#30,#38,#46));
#20 = ORIENTED_EDGE('',*,*,#21,.F.);
#21 = EDGE_CURVE('',#22,#24,#26,.T.);
#22 = VERTEX_POINT('',#23);
#23 = CARTESIAN_POINT('',(0.,0.,0.));
#24 = VERTEX_POINT('',#25);
#25 = CARTESIAN_POINT('',(0.,0.,40.));
#26 = LINE('',#27,#28);
#27 = CARTESIAN_POINT('',(0.,0.,0.));
#28 = VECTOR('',#29,1.);
#29 = DIRECTION('',(0.,0.,1.));
#30 = ORIENTED_EDGE('',*,*,#31,.T.);
#31 = EDGE_CURVE('',#22,#32,#34,.T.);
#32 = VERTEX_POINT('',#33);
#33 = CARTESIAN_POINT('',(0.,350.,0.));
#34 = LINE('',#35,#36);
#35 = CARTESIAN_POINT('',(0.,0.,0.));
#36 = VECTOR('',#37,1.);
#37 = DIRECTION('',(0.,1.,0.));
#38 = ORIENTED_EDGE('',*,*,#39,.T.);
#39 = EDGE_CURVE('',#32,#40,#42,.T.);
#40 = VERTEX_POINT('',#41);
#41 = CARTESIAN_POINT('',(0.,350.,40.));
#42 = LINE('',#43,#44);
#43 = CARTESIAN_POINT('',(0.,350.,0.));
#44 = VECTOR('',#45,1.);
#45 = DIRECTION('',(0.,0.,1.));
#46 = ORIENTED_EDGE('',*,*,#47,.F.);
#47 = EDGE_CURVE('',#24,#40,#48,.T.);
#48 = LINE('',#49,#50);
#49 = CARTESIAN_POINT('',(0.,0.,40.));
#50 = VECTOR('',#51,1.);
#51 = DIRECTION('',(0.,1.,0.));
#52 = FACE_BOUND('',#53,.F.);
#53 = EDGE_LOOP('',(#54,#64,#72,#80));
#54 = ORIENTED_EDGE('',*,*,#55,.T.);
#55 = EDGE_CURVE('',#56,#58,#60,.T.);
#56 = VERTEX_POINT('',#57);
#57 = CARTESIAN_POINT('',(0.,265.,7.));
#58 = VERTEX_POINT('',#59);
#59 = CARTESIAN_POINT('',(0.,85.,7.));
#60 = LINE('',#61,#62);
#61 = CARTESIAN_POINT('',(0.,42.5,7.));
#62 = VECTOR('',#63,1.);
#63 = DIRECTION('',(0.,-1.,0.));
#64 = ORIENTED_EDGE('',*,*,#65,.T.);
#65 = EDGE_CURVE('',#58,#66,#68,.T.);
#66 = VERTEX_POINT('',#67);
#67 = CARTESIAN_POINT('',(0.,85.,31.));
#68 = LINE('',#69,#70);
#69 = CARTESIAN_POINT('',(0.,85.,3.5));
#70 = VECTOR('',#71,1.);
#71 = DIRECTION('',(0.,0.,1.));
#72 = ORIENTED_EDGE('',*,*,#73,.F.);
#73 = EDGE_CURVE('',#74,#66,#76,.T.);
#74 = VERTEX_POINT('',#75);
#75 = CARTESIAN_POINT('',(0.,265.,31.));
#76 = LINE('',#77,#78);
#77 = CARTESIAN_POINT('',(0.,42.5,31.));
#78 = VECTOR('',#79,1.);
#79 = DIRECTION('',(0.,-1.,0.));
#80 = ORIENTED_EDGE('',*,*,#81,.F.);
#81 = EDGE_CURVE('',#56,#74,#82,.T.);
#82 = LINE('',#83,#84);
#83 = CARTESIAN_POINT('',(0.,265.,3.5));
#84 = VECTOR('',#85,1.);
#85 = DIRECTION('',(0.,0.,1.));
#86 = PLANE('',#87);
#87 = AXIS2_PLACEMENT_3D('',#88,#89,#90);
#88 = CARTESIAN_POINT('',(0.,0.,0.));
#89 = DIRECTION('',(1.,0.,0.));
#90 = DIRECTION('',(0.,0.,1.));
#91 = ADVANCED_FACE('',(#92,#117),#151,.F.);
#92 = FACE_BOUND('',#93,.F.);
#93 = EDGE_LOOP('',(#94,#102,#103,#111));
#94 = ORIENTED_EDGE('',*,*,#95,.F.);
#95 = EDGE_CURVE('',#22,#96,#98,.T.);
#96 = VERTEX_POINT('',#97);
#97 = CARTESIAN_POINT('',(410.,0.,0.));
#98 = LINE('',#99,#100);
#99 = CARTESIAN_POINT('',(0.,0.,0.));
#100 = VECTOR('',#101,1.);
#101 = DIRECTION('',(1.,0.,0.));
#102 = ORIENTED_EDGE('',*,*,#21,.T.);
#103 = ORIENTED_EDGE('',*,*,#104,.T.);
#104 = EDGE_CURVE('',#24,#105,#107,.T.);
#105 = VERTEX_POINT('',#106);
#106 = CARTESIAN_POINT('',(410.,0.,40.));
#107 = LINE('',#108,#109);
#108 = CARTESIAN_POINT('',(0.,0.,40.));
#109 = VECTOR('',#110,1.);
#110 = DIRECTION('',(1.,0.,0.));
#111 = ORIENTED_EDGE('',*,*,#112,.F.);
#112 = EDGE_CURVE('',#96,#105,#113,.T.);
#113 = LINE('',#114,#115);
#114 = CARTESIAN_POINT('',(410.,0.,0.));
#115 = VECTOR('',#116,1.);
#116 = DIRECTION('',(0.,0.,1.));
#117 = FACE_BOUND('',#118,.F.);
#118 = EDGE_LOOP('',(#119,#129,#137,#145));
#119 = ORIENTED_EDGE('',*,*,#120,.F.);
#120 = EDGE_CURVE('',#121,#123,#125,.T.);
#121 = VERTEX_POINT('',#122);
#122 = CARTESIAN_POINT('',(95.,0.,31.));
#123 = VERTEX_POINT('',#124);
#124 = CARTESIAN_POINT('',(315.,0.,31.));
#125 = LINE('',#126,#127);
#126 = CARTESIAN_POINT('',(47.5,0.,31.));
#127 = VECTOR('',#128,1.);
#128 = DIRECTION('',(1.,0.,0.));
#129 = ORIENTED_EDGE('',*,*,#130,.T.);
#130 = EDGE_CURVE('',#121,#131,#133,.T.);
#131 = VERTEX_POINT('',#132);
#132 = CARTESIAN_POINT('',(95.,0.,7.));
#133 = LINE('',#134,#135);
#134 = CARTESIAN_POINT('',(95.,0.,3.5));
#135 = VECTOR('',#136,1.);
#136 = DIRECTION('',(0.,0.,-1.));
#137 = ORIENTED_EDGE('',*,*,#138,.T.);
#138 = EDGE_CURVE('',#131,#139,#141,.T.);
#139 = VERTEX_POINT('',#140);
#140 = CARTESIAN_POINT('',(315.,0.,7.));
#141 = LINE('',#142,#143);
#142 = CARTESIAN_POINT('',(47.5,0.,7.));
#143 = VECTOR('',#144,1.);
#144 = DIRECTION('',(1.,0.,0.));
#145 = ORIENTED_EDGE('',*,*,#146,.F.);
#146 = EDGE_CURVE('',#123,#139,#147,.T.);
#147 = LINE('',#148,#149);
#148 = CARTESIAN_POINT('',(315.,0.,3.5));
#149 = VECTOR('',#150,1.);
#150 = DIRECTION('',(0.,0.,-1.));
#151 = PLANE('',#152);
#152 = AXIS2_PLACEMENT_3D('',#153,#154,#155);
#153 = CARTESIAN_POINT('',(0.,0.,0.));
#154 = DIRECTION('',(0.,1.,0.));
#155 = DIRECTION('',(0.,0.,1.));
#156 = ADVANCED_FACE('',(#157,#175),#209,.T.);
#157 = FACE_BOUND('',#158,.T.);
#158 = EDGE_LOOP('',(#159,#160,#161,#169));
#159 = ORIENTED_EDGE('',*,*,#47,.F.);
#160 = ORIENTED_EDGE('',*,*,#104,.T.);
#161 = ORIENTED_EDGE('',*,*,#162,.T.);
#162 = EDGE_CURVE('',#105,#163,#165,.T.);
#163 = VERTEX_POINT('',#164);
#164 = CARTESIAN_POINT('',(410.,350.,40.));
#165 = LINE('',#166,#167);
#166 = CARTESIAN_POINT('',(410.,0.,40.));
#167 = VECTOR('',#168,1.);
#168 = DIRECTION('',(0.,1.,0.));
#169 = ORIENTED_EDGE('',*,*,#170,.F.);
#170 = EDGE_CURVE('',#40,#163,#171,.T.);
#171 = LINE('',#172,#173);
#172 = CARTESIAN_POINT('',(0.,350.,40.));
#173 = VECTOR('',#174,1.);
#174 = DIRECTION('',(1.,0.,0.));
#175 = FACE_BOUND('',#176,.T.);
#176 = EDGE_LOOP('',(#177,#187,#195,#203));
#177 = ORIENTED_EDGE('',*,*,#178,.T.);
#178 = EDGE_CURVE('',#179,#181,#183,.T.);
#179 = VERTEX_POINT('',#180);
#180 = CARTESIAN_POINT('',(407.,3.,40.));
#181 = VERTEX_POINT('',#182);
#182 = CARTESIAN_POINT('',(3.,3.,40.));
#183 = LINE('',#184,#185);
#184 = CARTESIAN_POINT('',(1.5,3.,40.));
#185 = VECTOR('',#186,1.);
#186 = DIRECTION('',(-1.,0.,0.));
#187 = ORIENTED_EDGE('',*,*,#188,.T.);
#188 = EDGE_CURVE('',#181,#189,#191,.T.);
#189 = VERTEX_POINT('',#190);
#190 = CARTESIAN_POINT('',(3.,347.,40.));
#191 = LINE('',#192,#193);
#192 = CARTESIAN_POINT('',(3.,1.5,40.));
#193 = VECTOR('',#194,1.);
#194 = DIRECTION('',(0.,1.,0.));
#195 = ORIENTED_EDGE('',*,*,#196,.F.);
#196 = EDGE_CURVE('',#197,#189,#199,.T.);
#197 = VERTEX_POINT('',#198);
#198 = CARTESIAN_POINT('',(407.,347.,40.));
#199 = LINE('',#200,#201);
#200 = CARTESIAN_POINT('',(1.5,347.,40.));
#201 = VECTOR('',#202,1.);
#202 = DIRECTION('',(-1.,0.,0.));
#203 = ORIENTED_EDGE('',*,*,#204,.F.);
#204 = EDGE_CURVE('',#179,#197,#205,.T.);
#205 = LINE('',#206,#207);
#206 = CARTESIAN_POINT('',(407.,1.5,40.));
#207 = VECTOR('',#208,1.);
#208 = DIRECTION('',(0.,1.,0.));
#209 = PLANE('',#210);
#210 = AXIS2_PLACEMENT_3D('',#211,#212,#213);
#211 = CARTESIAN_POINT('',(0.,0.,40.));
#212 = DIRECTION('',(0.,0.,1.));
#213 = DIRECTION('',(1.,0.,0.));
#214 = ADVANCED_FACE('',(#215,#233),#267,.T.);
#215 = FACE_BOUND('',#216,.T.);
#216 = EDGE_LOOP('',(#217,#225,#226,#227));
#217 = ORIENTED_EDGE('',*,*,#218,.F.);
#218 = EDGE_CURVE('',#32,#219,#221,.T.);
#219 = VERTEX_POINT('',#220);
#220 = CARTESIAN_POINT('',(410.,350.,0.));
#221 = LINE('',#222,#223);
#222 = CARTESIAN_POINT('',(0.,350.,0.));
#223 = VECTOR('',#224,1.);
#224 = DIRECTION('',(1.,0.,0.));
#225 = ORIENTED_EDGE('',*,*,#39,.T.);
#226 = ORIENTED_EDGE('',*,*,#170,.T.);
#227 = ORIENTED_EDGE('',*,*,#228,.F.);
#228 = EDGE_CURVE('',#219,#163,#229,.T.);
#229 = LINE('',#230,#231);
#230 = CARTESIAN_POINT('',(410.,350.,0.));
#231 = VECTOR('',#232,1.);
#232 = DIRECTION('',(0.,0.,1.));
#233 = FACE_BOUND('',#234,.T.);
#234 = EDGE_LOOP('',(#235,#245,#253,#261));
#235 = ORIENTED_EDGE('',*,*,#236,.F.);
#236 = EDGE_CURVE('',#237,#239,#241,.T.);
#237 = VERTEX_POINT('',#238);
#238 = CARTESIAN_POINT('',(95.,350.,31.));
#239 = VERTEX_POINT('',#240);
#240 = CARTESIAN_POINT('',(315.,350.,31.));
#241 = LINE('',#242,#243);
#242 = CARTESIAN_POINT('',(47.5,350.,31.));
#243 = VECTOR('',#244,1.);
#244 = DIRECTION('',(1.,0.,0.));
#245 = ORIENTED_EDGE('',*,*,#246,.T.);
#246 = EDGE_CURVE('',#237,#247,#249,.T.);
#247 = VERTEX_POINT('',#248);
#248 = CARTESIAN_POINT('',(95.,350.,7.));
#249 = LINE('',#250,#251);
#250 = CARTESIAN_POINT('',(95.,350.,3.5));
#251 = VECTOR('',#252,1.);
#252 = DIRECTION('',(0.,0.,-1.));
#253 = ORIENTED_EDGE('',*,*,#254,.T.);
#254 = EDGE_CURVE('',#247,#255,#257,.T.);
#255 = VERTEX_POINT('',#256);
#256 = CARTESIAN_POINT('',(315.,350.,7.));
#257 = LINE('',#258,#259);
#258 = CARTESIAN_POINT('',(47.5,350.,7.));
#259 = VECTOR('',#260,1.);
#260 = DIRECTION('',(1.,0.,0.));
#261 = ORIENTED_EDGE('',*,*,#262,.F.);
#262 = EDGE_CURVE('',#239,#255,#263,.T.);
#263 = LINE('',#264,#265);
#264 = CARTESIAN_POINT('',(315.,350.,3.5));
#265 = VECTOR('',#266,1.);
#266 = DIRECTION('',(0.,0.,-1.));
#267 = PLANE('',#268);
#268 = AXIS2_PLACEMENT_3D('',#269,#270,#271);
#269 = CARTESIAN_POINT('',(0.,350.,0.));
#270 = DIRECTION('',(0.,1.,0.));
#271 = DIRECTION('',(0.,0.,1.));
#272 = ADVANCED_FACE('',(#273),#298,.T.);
#273 = FACE_BOUND('',#274,.T.);
#274 = EDGE_LOOP('',(#275,#283,#284,#292));
#275 = ORIENTED_EDGE('',*,*,#276,.F.);
#276 = EDGE_CURVE('',#56,#277,#279,.T.);
#277 = VERTEX_POINT('',#278);
#278 = CARTESIAN_POINT('',(3.,265.,7.));
#279 = LINE('',#280,#281);
#280 = CARTESIAN_POINT('',(-1.,265.,7.));
#281 = VECTOR('',#282,1.);
#282 = DIRECTION('',(1.,0.,0.));
#283 = ORIENTED_EDGE('',*,*,#55,.T.);
#284 = ORIENTED_EDGE('',*,*,#285,.T.);
#285 = EDGE_CURVE('',#58,#286,#288,.T.);
#286 = VERTEX_POINT('',#287);
#287 = CARTESIAN_POINT('',(3.,85.,7.));
#288 = LINE('',#289,#290);
#289 = CARTESIAN_POINT('',(-1.,85.,7.));
#290 = VECTOR('',#291,1.);
#291 = DIRECTION('',(1.,0.,0.));
#292 = ORIENTED_EDGE('',*,*,#293,.F.);
#293 = EDGE_CURVE('',#277,#286,#294,.T.);
#294 = LINE('',#295,#296);
#295 = CARTESIAN_POINT('',(3.,44.,7.));
#296 = VECTOR('',#297,1.);
#297 = DIRECTION('',(0.,-1.,0.));
#298 = PLANE('',#299);
#299 = AXIS2_PLACEMENT_3D('',#300,#301,#302);
#300 = CARTESIAN_POINT('',(-1.,85.,7.));
#301 = DIRECTION('',(0.,0.,1.));
#302 = DIRECTION('',(1.,0.,0.));
#303 = ADVANCED_FACE('',(#304),#330,.F.);
#304 = FACE_BOUND('',#305,.F.);
#305 = EDGE_LOOP('',(#306,#307,#308,#316,#324));
#306 = ORIENTED_EDGE('',*,*,#276,.F.);
#307 = ORIENTED_EDGE('',*,*,#81,.T.);
#308 = ORIENTED_EDGE('',*,*,#309,.T.);
#309 = EDGE_CURVE('',#74,#310,#312,.T.);
#310 = VERTEX_POINT('',#311);
#311 = CARTESIAN_POINT('',(3.,265.,31.));
#312 = LINE('',#313,#314);
#313 = CARTESIAN_POINT('',(-1.,265.,31.));
#314 = VECTOR('',#315,1.);
#315 = DIRECTION('',(1.,0.,0.));
#316 = ORIENTED_EDGE('',*,*,#317,.F.);
#317 = EDGE_CURVE('',#318,#310,#320,.T.);
#318 = VERTEX_POINT('',#319);
#319 = CARTESIAN_POINT('',(3.,265.,30.));
#320 = LINE('',#321,#322);
#321 = CARTESIAN_POINT('',(3.,265.,3.));
#322 = VECTOR('',#323,1.);
#323 = DIRECTION('',(0.,0.,1.));
#324 = ORIENTED_EDGE('',*,*,#325,.F.);
#325 = EDGE_CURVE('',#277,#318,#326,.T.);
#326 = LINE('',#327,#328);
#327 = CARTESIAN_POINT('',(3.,265.,3.));
#328 = VECTOR('',#329,1.);
#329 = DIRECTION('',(0.,0.,1.));
#330 = PLANE('',#331);
#331 = AXIS2_PLACEMENT_3D('',#332,#333,#334);
#332 = CARTESIAN_POINT('',(-1.,265.,7.));
#333 = DIRECTION('',(0.,1.,0.));
#334 = DIRECTION('',(0.,0.,1.));
#335 = ADVANCED_FACE('',(#336),#354,.F.);
#336 = FACE_BOUND('',#337,.F.);
#337 = EDGE_LOOP('',(#338,#339,#340,#348));
#338 = ORIENTED_EDGE('',*,*,#309,.F.);
#339 = ORIENTED_EDGE('',*,*,#73,.T.);
#340 = ORIENTED_EDGE('',*,*,#341,.T.);
#341 = EDGE_CURVE('',#66,#342,#344,.T.);
#342 = VERTEX_POINT('',#343);
#343 = CARTESIAN_POINT('',(3.,85.,31.));
#344 = LINE('',#345,#346);
#345 = CARTESIAN_POINT('',(-1.,85.,31.));
#346 = VECTOR('',#347,1.);
#347 = DIRECTION('',(1.,0.,0.));
#348 = ORIENTED_EDGE('',*,*,#349,.F.);
#349 = EDGE_CURVE('',#310,#342,#350,.T.);
#350 = LINE('',#351,#352);
#351 = CARTESIAN_POINT('',(3.,44.,31.));
#352 = VECTOR('',#353,1.);
#353 = DIRECTION('',(0.,-1.,0.));
#354 = PLANE('',#355);
#355 = AXIS2_PLACEMENT_3D('',#356,#357,#358);
#356 = CARTESIAN_POINT('',(-1.,85.,31.));
#357 = DIRECTION('',(0.,0.,1.));
#358 = DIRECTION('',(1.,0.,0.));
#359 = ADVANCED_FACE('',(#360),#379,.T.);
#360 = FACE_BOUND('',#361,.T.);
#361 = EDGE_LOOP('',(#362,#363,#364,#365,#373));
#362 = ORIENTED_EDGE('',*,*,#285,.F.);
#363 = ORIENTED_EDGE('',*,*,#65,.T.);
#364 = ORIENTED_EDGE('',*,*,#341,.T.);
#365 = ORIENTED_EDGE('',*,*,#366,.F.);
#366 = EDGE_CURVE('',#367,#342,#369,.T.);
#367 = VERTEX_POINT('',#368);
#368 = CARTESIAN_POINT('',(3.,85.,30.));
#369 = LINE('',#370,#371);
#370 = CARTESIAN_POINT('',(3.,85.,3.));
#371 = VECTOR('',#372,1.);
#372 = DIRECTION('',(0.,0.,1.));
#373 = ORIENTED_EDGE('',*,*,#374,.F.);
#374 = EDGE_CURVE('',#286,#367,#375,.T.);
#375 = LINE('',#376,#377);
#376 = CARTESIAN_POINT('',(3.,85.,3.));
#377 = VECTOR('',#378,1.);
#378 = DIRECTION('',(0.,0.,1.));
#379 = PLANE('',#380);
#380 = AXIS2_PLACEMENT_3D('',#381,#382,#383);
#381 = CARTESIAN_POINT('',(-1.,85.,7.));
#382 = DIRECTION('',(0.,1.,0.));
#383 = DIRECTION('',(0.,0.,1.));
#384 = ADVANCED_FACE('',(#385,#396),#430,.T.);
#385 = FACE_BOUND('',#386,.T.);
#386 = EDGE_LOOP('',(#387,#388,#394,#395));
#387 = ORIENTED_EDGE('',*,*,#112,.F.);
#388 = ORIENTED_EDGE('',*,*,#389,.T.);
#389 = EDGE_CURVE('',#96,#219,#390,.T.);
#390 = LINE('',#391,#392);
#391 = CARTESIAN_POINT('',(410.,0.,0.));
#392 = VECTOR('',#393,1.);
#393 = DIRECTION('',(0.,1.,0.));
#394 = ORIENTED_EDGE('',*,*,#228,.T.);
#395 = ORIENTED_EDGE('',*,*,#162,.F.);
#396 = FACE_BOUND('',#397,.T.);
#397 = EDGE_LOOP('',(#398,#408,#416,#424));
#398 = ORIENTED_EDGE('',*,*,#399,.T.);
#399 = EDGE_CURVE('',#400,#402,#404,.T.);
#400 = VERTEX_POINT('',#401);
#401 = CARTESIAN_POINT('',(410.,265.,7.));
#402 = VERTEX_POINT('',#403);
#403 = CARTESIAN_POINT('',(410.,85.,7.));
#404 = LINE('',#405,#406);
#405 = CARTESIAN_POINT('',(410.,42.5,7.));
#406 = VECTOR('',#407,1.);
#407 = DIRECTION('',(0.,-1.,0.));
#408 = ORIENTED_EDGE('',*,*,#409,.T.);
#409 = EDGE_CURVE('',#402,#410,#412,.T.);
#410 = VERTEX_POINT('',#411);
#411 = CARTESIAN_POINT('',(410.,85.,31.));
#412 = LINE('',#413,#414);
#413 = CARTESIAN_POINT('',(410.,85.,3.5));
#414 = VECTOR('',#415,1.);
#415 = DIRECTION('',(0.,0.,1.));
#416 = ORIENTED_EDGE('',*,*,#417,.F.);
#417 = EDGE_CURVE('',#418,#410,#420,.T.);
#418 = VERTEX_POINT('',#419);
#419 = CARTESIAN_POINT('',(410.,265.,31.));
#420 = LINE('',#421,#422);
#421 = CARTESIAN_POINT('',(410.,42.5,31.));
#422 = VECTOR('',#423,1.);
#423 = DIRECTION('',(0.,-1.,0.));
#424 = ORIENTED_EDGE('',*,*,#425,.F.);
#425 = EDGE_CURVE('',#400,#418,#426,.T.);
#426 = LINE('',#427,#428);
#427 = CARTESIAN_POINT('',(410.,265.,3.5));
#428 = VECTOR('',#429,1.);
#429 = DIRECTION('',(0.,0.,1.));
#430 = PLANE('',#431);
#431 = AXIS2_PLACEMENT_3D('',#432,#433,#434);
#432 = CARTESIAN_POINT('',(410.,0.,0.));
#433 = DIRECTION('',(1.,0.,0.));
#434 = DIRECTION('',(0.,0.,1.));
#435 = ADVANCED_FACE('',(#436),#461,.F.);
#436 = FACE_BOUND('',#437,.F.);
#437 = EDGE_LOOP('',(#438,#446,#447,#455));
#438 = ORIENTED_EDGE('',*,*,#439,.F.);
#439 = EDGE_CURVE('',#121,#440,#442,.T.);
#440 = VERTEX_POINT('',#441);
#441 = CARTESIAN_POINT('',(95.,3.,31.));
#442 = LINE('',#443,#444);
#443 = CARTESIAN_POINT('',(95.,-1.,31.));
#444 = VECTOR('',#445,1.);
#445 = DIRECTION('',(0.,1.,0.));
#446 = ORIENTED_EDGE('',*,*,#120,.T.);
#447 = ORIENTED_EDGE('',*,*,#448,.T.);
#448 = EDGE_CURVE('',#123,#449,#451,.T.);
#449 = VERTEX_POINT('',#450);
#450 = CARTESIAN_POINT('',(315.,3.,31.));
#451 = LINE('',#452,#453);
#452 = CARTESIAN_POINT('',(315.,-1.,31.));
#453 = VECTOR('',#454,1.);
#454 = DIRECTION('',(0.,1.,0.));
#455 = ORIENTED_EDGE('',*,*,#456,.F.);
#456 = EDGE_CURVE('',#440,#449,#457,.T.);
#457 = LINE('',#458,#459);
#458 = CARTESIAN_POINT('',(49.,3.,31.));
#459 = VECTOR('',#460,1.);
#460 = DIRECTION('',(1.,0.,0.));
#461 = PLANE('',#462);
#462 = AXIS2_PLACEMENT_3D('',#463,#464,#465);
#463 = CARTESIAN_POINT('',(95.,-1.,31.));
#464 = DIRECTION('',(0.,0.,1.));
#465 = DIRECTION('',(1.,0.,0.));
#466 = ADVANCED_FACE('',(#467),#493,.F.);
#467 = FACE_BOUND('',#468,.F.);
#468 = EDGE_LOOP('',(#469,#470,#471,#479,#487));
#469 = ORIENTED_EDGE('',*,*,#448,.F.);
#470 = ORIENTED_EDGE('',*,*,#146,.T.);
#471 = ORIENTED_EDGE('',*,*,#472,.T.);
#472 = EDGE_CURVE('',#139,#473,#475,.T.);
#473 = VERTEX_POINT('',#474);
#474 = CARTESIAN_POINT('',(315.,3.,7.));
#475 = LINE('',#476,#477);
#476 = CARTESIAN_POINT('',(315.,-1.,7.));
#477 = VECTOR('',#478,1.);
#478 = DIRECTION('',(0.,1.,0.));
#479 = ORIENTED_EDGE('',*,*,#480,.F.);
#480 = EDGE_CURVE('',#481,#473,#483,.T.);
#481 = VERTEX_POINT('',#482);
#482 = CARTESIAN_POINT('',(315.,3.,30.));
#483 = LINE('',#484,#485);
#484 = CARTESIAN_POINT('',(315.,3.,3.));
#485 = VECTOR('',#486,1.);
#486 = DIRECTION('',(0.,0.,-1.));
#487 = ORIENTED_EDGE('',*,*,#488,.F.);
#488 = EDGE_CURVE('',#449,#481,#489,.T.);
#489 = LINE('',#490,#491);
#490 = CARTESIAN_POINT('',(315.,3.,3.));
#491 = VECTOR('',#492,1.);
#492 = DIRECTION('',(0.,0.,-1.));
#493 = PLANE('',#494);
#494 = AXIS2_PLACEMENT_3D('',#495,#496,#497);
#495 = CARTESIAN_POINT('',(315.,-1.,7.));
#496 = DIRECTION('',(1.,0.,0.));
#497 = DIRECTION('',(0.,0.,1.));
#498 = ADVANCED_FACE('',(#499),#517,.T.);
#499 = FACE_BOUND('',#500,.T.);
#500 = EDGE_LOOP('',(#501,#509,#510,#511));
#501 = ORIENTED_EDGE('',*,*,#502,.F.);
#502 = EDGE_CURVE('',#131,#503,#505,.T.);
#503 = VERTEX_POINT('',#504);
#504 = CARTESIAN_POINT('',(95.,3.,7.));
#505 = LINE('',#506,#507);
#506 = CARTESIAN_POINT('',(95.,-1.,7.));
#507 = VECTOR('',#508,1.);
#508 = DIRECTION('',(0.,1.,0.));
#509 = ORIENTED_EDGE('',*,*,#138,.T.);
#510 = ORIENTED_EDGE('',*,*,#472,.T.);
#511 = ORIENTED_EDGE('',*,*,#512,.F.);
#512 = EDGE_CURVE('',#503,#473,#513,.T.);
#513 = LINE('',#514,#515);
#514 = CARTESIAN_POINT('',(49.,3.,7.));
#515 = VECTOR('',#516,1.);
#516 = DIRECTION('',(1.,0.,0.));
#517 = PLANE('',#518);
#518 = AXIS2_PLACEMENT_3D('',#519,#520,#521);
#519 = CARTESIAN_POINT('',(95.,-1.,7.));
#520 = DIRECTION('',(0.,0.,1.));
#521 = DIRECTION('',(1.,0.,0.));
#522 = ADVANCED_FACE('',(#523),#542,.T.);
#523 = FACE_BOUND('',#524,.T.);
#524 = EDGE_LOOP('',(#525,#526,#527,#528,#536));
#525 = ORIENTED_EDGE('',*,*,#439,.F.);
#526 = ORIENTED_EDGE('',*,*,#130,.T.);
#527 = ORIENTED_EDGE('',*,*,#502,.T.);
#528 = ORIENTED_EDGE('',*,*,#529,.F.);
#529 = EDGE_CURVE('',#530,#503,#532,.T.);
#530 = VERTEX_POINT('',#531);
#531 = CARTESIAN_POINT('',(95.,3.,30.));
#532 = LINE('',#533,#534);
#533 = CARTESIAN_POINT('',(95.,3.,3.));
#534 = VECTOR('',#535,1.);
#535 = DIRECTION('',(0.,0.,-1.));
#536 = ORIENTED_EDGE('',*,*,#537,.F.);
#537 = EDGE_CURVE('',#440,#530,#538,.T.);
#538 = LINE('',#539,#540);
#539 = CARTESIAN_POINT('',(95.,3.,3.));
#540 = VECTOR('',#541,1.);
#541 = DIRECTION('',(0.,0.,-1.));
#542 = PLANE('',#543);
#543 = AXIS2_PLACEMENT_3D('',#544,#545,#546);
#544 = CARTESIAN_POINT('',(95.,-1.,7.));
#545 = DIRECTION('',(1.,0.,0.));
#546 = DIRECTION('',(0.,0.,1.));
#547 = ADVANCED_FACE('',(#548),#573,.T.);
#548 = FACE_BOUND('',#549,.T.);
#549 = EDGE_LOOP('',(#550,#558,#566,#572));
#550 = ORIENTED_EDGE('',*,*,#551,.F.);
#551 = EDGE_CURVE('',#552,#179,#554,.T.);
#552 = VERTEX_POINT('',#553);
#553 = CARTESIAN_POINT('',(407.,3.,37.));
#554 = LINE('',#555,#556);
#555 = CARTESIAN_POINT('',(407.,3.,-1.));
#556 = VECTOR('',#557,1.);
#557 = DIRECTION('',(0.,0.,1.));
#558 = ORIENTED_EDGE('',*,*,#559,.F.);
#559 = EDGE_CURVE('',#560,#552,#562,.T.);
#560 = VERTEX_POINT('',#561);
#561 = CARTESIAN_POINT('',(3.,3.,37.));
#562 = LINE('',#563,#564);
#563 = CARTESIAN_POINT('',(3.,3.,37.));
#564 = VECTOR('',#565,1.);
#565 = DIRECTION('',(1.,0.,0.));
#566 = ORIENTED_EDGE('',*,*,#567,.T.);
#567 = EDGE_CURVE('',#560,#181,#568,.T.);
#568 = LINE('',#569,#570);
#569 = CARTESIAN_POINT('',(3.,3.,-1.));
#570 = VECTOR('',#571,1.);
#571 = DIRECTION('',(0.,0.,1.));
#572 = ORIENTED_EDGE('',*,*,#178,.F.);
#573 = PLANE('',#574);
#574 = AXIS2_PLACEMENT_3D('',#575,#576,#577);
#575 = CARTESIAN_POINT('',(3.,3.,-1.));
#576 = DIRECTION('',(0.,1.,0.));
#577 = DIRECTION('',(0.,0.,1.));
#578 = ADVANCED_FACE('',(#579),#597,.F.);
#579 = FACE_BOUND('',#580,.F.);
#580 = EDGE_LOOP('',(#581,#582,#590,#596));
#581 = ORIENTED_EDGE('',*,*,#551,.F.);
#582 = ORIENTED_EDGE('',*,*,#583,.T.);
#583 = EDGE_CURVE('',#552,#584,#586,.T.);
#584 = VERTEX_POINT('',#585);
#585 = CARTESIAN_POINT('',(407.,347.,37.));
#586 = LINE('',#587,#588);
#587 = CARTESIAN_POINT('',(407.,3.,37.));
#588 = VECTOR('',#589,1.);
#589 = DIRECTION('',(0.,1.,0.));
#590 = ORIENTED_EDGE('',*,*,#591,.T.);
#591 = EDGE_CURVE('',#584,#197,#592,.T.);
#592 = LINE('',#593,#594);
#593 = CARTESIAN_POINT('',(407.,347.,-1.));
#594 = VECTOR('',#595,1.);
#595 = DIRECTION('',(0.,0.,1.));
#596 = ORIENTED_EDGE('',*,*,#204,.F.);
#597 = PLANE('',#598);
#598 = AXIS2_PLACEMENT_3D('',#599,#600,#601);
#599 = CARTESIAN_POINT('',(407.,3.,-1.));
#600 = DIRECTION('',(1.,0.,0.));
#601 = DIRECTION('',(0.,0.,1.));
#602 = ADVANCED_FACE('',(#603),#621,.F.);
#603 = FACE_BOUND('',#604,.F.);
#604 = EDGE_LOOP('',(#605,#606,#614,#620));
#605 = ORIENTED_EDGE('',*,*,#591,.F.);
#606 = ORIENTED_EDGE('',*,*,#607,.F.);
#607 = EDGE_CURVE('',#608,#584,#610,.T.);
#608 = VERTEX_POINT('',#609);
#609 = CARTESIAN_POINT('',(3.,347.,37.));
#610 = LINE('',#611,#612);
#611 = CARTESIAN_POINT('',(3.,347.,37.));
#612 = VECTOR('',#613,1.);
#613 = DIRECTION('',(1.,0.,0.));
#614 = ORIENTED_EDGE('',*,*,#615,.T.);
#615 = EDGE_CURVE('',#608,#189,#616,.T.);
#616 = LINE('',#617,#618);
#617 = CARTESIAN_POINT('',(3.,347.,-1.));
#618 = VECTOR('',#619,1.);
#619 = DIRECTION('',(0.,0.,1.));
#620 = ORIENTED_EDGE('',*,*,#196,.F.);
#621 = PLANE('',#622);
#622 = AXIS2_PLACEMENT_3D('',#623,#624,#625);
#623 = CARTESIAN_POINT('',(3.,347.,-1.));
#624 = DIRECTION('',(0.,1.,0.));
#625 = DIRECTION('',(0.,0.,1.));
#626 = ADVANCED_FACE('',(#627),#638,.T.);
#627 = FACE_BOUND('',#628,.T.);
#628 = EDGE_LOOP('',(#629,#630,#636,#637));
#629 = ORIENTED_EDGE('',*,*,#567,.F.);
#630 = ORIENTED_EDGE('',*,*,#631,.T.);
#631 = EDGE_CURVE('',#560,#608,#632,.T.);
#632 = LINE('',#633,#634);
#633 = CARTESIAN_POINT('',(3.,3.,37.));
#634 = VECTOR('',#635,1.);
#635 = DIRECTION('',(0.,1.,0.));
#636 = ORIENTED_EDGE('',*,*,#615,.T.);
#637 = ORIENTED_EDGE('',*,*,#188,.F.);
#638 = PLANE('',#639);
#639 = AXIS2_PLACEMENT_3D('',#640,#641,#642);
#640 = CARTESIAN_POINT('',(3.,3.,-1.));
#641 = DIRECTION('',(1.,0.,0.));
#642 = DIRECTION('',(0.,0.,1.));
#643 = ADVANCED_FACE('',(#644),#687,.T.);
#644 = FACE_BOUND('',#645,.T.);
#645 = EDGE_LOOP('',(#646,#656,#664,#672,#678,#679,#680,#681));
#646 = ORIENTED_EDGE('',*,*,#647,.F.);
#647 = EDGE_CURVE('',#648,#650,#652,.T.);
#648 = VERTEX_POINT('',#649);
#649 = CARTESIAN_POINT('',(347.,3.,0.));
#650 = VERTEX_POINT('',#651);
#651 = CARTESIAN_POINT('',(347.,3.,30.));
#652 = LINE('',#653,#654);
#653 = CARTESIAN_POINT('',(347.,3.,0.));
#654 = VECTOR('',#655,1.);
#655 = DIRECTION('',(0.,0.,1.));
#656 = ORIENTED_EDGE('',*,*,#657,.T.);
#657 = EDGE_CURVE('',#648,#658,#660,.T.);
#658 = VERTEX_POINT('',#659);
#659 = CARTESIAN_POINT('',(63.,3.,0.));
#660 = LINE('',#661,#662);
#661 = CARTESIAN_POINT('',(1.5,3.,0.));
#662 = VECTOR('',#663,1.);
#663 = DIRECTION('',(-1.,0.,0.));
#664 = ORIENTED_EDGE('',*,*,#665,.T.);
#665 = EDGE_CURVE('',#658,#666,#668,.T.);
#666 = VERTEX_POINT('',#667);
#667 = CARTESIAN_POINT('',(63.,3.,30.));
#668 = LINE('',#669,#670);
#669 = CARTESIAN_POINT('',(63.,3.,0.));
#670 = VECTOR('',#671,1.);
#671 = DIRECTION('',(0.,0.,1.));
#672 = ORIENTED_EDGE('',*,*,#673,.T.);
#673 = EDGE_CURVE('',#666,#530,#674,.T.);
#674 = LINE('',#675,#676);
#675 = CARTESIAN_POINT('',(3.,3.,30.));
#676 = VECTOR('',#677,1.);
#677 = DIRECTION('',(1.,0.,0.));
#678 = ORIENTED_EDGE('',*,*,#529,.T.);
#679 = ORIENTED_EDGE('',*,*,#512,.T.);
#680 = ORIENTED_EDGE('',*,*,#480,.F.);
#681 = ORIENTED_EDGE('',*,*,#682,.T.);
#682 = EDGE_CURVE('',#481,#650,#683,.T.);
#683 = LINE('',#684,#685);
#684 = CARTESIAN_POINT('',(3.,3.,30.));
#685 = VECTOR('',#686,1.);
#686 = DIRECTION('',(1.,0.,0.));
#687 = PLANE('',#688);
#688 = AXIS2_PLACEMENT_3D('',#689,#690,#691);
#689 = CARTESIAN_POINT('',(3.,3.,-1.));
#690 = DIRECTION('',(0.,1.,0.));
#691 = DIRECTION('',(0.,0.,1.));
#692 = ADVANCED_FACE('',(#693),#736,.T.);
#693 = FACE_BOUND('',#694,.T.);
#694 = EDGE_LOOP('',(#695,#705,#713,#721,#727,#728,#729,#730));
#695 = ORIENTED_EDGE('',*,*,#696,.F.);
#696 = EDGE_CURVE('',#697,#699,#701,.T.);
#697 = VERTEX_POINT('',#698);
#698 = CARTESIAN_POINT('',(3.,63.,0.));
#699 = VERTEX_POINT('',#700);
#700 = CARTESIAN_POINT('',(3.,63.,30.));
#701 = LINE('',#702,#703);
#702 = CARTESIAN_POINT('',(3.,63.,0.));
#703 = VECTOR('',#704,1.);
#704 = DIRECTION('',(0.,0.,1.));
#705 = ORIENTED_EDGE('',*,*,#706,.T.);
#706 = EDGE_CURVE('',#697,#707,#709,.T.);
#707 = VERTEX_POINT('',#708);
#708 = CARTESIAN_POINT('',(3.,287.,0.));
#709 = LINE('',#710,#711);
#710 = CARTESIAN_POINT('',(3.,1.5,0.));
#711 = VECTOR('',#712,1.);
#712 = DIRECTION('',(0.,1.,0.));
#713 = ORIENTED_EDGE('',*,*,#714,.T.);
#714 = EDGE_CURVE('',#707,#715,#717,.T.);
#715 = VERTEX_POINT('',#716);
#716 = CARTESIAN_POINT('',(3.,287.,30.));
#717 = LINE('',#718,#719);
#718 = CARTESIAN_POINT('',(3.,287.,0.));
#719 = VECTOR('',#720,1.);
#720 = DIRECTION('',(0.,0.,1.));
#721 = ORIENTED_EDGE('',*,*,#722,.F.);
#722 = EDGE_CURVE('',#318,#715,#723,.T.);
#723 = LINE('',#724,#725);
#724 = CARTESIAN_POINT('',(3.,3.,30.));
#725 = VECTOR('',#726,1.);
#726 = DIRECTION('',(0.,1.,0.));
#727 = ORIENTED_EDGE('',*,*,#325,.F.);
#728 = ORIENTED_EDGE('',*,*,#293,.T.);
#729 = ORIENTED_EDGE('',*,*,#374,.T.);
#730 = ORIENTED_EDGE('',*,*,#731,.F.);
#731 = EDGE_CURVE('',#699,#367,#732,.T.);
#732 = LINE('',#733,#734);
#733 = CARTESIAN_POINT('',(3.,3.,30.));
#734 = VECTOR('',#735,1.);
#735 = DIRECTION('',(0.,1.,0.));
#736 = PLANE('',#737);
#737 = AXIS2_PLACEMENT_3D('',#738,#739,#740);
#738 = CARTESIAN_POINT('',(3.,3.,-1.));
#739 = DIRECTION('',(1.,0.,0.));
#740 = DIRECTION('',(0.,0.,1.));
#741 = ADVANCED_FACE('',(#742),#767,.F.);
#742 = FACE_BOUND('',#743,.F.);
#743 = EDGE_LOOP('',(#744,#752,#760,#766));
#744 = ORIENTED_EDGE('',*,*,#745,.F.);
#745 = EDGE_CURVE('',#746,#237,#748,.T.);
#746 = VERTEX_POINT('',#747);
#747 = CARTESIAN_POINT('',(95.,347.,31.));
#748 = LINE('',#749,#750);
#749 = CARTESIAN_POINT('',(95.,-1.,31.));
#750 = VECTOR('',#751,1.);
#751 = DIRECTION('',(0.,1.,0.));
#752 = ORIENTED_EDGE('',*,*,#753,.T.);
#753 = EDGE_CURVE('',#746,#754,#756,.T.);
#754 = VERTEX_POINT('',#755);
#755 = CARTESIAN_POINT('',(315.,347.,31.));
#756 = LINE('',#757,#758);
#757 = CARTESIAN_POINT('',(49.,347.,31.));
#758 = VECTOR('',#759,1.);
#759 = DIRECTION('',(1.,0.,0.));
#760 = ORIENTED_EDGE('',*,*,#761,.T.);
#761 = EDGE_CURVE('',#754,#239,#762,.T.);
#762 = LINE('',#763,#764);
#763 = CARTESIAN_POINT('',(315.,-1.,31.));
#764 = VECTOR('',#765,1.);
#765 = DIRECTION('',(0.,1.,0.));
#766 = ORIENTED_EDGE('',*,*,#236,.F.);
#767 = PLANE('',#768);
#768 = AXIS2_PLACEMENT_3D('',#769,#770,#771);
#769 = CARTESIAN_POINT('',(95.,-1.,31.));
#770 = DIRECTION('',(0.,0.,1.));
#771 = DIRECTION('',(1.,0.,0.));
#772 = ADVANCED_FACE('',(#773),#799,.F.);
#773 = FACE_BOUND('',#774,.F.);
#774 = EDGE_LOOP('',(#775,#776,#784,#792,#798));
#775 = ORIENTED_EDGE('',*,*,#761,.F.);
#776 = ORIENTED_EDGE('',*,*,#777,.T.);
#777 = EDGE_CURVE('',#754,#778,#780,.T.);
#778 = VERTEX_POINT('',#779);
#779 = CARTESIAN_POINT('',(315.,347.,30.));
#780 = LINE('',#781,#782);
#781 = CARTESIAN_POINT('',(315.,347.,3.));
#782 = VECTOR('',#783,1.);
#783 = DIRECTION('',(0.,0.,-1.));
#784 = ORIENTED_EDGE('',*,*,#785,.T.);
#785 = EDGE_CURVE('',#778,#786,#788,.T.);
#786 = VERTEX_POINT('',#787);
#787 = CARTESIAN_POINT('',(315.,347.,7.));
#788 = LINE('',#789,#790);
#789 = CARTESIAN_POINT('',(315.,347.,3.));
#790 = VECTOR('',#791,1.);
#791 = DIRECTION('',(0.,0.,-1.));
#792 = ORIENTED_EDGE('',*,*,#793,.T.);
#793 = EDGE_CURVE('',#786,#255,#794,.T.);
#794 = LINE('',#795,#796);
#795 = CARTESIAN_POINT('',(315.,-1.,7.));
#796 = VECTOR('',#797,1.);
#797 = DIRECTION('',(0.,1.,0.));
#798 = ORIENTED_EDGE('',*,*,#262,.F.);
#799 = PLANE('',#800);
#800 = AXIS2_PLACEMENT_3D('',#801,#802,#803);
#801 = CARTESIAN_POINT('',(315.,-1.,7.));
#802 = DIRECTION('',(1.,0.,0.));
#803 = DIRECTION('',(0.,0.,1.));
#804 = ADVANCED_FACE('',(#805),#862,.F.);
#805 = FACE_BOUND('',#806,.F.);
#806 = EDGE_LOOP('',(#807,#817,#825,#833,#841,#849,#855,#856));
#807 = ORIENTED_EDGE('',*,*,#808,.F.);
#808 = EDGE_CURVE('',#809,#811,#813,.T.);
#809 = VERTEX_POINT('',#810);
#810 = CARTESIAN_POINT('',(347.,347.,0.));
#811 = VERTEX_POINT('',#812);
#812 = CARTESIAN_POINT('',(347.,347.,30.));
#813 = LINE('',#814,#815);
#814 = CARTESIAN_POINT('',(347.,347.,0.));
#815 = VECTOR('',#816,1.);
#816 = DIRECTION('',(0.,0.,1.));
#817 = ORIENTED_EDGE('',*,*,#818,.T.);
#818 = EDGE_CURVE('',#809,#819,#821,.T.);
#819 = VERTEX_POINT('',#820);
#820 = CARTESIAN_POINT('',(63.,347.,0.));
#821 = LINE('',#822,#823);
#822 = CARTESIAN_POINT('',(1.5,347.,0.));
#823 = VECTOR('',#824,1.);
#824 = DIRECTION('',(-1.,0.,0.));
#825 = ORIENTED_EDGE('',*,*,#826,.T.);
#826 = EDGE_CURVE('',#819,#827,#829,.T.);
#827 = VERTEX_POINT('',#828);
#828 = CARTESIAN_POINT('',(63.,347.,30.));
#829 = LINE('',#830,#831);
#830 = CARTESIAN_POINT('',(63.,347.,0.));
#831 = VECTOR('',#832,1.);
#832 = DIRECTION('',(0.,0.,1.));
#833 = ORIENTED_EDGE('',*,*,#834,.T.);
#834 = EDGE_CURVE('',#827,#835,#837,.T.);
#835 = VERTEX_POINT('',#836);
#836 = CARTESIAN_POINT('',(95.,347.,30.));
#837 = LINE('',#838,#839);
#838 = CARTESIAN_POINT('',(3.,347.,30.));
#839 = VECTOR('',#840,1.);
#840 = DIRECTION('',(1.,0.,0.));
#841 = ORIENTED_EDGE('',*,*,#842,.T.);
#842 = EDGE_CURVE('',#835,#843,#845,.T.);
#843 = VERTEX_POINT('',#844);
#844 = CARTESIAN_POINT('',(95.,347.,7.));
#845 = LINE('',#846,#847);
#846 = CARTESIAN_POINT('',(95.,347.,3.));
#847 = VECTOR('',#848,1.);
#848 = DIRECTION('',(0.,0.,-1.));
#849 = ORIENTED_EDGE('',*,*,#850,.T.);
#850 = EDGE_CURVE('',#843,#786,#851,.T.);
#851 = LINE('',#852,#853);
#852 = CARTESIAN_POINT('',(49.,347.,7.));
#853 = VECTOR('',#854,1.);
#854 = DIRECTION('',(1.,0.,0.));
#855 = ORIENTED_EDGE('',*,*,#785,.F.);
#856 = ORIENTED_EDGE('',*,*,#857,.T.);
#857 = EDGE_CURVE('',#778,#811,#858,.T.);
#858 = LINE('',#859,#860);
#859 = CARTESIAN_POINT('',(3.,347.,30.));
#860 = VECTOR('',#861,1.);
#861 = DIRECTION('',(1.,0.,0.));
#862 = PLANE('',#863);
#863 = AXIS2_PLACEMENT_3D('',#864,#865,#866);
#864 = CARTESIAN_POINT('',(3.,347.,-1.));
#865 = DIRECTION('',(0.,1.,0.));
#866 = DIRECTION('',(0.,0.,1.));
#867 = ADVANCED_FACE('',(#868),#879,.T.);
#868 = FACE_BOUND('',#869,.T.);
#869 = EDGE_LOOP('',(#870,#876,#877,#878));
#870 = ORIENTED_EDGE('',*,*,#871,.F.);
#871 = EDGE_CURVE('',#843,#247,#872,.T.);
#872 = LINE('',#873,#874);
#873 = CARTESIAN_POINT('',(95.,-1.,7.));
#874 = VECTOR('',#875,1.);
#875 = DIRECTION('',(0.,1.,0.));
#876 = ORIENTED_EDGE('',*,*,#850,.T.);
#877 = ORIENTED_EDGE('',*,*,#793,.T.);
#878 = ORIENTED_EDGE('',*,*,#254,.F.);
#879 = PLANE('',#880);
#880 = AXIS2_PLACEMENT_3D('',#881,#882,#883);
#881 = CARTESIAN_POINT('',(95.,-1.,7.));
#882 = DIRECTION('',(0.,0.,1.));
#883 = DIRECTION('',(1.,0.,0.));
#884 = ADVANCED_FACE('',(#885),#897,.T.);
#885 = FACE_BOUND('',#886,.T.);
#886 = EDGE_LOOP('',(#887,#888,#894,#895,#896));
#887 = ORIENTED_EDGE('',*,*,#745,.F.);
#888 = ORIENTED_EDGE('',*,*,#889,.T.);
#889 = EDGE_CURVE('',#746,#835,#890,.T.);
#890 = LINE('',#891,#892);
#891 = CARTESIAN_POINT('',(95.,347.,3.));
#892 = VECTOR('',#893,1.);
#893 = DIRECTION('',(0.,0.,-1.));
#894 = ORIENTED_EDGE('',*,*,#842,.T.);
#895 = ORIENTED_EDGE('',*,*,#871,.T.);
#896 = ORIENTED_EDGE('',*,*,#246,.F.);
#897 = PLANE('',#898);
#898 = AXIS2_PLACEMENT_3D('',#899,#900,#901);
#899 = CARTESIAN_POINT('',(95.,-1.,7.));
#900 = DIRECTION('',(1.,0.,0.));
#901 = DIRECTION('',(0.,0.,1.));
#902 = ADVANCED_FACE('',(#903),#914,.F.);
#903 = FACE_BOUND('',#904,.F.);
#904 = EDGE_LOOP('',(#905,#906,#912,#913));
#905 = ORIENTED_EDGE('',*,*,#366,.F.);
#906 = ORIENTED_EDGE('',*,*,#907,.T.);
#907 = EDGE_CURVE('',#367,#318,#908,.T.);
#908 = LINE('',#909,#910);
#909 = CARTESIAN_POINT('',(3.,3.,30.));
#910 = VECTOR('',#911,1.);
#911 = DIRECTION('',(0.,1.,0.));
#912 = ORIENTED_EDGE('',*,*,#317,.T.);
#913 = ORIENTED_EDGE('',*,*,#349,.T.);
#914 = PLANE('',#915);
#915 = AXIS2_PLACEMENT_3D('',#916,#917,#918);
#916 = CARTESIAN_POINT('',(3.,3.,30.));
#917 = DIRECTION('',(1.,0.,0.));
#918 = DIRECTION('',(0.,0.,1.));
#919 = ADVANCED_FACE('',(#920),#945,.T.);
#920 = FACE_BOUND('',#921,.T.);
#921 = EDGE_LOOP('',(#922,#930,#938,#944));
#922 = ORIENTED_EDGE('',*,*,#923,.F.);
#923 = EDGE_CURVE('',#924,#400,#926,.T.);
#924 = VERTEX_POINT('',#925);
#925 = CARTESIAN_POINT('',(407.,265.,7.));
#926 = LINE('',#927,#928);
#927 = CARTESIAN_POINT('',(-1.,265.,7.));
#928 = VECTOR('',#929,1.);
#929 = DIRECTION('',(1.,0.,0.));
#930 = ORIENTED_EDGE('',*,*,#931,.T.);
#931 = EDGE_CURVE('',#924,#932,#934,.T.);
#932 = VERTEX_POINT('',#933);
#933 = CARTESIAN_POINT('',(407.,85.,7.));
#934 = LINE('',#935,#936);
#935 = CARTESIAN_POINT('',(407.,44.,7.));
#936 = VECTOR('',#937,1.);
#937 = DIRECTION('',(0.,-1.,0.));
#938 = ORIENTED_EDGE('',*,*,#939,.T.);
#939 = EDGE_CURVE('',#932,#402,#940,.T.);
#940 = LINE('',#941,#942);
#941 = CARTESIAN_POINT('',(-1.,85.,7.));
#942 = VECTOR('',#943,1.);
#943 = DIRECTION('',(1.,0.,0.));
#944 = ORIENTED_EDGE('',*,*,#399,.F.);
#945 = PLANE('',#946);
#946 = AXIS2_PLACEMENT_3D('',#947,#948,#949);
#947 = CARTESIAN_POINT('',(-1.,85.,7.));
#948 = DIRECTION('',(0.,0.,1.));
#949 = DIRECTION('',(1.,0.,0.));
#950 = ADVANCED_FACE('',(#951),#1008,.F.);
#951 = FACE_BOUND('',#952,.F.);
#952 = EDGE_LOOP('',(#953,#963,#971,#979,#987,#993,#994,#1002));
#953 = ORIENTED_EDGE('',*,*,#954,.F.);
#954 = EDGE_CURVE('',#955,#957,#959,.T.);
#955 = VERTEX_POINT('',#956);
#956 = CARTESIAN_POINT('',(407.,63.,0.));
#957 = VERTEX_POINT('',#958);
#958 = CARTESIAN_POINT('',(407.,63.,30.));
#959 = LINE('',#960,#961);
#960 = CARTESIAN_POINT('',(407.,63.,0.));
#961 = VECTOR('',#962,1.);
#962 = DIRECTION('',(0.,0.,1.));
#963 = ORIENTED_EDGE('',*,*,#964,.T.);
#964 = EDGE_CURVE('',#955,#965,#967,.T.);
#965 = VERTEX_POINT('',#966);
#966 = CARTESIAN_POINT('',(407.,287.,0.));
#967 = LINE('',#968,#969);
#968 = CARTESIAN_POINT('',(407.,1.5,0.));
#969 = VECTOR('',#970,1.);
#970 = DIRECTION('',(0.,1.,0.));
#971 = ORIENTED_EDGE('',*,*,#972,.T.);
#972 = EDGE_CURVE('',#965,#973,#975,.T.);
#973 = VERTEX_POINT('',#974);
#974 = CARTESIAN_POINT('',(407.,287.,30.));
#975 = LINE('',#976,#977);
#976 = CARTESIAN_POINT('',(407.,287.,0.));
#977 = VECTOR('',#978,1.);
#978 = DIRECTION('',(0.,0.,1.));
#979 = ORIENTED_EDGE('',*,*,#980,.F.);
#980 = EDGE_CURVE('',#981,#973,#983,.T.);
#981 = VERTEX_POINT('',#982);
#982 = CARTESIAN_POINT('',(407.,265.,30.));
#983 = LINE('',#984,#985);
#984 = CARTESIAN_POINT('',(407.,3.,30.));
#985 = VECTOR('',#986,1.);
#986 = DIRECTION('',(0.,1.,0.));
#987 = ORIENTED_EDGE('',*,*,#988,.F.);
#988 = EDGE_CURVE('',#924,#981,#989,.T.);
#989 = LINE('',#990,#991);
#990 = CARTESIAN_POINT('',(407.,265.,3.));
#991 = VECTOR('',#992,1.);
#992 = DIRECTION('',(0.,0.,1.));
#993 = ORIENTED_EDGE('',*,*,#931,.T.);
#994 = ORIENTED_EDGE('',*,*,#995,.T.);
#995 = EDGE_CURVE('',#932,#996,#998,.T.);
#996 = VERTEX_POINT('',#997);
#997 = CARTESIAN_POINT('',(407.,85.,30.));
#998 = LINE('',#999,#1000);
#999 = CARTESIAN_POINT('',(407.,85.,3.));
#1000 = VECTOR('',#1001,1.);
#1001 = DIRECTION('',(0.,0.,1.));
#1002 = ORIENTED_EDGE('',*,*,#1003,.F.);
#1003 = EDGE_CURVE('',#957,#996,#1004,.T.);
#1004 = LINE('',#1005,#1006);
#1005 = CARTESIAN_POINT('',(407.,3.,30.));
#1006 = VECTOR('',#1007,1.);
#1007 = DIRECTION('',(0.,1.,0.));
#1008 = PLANE('',#1009);
#1009 = AXIS2_PLACEMENT_3D('',#1010,#1011,#1012);
#1010 = CARTESIAN_POINT('',(407.,3.,-1.));
#1011 = DIRECTION('',(1.,0.,0.));
#1012 = DIRECTION('',(0.,0.,1.));
#1013 = ADVANCED_FACE('',(#1014),#1033,.F.);
#1014 = FACE_BOUND('',#1015,.F.);
#1015 = EDGE_LOOP('',(#1016,#1017,#1018,#1026,#1032));
#1016 = ORIENTED_EDGE('',*,*,#923,.F.);
#1017 = ORIENTED_EDGE('',*,*,#988,.T.);
#1018 = ORIENTED_EDGE('',*,*,#1019,.T.);
#1019 = EDGE_CURVE('',#981,#1020,#1022,.T.);
#1020 = VERTEX_POINT('',#1021);
#1021 = CARTESIAN_POINT('',(407.,265.,31.));
#1022 = LINE('',#1023,#1024);
#1023 = CARTESIAN_POINT('',(407.,265.,3.));
#1024 = VECTOR('',#1025,1.);
#1025 = DIRECTION('',(0.,0.,1.));
#1026 = ORIENTED_EDGE('',*,*,#1027,.T.);
#1027 = EDGE_CURVE('',#1020,#418,#1028,.T.);
#1028 = LINE('',#1029,#1030);
#1029 = CARTESIAN_POINT('',(-1.,265.,31.));
#1030 = VECTOR('',#1031,1.);
#1031 = DIRECTION('',(1.,0.,0.));
#1032 = ORIENTED_EDGE('',*,*,#425,.F.);
#1033 = PLANE('',#1034);
#1034 = AXIS2_PLACEMENT_3D('',#1035,#1036,#1037);
#1035 = CARTESIAN_POINT('',(-1.,265.,7.));
#1036 = DIRECTION('',(0.,1.,0.));
#1037 = DIRECTION('',(0.,0.,1.));
#1038 = ADVANCED_FACE('',(#1039),#1057,.F.);
#1039 = FACE_BOUND('',#1040,.F.);
#1040 = EDGE_LOOP('',(#1041,#1042,#1050,#1056));
#1041 = ORIENTED_EDGE('',*,*,#1027,.F.);
#1042 = ORIENTED_EDGE('',*,*,#1043,.T.);
#1043 = EDGE_CURVE('',#1020,#1044,#1046,.T.);
#1044 = VERTEX_POINT('',#1045);
#1045 = CARTESIAN_POINT('',(407.,85.,31.));
#1046 = LINE('',#1047,#1048);
#1047 = CARTESIAN_POINT('',(407.,44.,31.));
#1048 = VECTOR('',#1049,1.);
#1049 = DIRECTION('',(0.,-1.,0.));
#1050 = ORIENTED_EDGE('',*,*,#1051,.T.);
#1051 = EDGE_CURVE('',#1044,#410,#1052,.T.);
#1052 = LINE('',#1053,#1054);
#1053 = CARTESIAN_POINT('',(-1.,85.,31.));
#1054 = VECTOR('',#1055,1.);
#1055 = DIRECTION('',(1.,0.,0.));
#1056 = ORIENTED_EDGE('',*,*,#417,.F.);
#1057 = PLANE('',#1058);
#1058 = AXIS2_PLACEMENT_3D('',#1059,#1060,#1061);
#1059 = CARTESIAN_POINT('',(-1.,85.,31.));
#1060 = DIRECTION('',(0.,0.,1.));
#1061 = DIRECTION('',(1.,0.,0.));
#1062 = ADVANCED_FACE('',(#1063),#1075,.T.);
#1063 = FACE_BOUND('',#1064,.T.);
#1064 = EDGE_LOOP('',(#1065,#1066,#1067,#1073,#1074));
#1065 = ORIENTED_EDGE('',*,*,#939,.F.);
#1066 = ORIENTED_EDGE('',*,*,#995,.T.);
#1067 = ORIENTED_EDGE('',*,*,#1068,.T.);
#1068 = EDGE_CURVE('',#996,#1044,#1069,.T.);
#1069 = LINE('',#1070,#1071);
#1070 = CARTESIAN_POINT('',(407.,85.,3.));
#1071 = VECTOR('',#1072,1.);
#1072 = DIRECTION('',(0.,0.,1.));
#1073 = ORIENTED_EDGE('',*,*,#1051,.T.);
#1074 = ORIENTED_EDGE('',*,*,#409,.F.);
#1075 = PLANE('',#1076);
#1076 = AXIS2_PLACEMENT_3D('',#1077,#1078,#1079);
#1077 = CARTESIAN_POINT('',(-1.,85.,7.));
#1078 = DIRECTION('',(0.,1.,0.));
#1079 = DIRECTION('',(0.,0.,1.));
#1080 = ADVANCED_FACE('',(#1081),#1092,.F.);
#1081 = FACE_BOUND('',#1082,.F.);
#1082 = EDGE_LOOP('',(#1083,#1089,#1090,#1091));
#1083 = ORIENTED_EDGE('',*,*,#1084,.F.);
#1084 = EDGE_CURVE('',#530,#481,#1085,.T.);
#1085 = LINE('',#1086,#1087);
#1086 = CARTESIAN_POINT('',(3.,3.,30.));
#1087 = VECTOR('',#1088,1.);
#1088 = DIRECTION('',(1.,0.,0.));
#1089 = ORIENTED_EDGE('',*,*,#537,.F.);
#1090 = ORIENTED_EDGE('',*,*,#456,.T.);
#1091 = ORIENTED_EDGE('',*,*,#488,.T.);
#1092 = PLANE('',#1093);
#1093 = AXIS2_PLACEMENT_3D('',#1094,#1095,#1096);
#1094 = CARTESIAN_POINT('',(3.,3.,30.));
#1095 = DIRECTION('',(0.,1.,0.));
#1096 = DIRECTION('',(0.,0.,1.));
#1097 = ADVANCED_FACE('',(#1098),#1139,.F.);
#1098 = FACE_BOUND('',#1099,.F.);
#1099 = EDGE_LOOP('',(#1100,#1101,#1109,#1117,#1125,#1133));
#1100 = ORIENTED_EDGE('',*,*,#647,.F.);
#1101 = ORIENTED_EDGE('',*,*,#1102,.T.);
#1102 = EDGE_CURVE('',#648,#1103,#1105,.T.);
#1103 = VERTEX_POINT('',#1104);
#1104 = CARTESIAN_POINT('',(347.,63.,0.));
#1105 = LINE('',#1106,#1107);
#1106 = CARTESIAN_POINT('',(347.,3.,0.));
#1107 = VECTOR('',#1108,1.);
#1108 = DIRECTION('',(0.,1.,0.));
#1109 = ORIENTED_EDGE('',*,*,#1110,.T.);
#1110 = EDGE_CURVE('',#1103,#1111,#1113,.T.);
#1111 = VERTEX_POINT('',#1112);
#1112 = CARTESIAN_POINT('',(347.,63.,37.));
#1113 = LINE('',#1114,#1115);
#1114 = CARTESIAN_POINT('',(347.,63.,0.));
#1115 = VECTOR('',#1116,1.);
#1116 = DIRECTION('',(0.,0.,1.));
#1117 = ORIENTED_EDGE('',*,*,#1118,.F.);
#1118 = EDGE_CURVE('',#1119,#1111,#1121,.T.);
#1119 = VERTEX_POINT('',#1120);
#1120 = CARTESIAN_POINT('',(347.,23.,37.));
#1121 = LINE('',#1122,#1123);
#1122 = CARTESIAN_POINT('',(347.,3.,37.));
#1123 = VECTOR('',#1124,1.);
#1124 = DIRECTION('',(0.,1.,0.));
#1125 = ORIENTED_EDGE('',*,*,#1126,.T.);
#1126 = EDGE_CURVE('',#1119,#1127,#1129,.T.);
#1127 = VERTEX_POINT('',#1128);
#1128 = CARTESIAN_POINT('',(347.,23.,30.));
#1129 = LINE('',#1130,#1131);
#1130 = CARTESIAN_POINT('',(347.,23.,14.5));
#1131 = VECTOR('',#1132,1.);
#1132 = DIRECTION('',(0.,0.,-1.));
#1133 = ORIENTED_EDGE('',*,*,#1134,.F.);
#1134 = EDGE_CURVE('',#650,#1127,#1135,.T.);
#1135 = LINE('',#1136,#1137);
#1136 = CARTESIAN_POINT('',(347.,3.,30.));
#1137 = VECTOR('',#1138,1.);
#1138 = DIRECTION('',(0.,1.,0.));
#1139 = PLANE('',#1140);
#1140 = AXIS2_PLACEMENT_3D('',#1141,#1142,#1143);
#1141 = CARTESIAN_POINT('',(347.,3.,0.));
#1142 = DIRECTION('',(1.,0.,0.));
#1143 = DIRECTION('',(0.,0.,1.));
#1144 = ADVANCED_FACE('',(#1145),#1177,.T.);
#1145 = FACE_BOUND('',#1146,.T.);
#1146 = EDGE_LOOP('',(#1147,#1153,#1154,#1162,#1170,#1176));
#1147 = ORIENTED_EDGE('',*,*,#1148,.F.);
#1148 = EDGE_CURVE('',#1103,#955,#1149,.T.);
#1149 = LINE('',#1150,#1151);
#1150 = CARTESIAN_POINT('',(347.,63.,0.));
#1151 = VECTOR('',#1152,1.);
#1152 = DIRECTION('',(1.,0.,0.));
#1153 = ORIENTED_EDGE('',*,*,#1110,.T.);
#1154 = ORIENTED_EDGE('',*,*,#1155,.T.);
#1155 = EDGE_CURVE('',#1111,#1156,#1158,.T.);
#1156 = VERTEX_POINT('',#1157);
#1157 = CARTESIAN_POINT('',(387.,63.,37.));
#1158 = LINE('',#1159,#1160);
#1159 = CARTESIAN_POINT('',(347.,63.,37.));
#1160 = VECTOR('',#1161,1.);
#1161 = DIRECTION('',(1.,0.,0.));
#1162 = ORIENTED_EDGE('',*,*,#1163,.F.);
#1163 = EDGE_CURVE('',#1164,#1156,#1166,.T.);
#1164 = VERTEX_POINT('',#1165);
#1165 = CARTESIAN_POINT('',(387.,63.,30.));
#1166 = LINE('',#1167,#1168);
#1167 = CARTESIAN_POINT('',(387.,63.,14.5));
#1168 = VECTOR('',#1169,1.);
#1169 = DIRECTION('',(0.,0.,1.));
#1170 = ORIENTED_EDGE('',*,*,#1171,.F.);
#1171 = EDGE_CURVE('',#957,#1164,#1172,.T.);
#1172 = LINE('',#1173,#1174);
#1173 = CARTESIAN_POINT('',(175.,63.,30.));
#1174 = VECTOR('',#1175,1.);
#1175 = DIRECTION('',(-1.,0.,0.));
#1176 = ORIENTED_EDGE('',*,*,#954,.F.);
#1177 = PLANE('',#1178);
#1178 = AXIS2_PLACEMENT_3D('',#1179,#1180,#1181);
#1179 = CARTESIAN_POINT('',(347.,63.,0.));
#1180 = DIRECTION('',(0.,1.,0.));
#1181 = DIRECTION('',(0.,0.,1.));
#1182 = ADVANCED_FACE('',(#1183),#1203,.F.);
#1183 = FACE_BOUND('',#1184,.F.);
#1184 = EDGE_LOOP('',(#1185,#1186,#1194,#1200,#1201,#1202));
#1185 = ORIENTED_EDGE('',*,*,#1134,.T.);
#1186 = ORIENTED_EDGE('',*,*,#1187,.T.);
#1187 = EDGE_CURVE('',#1127,#1188,#1190,.T.);
#1188 = VERTEX_POINT('',#1189);
#1189 = CARTESIAN_POINT('',(63.,23.,30.));
#1190 = LINE('',#1191,#1192);
#1191 = CARTESIAN_POINT('',(13.,23.,30.));
#1192 = VECTOR('',#1193,1.);
#1193 = DIRECTION('',(-1.,0.,0.));
#1194 = ORIENTED_EDGE('',*,*,#1195,.F.);
#1195 = EDGE_CURVE('',#666,#1188,#1196,.T.);
#1196 = LINE('',#1197,#1198);
#1197 = CARTESIAN_POINT('',(63.,3.,30.));
#1198 = VECTOR('',#1199,1.);
#1199 = DIRECTION('',(0.,1.,0.));
#1200 = ORIENTED_EDGE('',*,*,#673,.T.);
#1201 = ORIENTED_EDGE('',*,*,#1084,.T.);
#1202 = ORIENTED_EDGE('',*,*,#682,.T.);
#1203 = PLANE('',#1204);
#1204 = AXIS2_PLACEMENT_3D('',#1205,#1206,#1207);
#1205 = CARTESIAN_POINT('',(3.,3.,30.));
#1206 = DIRECTION('',(0.,0.,1.));
#1207 = DIRECTION('',(1.,0.,0.));
#1208 = ADVANCED_FACE('',(#1209),#1243,.T.);
#1209 = FACE_BOUND('',#1210,.T.);
#1210 = EDGE_LOOP('',(#1211,#1212,#1220,#1228,#1236,#1242));
#1211 = ORIENTED_EDGE('',*,*,#665,.F.);
#1212 = ORIENTED_EDGE('',*,*,#1213,.T.);
#1213 = EDGE_CURVE('',#658,#1214,#1216,.T.);
#1214 = VERTEX_POINT('',#1215);
#1215 = CARTESIAN_POINT('',(63.,63.,0.));
#1216 = LINE('',#1217,#1218);
#1217 = CARTESIAN_POINT('',(63.,3.,0.));
#1218 = VECTOR('',#1219,1.);
#1219 = DIRECTION('',(0.,1.,0.));
#1220 = ORIENTED_EDGE('',*,*,#1221,.T.);
#1221 = EDGE_CURVE('',#1214,#1222,#1224,.T.);
#1222 = VERTEX_POINT('',#1223);
#1223 = CARTESIAN_POINT('',(63.,63.,37.));
#1224 = LINE('',#1225,#1226);
#1225 = CARTESIAN_POINT('',(63.,63.,0.));
#1226 = VECTOR('',#1227,1.);
#1227 = DIRECTION('',(0.,0.,1.));
#1228 = ORIENTED_EDGE('',*,*,#1229,.F.);
#1229 = EDGE_CURVE('',#1230,#1222,#1232,.T.);
#1230 = VERTEX_POINT('',#1231);
#1231 = CARTESIAN_POINT('',(63.,23.,37.));
#1232 = LINE('',#1233,#1234);
#1233 = CARTESIAN_POINT('',(63.,3.,37.));
#1234 = VECTOR('',#1235,1.);
#1235 = DIRECTION('',(0.,1.,0.));
#1236 = ORIENTED_EDGE('',*,*,#1237,.T.);
#1237 = EDGE_CURVE('',#1230,#1188,#1238,.T.);
#1238 = LINE('',#1239,#1240);
#1239 = CARTESIAN_POINT('',(63.,23.,14.5));
#1240 = VECTOR('',#1241,1.);
#1241 = DIRECTION('',(0.,0.,-1.));
#1242 = ORIENTED_EDGE('',*,*,#1195,.F.);
#1243 = PLANE('',#1244);
#1244 = AXIS2_PLACEMENT_3D('',#1245,#1246,#1247);
#1245 = CARTESIAN_POINT('',(63.,3.,0.));
#1246 = DIRECTION('',(1.,0.,0.));
#1247 = DIRECTION('',(0.,0.,1.));
#1248 = ADVANCED_FACE('',(#1249),#1281,.T.);
#1249 = FACE_BOUND('',#1250,.T.);
#1250 = EDGE_LOOP('',(#1251,#1257,#1258,#1266,#1274,#1280));
#1251 = ORIENTED_EDGE('',*,*,#1252,.F.);
#1252 = EDGE_CURVE('',#697,#1214,#1253,.T.);
#1253 = LINE('',#1254,#1255);
#1254 = CARTESIAN_POINT('',(3.,63.,0.));
#1255 = VECTOR('',#1256,1.);
#1256 = DIRECTION('',(1.,0.,0.));
#1257 = ORIENTED_EDGE('',*,*,#696,.T.);
#1258 = ORIENTED_EDGE('',*,*,#1259,.F.);
#1259 = EDGE_CURVE('',#1260,#699,#1262,.T.);
#1260 = VERTEX_POINT('',#1261);
#1261 = CARTESIAN_POINT('',(23.,63.,30.));
#1262 = LINE('',#1263,#1264);
#1263 = CARTESIAN_POINT('',(3.,63.,30.));
#1264 = VECTOR('',#1265,1.);
#1265 = DIRECTION('',(-1.,0.,0.));
#1266 = ORIENTED_EDGE('',*,*,#1267,.T.);
#1267 = EDGE_CURVE('',#1260,#1268,#1270,.T.);
#1268 = VERTEX_POINT('',#1269);
#1269 = CARTESIAN_POINT('',(23.,63.,37.));
#1270 = LINE('',#1271,#1272);
#1271 = CARTESIAN_POINT('',(23.,63.,14.5));
#1272 = VECTOR('',#1273,1.);
#1273 = DIRECTION('',(0.,0.,1.));
#1274 = ORIENTED_EDGE('',*,*,#1275,.T.);
#1275 = EDGE_CURVE('',#1268,#1222,#1276,.T.);
#1276 = LINE('',#1277,#1278);
#1277 = CARTESIAN_POINT('',(3.,63.,37.));
#1278 = VECTOR('',#1279,1.);
#1279 = DIRECTION('',(1.,0.,0.));
#1280 = ORIENTED_EDGE('',*,*,#1221,.F.);
#1281 = PLANE('',#1282);
#1282 = AXIS2_PLACEMENT_3D('',#1283,#1284,#1285);
#1283 = CARTESIAN_POINT('',(3.,63.,0.));
#1284 = DIRECTION('',(0.,1.,0.));
#1285 = DIRECTION('',(0.,0.,1.));
#1286 = ADVANCED_FACE('',(#1287),#1312,.F.);
#1287 = FACE_BOUND('',#1288,.F.);
#1288 = EDGE_LOOP('',(#1289,#1297,#1303,#1304,#1305,#1311));
#1289 = ORIENTED_EDGE('',*,*,#1290,.T.);
#1290 = EDGE_CURVE('',#973,#1291,#1293,.T.);
#1291 = VERTEX_POINT('',#1292);
#1292 = CARTESIAN_POINT('',(387.,287.,30.));
#1293 = LINE('',#1294,#1295);
#1294 = CARTESIAN_POINT('',(175.,287.,30.));
#1295 = VECTOR('',#1296,1.);
#1296 = DIRECTION('',(-1.,0.,0.));
#1297 = ORIENTED_EDGE('',*,*,#1298,.F.);
#1298 = EDGE_CURVE('',#1164,#1291,#1299,.T.);
#1299 = LINE('',#1300,#1301);
#1300 = CARTESIAN_POINT('',(387.,13.,30.));
#1301 = VECTOR('',#1302,1.);
#1302 = DIRECTION('',(0.,1.,0.));
#1303 = ORIENTED_EDGE('',*,*,#1171,.F.);
#1304 = ORIENTED_EDGE('',*,*,#1003,.T.);
#1305 = ORIENTED_EDGE('',*,*,#1306,.T.);
#1306 = EDGE_CURVE('',#996,#981,#1307,.T.);
#1307 = LINE('',#1308,#1309);
#1308 = CARTESIAN_POINT('',(407.,3.,30.));
#1309 = VECTOR('',#1310,1.);
#1310 = DIRECTION('',(0.,1.,0.));
#1311 = ORIENTED_EDGE('',*,*,#980,.T.);
#1312 = PLANE('',#1313);
#1313 = AXIS2_PLACEMENT_3D('',#1314,#1315,#1316);
#1314 = CARTESIAN_POINT('',(3.,3.,30.));
#1315 = DIRECTION('',(0.,0.,1.));
#1316 = DIRECTION('',(1.,0.,0.));
#1317 = ADVANCED_FACE('',(#1318),#1352,.F.);
#1318 = FACE_BOUND('',#1319,.F.);
#1319 = EDGE_LOOP('',(#1320,#1328,#1336,#1344,#1350,#1351));
#1320 = ORIENTED_EDGE('',*,*,#1321,.F.);
#1321 = EDGE_CURVE('',#1322,#965,#1324,.T.);
#1322 = VERTEX_POINT('',#1323);
#1323 = CARTESIAN_POINT('',(347.,287.,0.));
#1324 = LINE('',#1325,#1326);
#1325 = CARTESIAN_POINT('',(347.,287.,0.));
#1326 = VECTOR('',#1327,1.);
#1327 = DIRECTION('',(1.,0.,0.));
#1328 = ORIENTED_EDGE('',*,*,#1329,.T.);
#1329 = EDGE_CURVE('',#1322,#1330,#1332,.T.);
#1330 = VERTEX_POINT('',#1331);
#1331 = CARTESIAN_POINT('',(347.,287.,37.));
#1332 = LINE('',#1333,#1334);
#1333 = CARTESIAN_POINT('',(347.,287.,0.));
#1334 = VECTOR('',#1335,1.);
#1335 = DIRECTION('',(0.,0.,1.));
#1336 = ORIENTED_EDGE('',*,*,#1337,.T.);
#1337 = EDGE_CURVE('',#1330,#1338,#1340,.T.);
#1338 = VERTEX_POINT('',#1339);
#1339 = CARTESIAN_POINT('',(387.,287.,37.));
#1340 = LINE('',#1341,#1342);
#1341 = CARTESIAN_POINT('',(347.,287.,37.));
#1342 = VECTOR('',#1343,1.);
#1343 = DIRECTION('',(1.,0.,0.));
#1344 = ORIENTED_EDGE('',*,*,#1345,.F.);
#1345 = EDGE_CURVE('',#1291,#1338,#1346,.T.);
#1346 = LINE('',#1347,#1348);
#1347 = CARTESIAN_POINT('',(387.,287.,14.5));
#1348 = VECTOR('',#1349,1.);
#1349 = DIRECTION('',(0.,0.,1.));
#1350 = ORIENTED_EDGE('',*,*,#1290,.F.);
#1351 = ORIENTED_EDGE('',*,*,#972,.F.);
#1352 = PLANE('',#1353);
#1353 = AXIS2_PLACEMENT_3D('',#1354,#1355,#1356);
#1354 = CARTESIAN_POINT('',(347.,287.,0.));
#1355 = DIRECTION('',(0.,1.,0.));
#1356 = DIRECTION('',(0.,0.,1.));
#1357 = ADVANCED_FACE('',(#1358),#1390,.F.);
#1358 = FACE_BOUND('',#1359,.F.);
#1359 = EDGE_LOOP('',(#1360,#1368,#1369,#1375,#1376,#1384));
#1360 = ORIENTED_EDGE('',*,*,#1361,.F.);
#1361 = EDGE_CURVE('',#1330,#1362,#1364,.T.);
#1362 = VERTEX_POINT('',#1363);
#1363 = CARTESIAN_POINT('',(347.,327.,37.));
#1364 = LINE('',#1365,#1366);
#1365 = CARTESIAN_POINT('',(347.,287.,37.));
#1366 = VECTOR('',#1367,1.);
#1367 = DIRECTION('',(0.,1.,0.));
#1368 = ORIENTED_EDGE('',*,*,#1329,.F.);
#1369 = ORIENTED_EDGE('',*,*,#1370,.T.);
#1370 = EDGE_CURVE('',#1322,#809,#1371,.T.);
#1371 = LINE('',#1372,#1373);
#1372 = CARTESIAN_POINT('',(347.,287.,0.));
#1373 = VECTOR('',#1374,1.);
#1374 = DIRECTION('',(0.,1.,0.));
#1375 = ORIENTED_EDGE('',*,*,#808,.T.);
#1376 = ORIENTED_EDGE('',*,*,#1377,.F.);
#1377 = EDGE_CURVE('',#1378,#811,#1380,.T.);
#1378 = VERTEX_POINT('',#1379);
#1379 = CARTESIAN_POINT('',(347.,327.,30.));
#1380 = LINE('',#1381,#1382);
#1381 = CARTESIAN_POINT('',(347.,145.,30.));
#1382 = VECTOR('',#1383,1.);
#1383 = DIRECTION('',(0.,1.,0.));
#1384 = ORIENTED_EDGE('',*,*,#1385,.F.);
#1385 = EDGE_CURVE('',#1362,#1378,#1386,.T.);
#1386 = LINE('',#1387,#1388);
#1387 = CARTESIAN_POINT('',(347.,327.,14.5));
#1388 = VECTOR('',#1389,1.);
#1389 = DIRECTION('',(0.,0.,-1.));
#1390 = PLANE('',#1391);
#1391 = AXIS2_PLACEMENT_3D('',#1392,#1393,#1394);
#1392 = CARTESIAN_POINT('',(347.,287.,0.));
#1393 = DIRECTION('',(1.,0.,0.));
#1394 = DIRECTION('',(0.,0.,1.));
#1395 = ADVANCED_FACE('',(#1396),#1421,.F.);
#1396 = FACE_BOUND('',#1397,.F.);
#1397 = EDGE_LOOP('',(#1398,#1406,#1412,#1413,#1414,#1420));
#1398 = ORIENTED_EDGE('',*,*,#1399,.F.);
#1399 = EDGE_CURVE('',#1400,#827,#1402,.T.);
#1400 = VERTEX_POINT('',#1401);
#1401 = CARTESIAN_POINT('',(63.,327.,30.));
#1402 = LINE('',#1403,#1404);
#1403 = CARTESIAN_POINT('',(63.,145.,30.));
#1404 = VECTOR('',#1405,1.);
#1405 = DIRECTION('',(0.,1.,0.));
#1406 = ORIENTED_EDGE('',*,*,#1407,.F.);
#1407 = EDGE_CURVE('',#1378,#1400,#1408,.T.);
#1408 = LINE('',#1409,#1410);
#1409 = CARTESIAN_POINT('',(13.,327.,30.));
#1410 = VECTOR('',#1411,1.);
#1411 = DIRECTION('',(-1.,0.,0.));
#1412 = ORIENTED_EDGE('',*,*,#1377,.T.);
#1413 = ORIENTED_EDGE('',*,*,#857,.F.);
#1414 = ORIENTED_EDGE('',*,*,#1415,.F.);
#1415 = EDGE_CURVE('',#835,#778,#1416,.T.);
#1416 = LINE('',#1417,#1418);
#1417 = CARTESIAN_POINT('',(3.,347.,30.));
#1418 = VECTOR('',#1419,1.);
#1419 = DIRECTION('',(1.,0.,0.));
#1420 = ORIENTED_EDGE('',*,*,#834,.F.);
#1421 = PLANE('',#1422);
#1422 = AXIS2_PLACEMENT_3D('',#1423,#1424,#1425);
#1423 = CARTESIAN_POINT('',(3.,3.,30.));
#1424 = DIRECTION('',(0.,0.,1.));
#1425 = DIRECTION('',(1.,0.,0.));
#1426 = ADVANCED_FACE('',(#1427),#1461,.T.);
#1427 = FACE_BOUND('',#1428,.T.);
#1428 = EDGE_LOOP('',(#1429,#1439,#1447,#1453,#1454,#1455));
#1429 = ORIENTED_EDGE('',*,*,#1430,.F.);
#1430 = EDGE_CURVE('',#1431,#1433,#1435,.T.);
#1431 = VERTEX_POINT('',#1432);
#1432 = CARTESIAN_POINT('',(63.,287.,37.));
#1433 = VERTEX_POINT('',#1434);
#1434 = CARTESIAN_POINT('',(63.,327.,37.));
#1435 = LINE('',#1436,#1437);
#1436 = CARTESIAN_POINT('',(63.,287.,37.));
#1437 = VECTOR('',#1438,1.);
#1438 = DIRECTION('',(0.,1.,0.));
#1439 = ORIENTED_EDGE('',*,*,#1440,.F.);
#1440 = EDGE_CURVE('',#1441,#1431,#1443,.T.);
#1441 = VERTEX_POINT('',#1442);
#1442 = CARTESIAN_POINT('',(63.,287.,0.));
#1443 = LINE('',#1444,#1445);
#1444 = CARTESIAN_POINT('',(63.,287.,0.));
#1445 = VECTOR('',#1446,1.);
#1446 = DIRECTION('',(0.,0.,1.));
#1447 = ORIENTED_EDGE('',*,*,#1448,.T.);
#1448 = EDGE_CURVE('',#1441,#819,#1449,.T.);
#1449 = LINE('',#1450,#1451);
#1450 = CARTESIAN_POINT('',(63.,287.,0.));
#1451 = VECTOR('',#1452,1.);
#1452 = DIRECTION('',(0.,1.,0.));
#1453 = ORIENTED_EDGE('',*,*,#826,.T.);
#1454 = ORIENTED_EDGE('',*,*,#1399,.F.);
#1455 = ORIENTED_EDGE('',*,*,#1456,.F.);
#1456 = EDGE_CURVE('',#1433,#1400,#1457,.T.);
#1457 = LINE('',#1458,#1459);
#1458 = CARTESIAN_POINT('',(63.,327.,14.5));
#1459 = VECTOR('',#1460,1.);
#1460 = DIRECTION('',(0.,0.,-1.));
#1461 = PLANE('',#1462);
#1462 = AXIS2_PLACEMENT_3D('',#1463,#1464,#1465);
#1463 = CARTESIAN_POINT('',(63.,287.,0.));
#1464 = DIRECTION('',(1.,0.,0.));
#1465 = DIRECTION('',(0.,0.,1.));
#1466 = ADVANCED_FACE('',(#1467),#1499,.F.);
#1467 = FACE_BOUND('',#1468,.F.);
#1468 = EDGE_LOOP('',(#1469,#1475,#1476,#1484,#1492,#1498));
#1469 = ORIENTED_EDGE('',*,*,#1470,.F.);
#1470 = EDGE_CURVE('',#707,#1441,#1471,.T.);
#1471 = LINE('',#1472,#1473);
#1472 = CARTESIAN_POINT('',(3.,287.,0.));
#1473 = VECTOR('',#1474,1.);
#1474 = DIRECTION('',(1.,0.,0.));
#1475 = ORIENTED_EDGE('',*,*,#714,.T.);
#1476 = ORIENTED_EDGE('',*,*,#1477,.F.);
#1477 = EDGE_CURVE('',#1478,#715,#1480,.T.);
#1478 = VERTEX_POINT('',#1479);
#1479 = CARTESIAN_POINT('',(23.,287.,30.));
#1480 = LINE('',#1481,#1482);
#1481 = CARTESIAN_POINT('',(3.,287.,30.));
#1482 = VECTOR('',#1483,1.);
#1483 = DIRECTION('',(-1.,0.,0.));
#1484 = ORIENTED_EDGE('',*,*,#1485,.T.);
#1485 = EDGE_CURVE('',#1478,#1486,#1488,.T.);
#1486 = VERTEX_POINT('',#1487);
#1487 = CARTESIAN_POINT('',(23.,287.,37.));
#1488 = LINE('',#1489,#1490);
#1489 = CARTESIAN_POINT('',(23.,287.,14.5));
#1490 = VECTOR('',#1491,1.);
#1491 = DIRECTION('',(0.,0.,1.));
#1492 = ORIENTED_EDGE('',*,*,#1493,.T.);
#1493 = EDGE_CURVE('',#1486,#1431,#1494,.T.);
#1494 = LINE('',#1495,#1496);
#1495 = CARTESIAN_POINT('',(3.,287.,37.));
#1496 = VECTOR('',#1497,1.);
#1497 = DIRECTION('',(1.,0.,0.));
#1498 = ORIENTED_EDGE('',*,*,#1440,.F.);
#1499 = PLANE('',#1500);
#1500 = AXIS2_PLACEMENT_3D('',#1501,#1502,#1503);
#1501 = CARTESIAN_POINT('',(3.,287.,0.));
#1502 = DIRECTION('',(0.,1.,0.));
#1503 = DIRECTION('',(0.,0.,1.));
#1504 = ADVANCED_FACE('',(#1505),#1518,.F.);
#1505 = FACE_BOUND('',#1506,.F.);
#1506 = EDGE_LOOP('',(#1507,#1508,#1509,#1515,#1516,#1517));
#1507 = ORIENTED_EDGE('',*,*,#731,.F.);
#1508 = ORIENTED_EDGE('',*,*,#1259,.F.);
#1509 = ORIENTED_EDGE('',*,*,#1510,.T.);
#1510 = EDGE_CURVE('',#1260,#1478,#1511,.T.);
#1511 = LINE('',#1512,#1513);
#1512 = CARTESIAN_POINT('',(23.,13.,30.));
#1513 = VECTOR('',#1514,1.);
#1514 = DIRECTION('',(0.,1.,0.));
#1515 = ORIENTED_EDGE('',*,*,#1477,.T.);
#1516 = ORIENTED_EDGE('',*,*,#722,.F.);
#1517 = ORIENTED_EDGE('',*,*,#907,.F.);
#1518 = PLANE('',#1519);
#1519 = AXIS2_PLACEMENT_3D('',#1520,#1521,#1522);
#1520 = CARTESIAN_POINT('',(3.,3.,30.));
#1521 = DIRECTION('',(0.,0.,1.));
#1522 = DIRECTION('',(1.,0.,0.));
#1523 = ADVANCED_FACE('',(#1524),#1530,.T.);
#1524 = FACE_BOUND('',#1525,.T.);
#1525 = EDGE_LOOP('',(#1526,#1527,#1528,#1529));
#1526 = ORIENTED_EDGE('',*,*,#1415,.F.);
#1527 = ORIENTED_EDGE('',*,*,#889,.F.);
#1528 = ORIENTED_EDGE('',*,*,#753,.T.);
#1529 = ORIENTED_EDGE('',*,*,#777,.T.);
#1530 = PLANE('',#1531);
#1531 = AXIS2_PLACEMENT_3D('',#1532,#1533,#1534);
#1532 = CARTESIAN_POINT('',(3.,347.,30.));
#1533 = DIRECTION('',(0.,1.,0.));
#1534 = DIRECTION('',(0.,0.,1.));
#1535 = ADVANCED_FACE('',(#1536),#1542,.T.);
#1536 = FACE_BOUND('',#1537,.T.);
#1537 = EDGE_LOOP('',(#1538,#1539,#1540,#1541));
#1538 = ORIENTED_EDGE('',*,*,#1068,.F.);
#1539 = ORIENTED_EDGE('',*,*,#1306,.T.);
#1540 = ORIENTED_EDGE('',*,*,#1019,.T.);
#1541 = ORIENTED_EDGE('',*,*,#1043,.T.);
#1542 = PLANE('',#1543);
#1543 = AXIS2_PLACEMENT_3D('',#1544,#1545,#1546);
#1544 = CARTESIAN_POINT('',(407.,3.,30.));
#1545 = DIRECTION('',(1.,0.,0.));
#1546 = DIRECTION('',(0.,0.,1.));
#1547 = ADVANCED_FACE('',(#1548),#1559,.T.);
#1548 = FACE_BOUND('',#1549,.T.);
#1549 = EDGE_LOOP('',(#1550,#1551,#1552,#1553));
#1550 = ORIENTED_EDGE('',*,*,#1126,.T.);
#1551 = ORIENTED_EDGE('',*,*,#1187,.T.);
#1552 = ORIENTED_EDGE('',*,*,#1237,.F.);
#1553 = ORIENTED_EDGE('',*,*,#1554,.F.);
#1554 = EDGE_CURVE('',#1119,#1230,#1555,.T.);
#1555 = LINE('',#1556,#1557);
#1556 = CARTESIAN_POINT('',(13.,23.,37.));
#1557 = VECTOR('',#1558,1.);
#1558 = DIRECTION('',(-1.,0.,0.));
#1559 = PLANE('',#1560);
#1560 = AXIS2_PLACEMENT_3D('',#1561,#1562,#1563);
#1561 = CARTESIAN_POINT('',(23.,23.,29.));
#1562 = DIRECTION('',(0.,1.,0.));
#1563 = DIRECTION('',(0.,0.,1.));
#1564 = ADVANCED_FACE('',(#1565),#1576,.F.);
#1565 = FACE_BOUND('',#1566,.F.);
#1566 = EDGE_LOOP('',(#1567,#1568,#1569,#1570));
#1567 = ORIENTED_EDGE('',*,*,#1163,.F.);
#1568 = ORIENTED_EDGE('',*,*,#1298,.T.);
#1569 = ORIENTED_EDGE('',*,*,#1345,.T.);
#1570 = ORIENTED_EDGE('',*,*,#1571,.F.);
#1571 = EDGE_CURVE('',#1156,#1338,#1572,.T.);
#1572 = LINE('',#1573,#1574);
#1573 = CARTESIAN_POINT('',(387.,13.,37.));
#1574 = VECTOR('',#1575,1.);
#1575 = DIRECTION('',(0.,1.,0.));
#1576 = PLANE('',#1577);
#1577 = AXIS2_PLACEMENT_3D('',#1578,#1579,#1580);
#1578 = CARTESIAN_POINT('',(387.,23.,29.));
#1579 = DIRECTION('',(1.,0.,0.));
#1580 = DIRECTION('',(0.,0.,1.));
#1581 = ADVANCED_FACE('',(#1582),#1593,.F.);
#1582 = FACE_BOUND('',#1583,.F.);
#1583 = EDGE_LOOP('',(#1584,#1585,#1586,#1587));
#1584 = ORIENTED_EDGE('',*,*,#1385,.T.);
#1585 = ORIENTED_EDGE('',*,*,#1407,.T.);
#1586 = ORIENTED_EDGE('',*,*,#1456,.F.);
#1587 = ORIENTED_EDGE('',*,*,#1588,.F.);
#1588 = EDGE_CURVE('',#1362,#1433,#1589,.T.);
#1589 = LINE('',#1590,#1591);
#1590 = CARTESIAN_POINT('',(13.,327.,37.));
#1591 = VECTOR('',#1592,1.);
#1592 = DIRECTION('',(-1.,0.,0.));
#1593 = PLANE('',#1594);
#1594 = AXIS2_PLACEMENT_3D('',#1595,#1596,#1597);
#1595 = CARTESIAN_POINT('',(23.,327.,29.));
#1596 = DIRECTION('',(0.,1.,0.));
#1597 = DIRECTION('',(0.,0.,1.));
#1598 = ADVANCED_FACE('',(#1599),#1610,.T.);
#1599 = FACE_BOUND('',#1600,.T.);
#1600 = EDGE_LOOP('',(#1601,#1602,#1603,#1604));
#1601 = ORIENTED_EDGE('',*,*,#1267,.F.);
#1602 = ORIENTED_EDGE('',*,*,#1510,.T.);
#1603 = ORIENTED_EDGE('',*,*,#1485,.T.);
#1604 = ORIENTED_EDGE('',*,*,#1605,.F.);
#1605 = EDGE_CURVE('',#1268,#1486,#1606,.T.);
#1606 = LINE('',#1607,#1608);
#1607 = CARTESIAN_POINT('',(23.,13.,37.));
#1608 = VECTOR('',#1609,1.);
#1609 = DIRECTION('',(0.,1.,0.));
#1610 = PLANE('',#1611);
#1611 = AXIS2_PLACEMENT_3D('',#1612,#1613,#1614);
#1612 = CARTESIAN_POINT('',(23.,23.,29.));
#1613 = DIRECTION('',(1.,0.,0.));
#1614 = DIRECTION('',(0.,0.,1.));
#1615 = ADVANCED_FACE('',(#1616,#1622,#1636,#1647,#1658,#1669),#1680,.F.
  );
#1616 = FACE_BOUND('',#1617,.T.);
#1617 = EDGE_LOOP('',(#1618,#1619,#1620,#1621));
#1618 = ORIENTED_EDGE('',*,*,#31,.T.);
#1619 = ORIENTED_EDGE('',*,*,#218,.T.);
#1620 = ORIENTED_EDGE('',*,*,#389,.F.);
#1621 = ORIENTED_EDGE('',*,*,#95,.F.);
#1622 = FACE_BOUND('',#1623,.F.);
#1623 = EDGE_LOOP('',(#1624,#1625,#1626,#1627,#1628,#1629,#1630,#1631,
    #1632,#1633,#1634,#1635));
#1624 = ORIENTED_EDGE('',*,*,#1213,.T.);
#1625 = ORIENTED_EDGE('',*,*,#1252,.F.);
#1626 = ORIENTED_EDGE('',*,*,#706,.T.);
#1627 = ORIENTED_EDGE('',*,*,#1470,.T.);
#1628 = ORIENTED_EDGE('',*,*,#1448,.T.);
#1629 = ORIENTED_EDGE('',*,*,#818,.F.);
#1630 = ORIENTED_EDGE('',*,*,#1370,.F.);
#1631 = ORIENTED_EDGE('',*,*,#1321,.T.);
#1632 = ORIENTED_EDGE('',*,*,#964,.F.);
#1633 = ORIENTED_EDGE('',*,*,#1148,.F.);
#1634 = ORIENTED_EDGE('',*,*,#1102,.F.);
#1635 = ORIENTED_EDGE('',*,*,#657,.T.);
#1636 = FACE_BOUND('',#1637,.F.);
#1637 = EDGE_LOOP('',(#1638));
#1638 = ORIENTED_EDGE('',*,*,#1639,.F.);
#1639 = EDGE_CURVE('',#1640,#1640,#1642,.T.);
#1640 = VERTEX_POINT('',#1641);
#1641 = CARTESIAN_POINT('',(383.5,33.,0.));
#1642 = CIRCLE('',#1643,6.5);
#1643 = AXIS2_PLACEMENT_3D('',#1644,#1645,#1646);
#1644 = CARTESIAN_POINT('',(377.,33.,0.));
#1645 = DIRECTION('',(0.,0.,1.));
#1646 = DIRECTION('',(1.,0.,0.));
#1647 = FACE_BOUND('',#1648,.F.);
#1648 = EDGE_LOOP('',(#1649));
#1649 = ORIENTED_EDGE('',*,*,#1650,.F.);
#1650 = EDGE_CURVE('',#1651,#1651,#1653,.T.);
#1651 = VERTEX_POINT('',#1652);
#1652 = CARTESIAN_POINT('',(39.5,33.,0.));
#1653 = CIRCLE('',#1654,6.5);
#1654 = AXIS2_PLACEMENT_3D('',#1655,#1656,#1657);
#1655 = CARTESIAN_POINT('',(33.,33.,0.));
#1656 = DIRECTION('',(0.,0.,1.));
#1657 = DIRECTION('',(1.,0.,0.));
#1658 = FACE_BOUND('',#1659,.F.);
#1659 = EDGE_LOOP('',(#1660));
#1660 = ORIENTED_EDGE('',*,*,#1661,.F.);
#1661 = EDGE_CURVE('',#1662,#1662,#1664,.T.);
#1662 = VERTEX_POINT('',#1663);
#1663 = CARTESIAN_POINT('',(383.5,317.,0.));
#1664 = CIRCLE('',#1665,6.5);
#1665 = AXIS2_PLACEMENT_3D('',#1666,#1667,#1668);
#1666 = CARTESIAN_POINT('',(377.,317.,0.));
#1667 = DIRECTION('',(0.,0.,1.));
#1668 = DIRECTION('',(1.,0.,0.));
#1669 = FACE_BOUND('',#1670,.F.);
#1670 = EDGE_LOOP('',(#1671));
#1671 = ORIENTED_EDGE('',*,*,#1672,.F.);
#1672 = EDGE_CURVE('',#1673,#1673,#1675,.T.);
#1673 = VERTEX_POINT('',#1674);
#1674 = CARTESIAN_POINT('',(39.5,317.,0.));
#1675 = CIRCLE('',#1676,6.5);
#1676 = AXIS2_PLACEMENT_3D('',#1677,#1678,#1679);
#1677 = CARTESIAN_POINT('',(33.,317.,0.));
#1678 = DIRECTION('',(0.,0.,1.));
#1679 = DIRECTION('',(1.,0.,0.));
#1680 = PLANE('',#1681);
#1681 = AXIS2_PLACEMENT_3D('',#1682,#1683,#1684);
#1682 = CARTESIAN_POINT('',(0.,0.,0.));
#1683 = DIRECTION('',(0.,0.,1.));
#1684 = DIRECTION('',(1.,0.,0.));
#1685 = ADVANCED_FACE('',(#1686),#1705,.F.);
#1686 = FACE_BOUND('',#1687,.F.);
#1687 = EDGE_LOOP('',(#1688,#1697,#1703,#1704));
#1688 = ORIENTED_EDGE('',*,*,#1689,.F.);
#1689 = EDGE_CURVE('',#1690,#1690,#1692,.T.);
#1690 = VERTEX_POINT('',#1691);
#1691 = CARTESIAN_POINT('',(383.5,33.,37.));
#1692 = CIRCLE('',#1693,6.5);
#1693 = AXIS2_PLACEMENT_3D('',#1694,#1695,#1696);
#1694 = CARTESIAN_POINT('',(377.,33.,37.));
#1695 = DIRECTION('',(0.,0.,1.));
#1696 = DIRECTION('',(1.,0.,0.));
#1697 = ORIENTED_EDGE('',*,*,#1698,.F.);
#1698 = EDGE_CURVE('',#1640,#1690,#1699,.T.);
#1699 = LINE('',#1700,#1701);
#1700 = CARTESIAN_POINT('',(383.5,33.,-1.));
#1701 = VECTOR('',#1702,1.);
#1702 = DIRECTION('',(0.,0.,1.));
#1703 = ORIENTED_EDGE('',*,*,#1639,.T.);
#1704 = ORIENTED_EDGE('',*,*,#1698,.T.);
#1705 = CYLINDRICAL_SURFACE('',#1706,6.5);
#1706 = AXIS2_PLACEMENT_3D('',#1707,#1708,#1709);
#1707 = CARTESIAN_POINT('',(377.,33.,-1.));
#1708 = DIRECTION('',(0.,0.,1.));
#1709 = DIRECTION('',(1.,0.,0.));
#1710 = ADVANCED_FACE('',(#1711),#1730,.F.);
#1711 = FACE_BOUND('',#1712,.F.);
#1712 = EDGE_LOOP('',(#1713,#1722,#1728,#1729));
#1713 = ORIENTED_EDGE('',*,*,#1714,.F.);
#1714 = EDGE_CURVE('',#1715,#1715,#1717,.T.);
#1715 = VERTEX_POINT('',#1716);
#1716 = CARTESIAN_POINT('',(39.5,33.,37.));
#1717 = CIRCLE('',#1718,6.5);
#1718 = AXIS2_PLACEMENT_3D('',#1719,#1720,#1721);
#1719 = CARTESIAN_POINT('',(33.,33.,37.));
#1720 = DIRECTION('',(0.,0.,1.));
#1721 = DIRECTION('',(1.,0.,0.));
#1722 = ORIENTED_EDGE('',*,*,#1723,.F.);
#1723 = EDGE_CURVE('',#1651,#1715,#1724,.T.);
#1724 = LINE('',#1725,#1726);
#1725 = CARTESIAN_POINT('',(39.5,33.,-1.));
#1726 = VECTOR('',#1727,1.);
#1727 = DIRECTION('',(0.,0.,1.));
#1728 = ORIENTED_EDGE('',*,*,#1650,.T.);
#1729 = ORIENTED_EDGE('',*,*,#1723,.T.);
#1730 = CYLINDRICAL_SURFACE('',#1731,6.5);
#1731 = AXIS2_PLACEMENT_3D('',#1732,#1733,#1734);
#1732 = CARTESIAN_POINT('',(33.,33.,-1.));
#1733 = DIRECTION('',(0.,0.,1.));
#1734 = DIRECTION('',(1.,0.,0.));
#1735 = ADVANCED_FACE('',(#1736),#1755,.F.);
#1736 = FACE_BOUND('',#1737,.F.);
#1737 = EDGE_LOOP('',(#1738,#1747,#1753,#1754));
#1738 = ORIENTED_EDGE('',*,*,#1739,.F.);
#1739 = EDGE_CURVE('',#1740,#1740,#1742,.T.);
#1740 = VERTEX_POINT('',#1741);
#1741 = CARTESIAN_POINT('',(383.5,317.,37.));
#1742 = CIRCLE('',#1743,6.5);
#1743 = AXIS2_PLACEMENT_3D('',#1744,#1745,#1746);
#1744 = CARTESIAN_POINT('',(377.,317.,37.));
#1745 = DIRECTION('',(0.,0.,1.));
#1746 = DIRECTION('',(1.,0.,0.));
#1747 = ORIENTED_EDGE('',*,*,#1748,.F.);
#1748 = EDGE_CURVE('',#1662,#1740,#1749,.T.);
#1749 = LINE('',#1750,#1751);
#1750 = CARTESIAN_POINT('',(383.5,317.,-1.));
#1751 = VECTOR('',#1752,1.);
#1752 = DIRECTION('',(0.,0.,1.));
#1753 = ORIENTED_EDGE('',*,*,#1661,.T.);
#1754 = ORIENTED_EDGE('',*,*,#1748,.T.);
#1755 = CYLINDRICAL_SURFACE('',#1756,6.5);
#1756 = AXIS2_PLACEMENT_3D('',#1757,#1758,#1759);
#1757 = CARTESIAN_POINT('',(377.,317.,-1.));
#1758 = DIRECTION('',(0.,0.,1.));
#1759 = DIRECTION('',(1.,0.,0.));
#1760 = ADVANCED_FACE('',(#1761),#1780,.F.);
#1761 = FACE_BOUND('',#1762,.F.);
#1762 = EDGE_LOOP('',(#1763,#1772,#1778,#1779));
#1763 = ORIENTED_EDGE('',*,*,#1764,.F.);
#1764 = EDGE_CURVE('',#1765,#1765,#1767,.T.);
#1765 = VERTEX_POINT('',#1766);
#1766 = CARTESIAN_POINT('',(39.5,317.,37.));
#1767 = CIRCLE('',#1768,6.5);
#1768 = AXIS2_PLACEMENT_3D('',#1769,#1770,#1771);
#1769 = CARTESIAN_POINT('',(33.,317.,37.));
#1770 = DIRECTION('',(0.,0.,1.));
#1771 = DIRECTION('',(1.,0.,0.));
#1772 = ORIENTED_EDGE('',*,*,#1773,.F.);
#1773 = EDGE_CURVE('',#1673,#1765,#1774,.T.);
#1774 = LINE('',#1775,#1776);
#1775 = CARTESIAN_POINT('',(39.5,317.,-1.));
#1776 = VECTOR('',#1777,1.);
#1777 = DIRECTION('',(0.,0.,1.));
#1778 = ORIENTED_EDGE('',*,*,#1672,.T.);
#1779 = ORIENTED_EDGE('',*,*,#1773,.T.);
#1780 = CYLINDRICAL_SURFACE('',#1781,6.5);
#1781 = AXIS2_PLACEMENT_3D('',#1782,#1783,#1784);
#1782 = CARTESIAN_POINT('',(33.,317.,-1.));
#1783 = DIRECTION('',(0.,0.,1.));
#1784 = DIRECTION('',(1.,0.,0.));
#1785 = ADVANCED_FACE('',(#1786,#1792,#1806,#1809,#1812,#1815),#1818,.T.
  );
#1786 = FACE_BOUND('',#1787,.T.);
#1787 = EDGE_LOOP('',(#1788,#1789,#1790,#1791));
#1788 = ORIENTED_EDGE('',*,*,#631,.F.);
#1789 = ORIENTED_EDGE('',*,*,#559,.T.);
#1790 = ORIENTED_EDGE('',*,*,#583,.T.);
#1791 = ORIENTED_EDGE('',*,*,#607,.F.);
#1792 = FACE_BOUND('',#1793,.T.);
#1793 = EDGE_LOOP('',(#1794,#1795,#1796,#1797,#1798,#1799,#1800,#1801,
    #1802,#1803,#1804,#1805));
#1794 = ORIENTED_EDGE('',*,*,#1605,.T.);
#1795 = ORIENTED_EDGE('',*,*,#1493,.T.);
#1796 = ORIENTED_EDGE('',*,*,#1430,.T.);
#1797 = ORIENTED_EDGE('',*,*,#1588,.F.);
#1798 = ORIENTED_EDGE('',*,*,#1361,.F.);
#1799 = ORIENTED_EDGE('',*,*,#1337,.T.);
#1800 = ORIENTED_EDGE('',*,*,#1571,.F.);
#1801 = ORIENTED_EDGE('',*,*,#1155,.F.);
#1802 = ORIENTED_EDGE('',*,*,#1118,.F.);
#1803 = ORIENTED_EDGE('',*,*,#1554,.T.);
#1804 = ORIENTED_EDGE('',*,*,#1229,.T.);
#1805 = ORIENTED_EDGE('',*,*,#1275,.F.);
#1806 = FACE_BOUND('',#1807,.T.);
#1807 = EDGE_LOOP('',(#1808));
#1808 = ORIENTED_EDGE('',*,*,#1689,.F.);
#1809 = FACE_BOUND('',#1810,.T.);
#1810 = EDGE_LOOP('',(#1811));
#1811 = ORIENTED_EDGE('',*,*,#1739,.F.);
#1812 = FACE_BOUND('',#1813,.T.);
#1813 = EDGE_LOOP('',(#1814));
#1814 = ORIENTED_EDGE('',*,*,#1764,.F.);
#1815 = FACE_BOUND('',#1816,.T.);
#1816 = EDGE_LOOP('',(#1817));
#1817 = ORIENTED_EDGE('',*,*,#1714,.F.);
#1818 = PLANE('',#1819);
#1819 = AXIS2_PLACEMENT_3D('',#1820,#1821,#1822);
#1820 = CARTESIAN_POINT('',(3.,3.,37.));
#1821 = DIRECTION('',(0.,0.,1.));
#1822 = DIRECTION('',(1.,0.,0.));
#1823 = MANIFOLD_SOLID_BREP('',#1824);
#1824 = CLOSED_SHELL('',(#1825,#1865,#1896,#2008,#2032,#2137,#2149,#2174
    ,#2191,#2216,#2233,#2258,#2275,#2292,#2317,#2342,#2367,#2392,#2417,
    #2429,#2441,#2453));
#1825 = ADVANCED_FACE('',(#1826),#1860,.F.);
#1826 = FACE_BOUND('',#1827,.F.);
#1827 = EDGE_LOOP('',(#1828,#1838,#1846,#1854));
#1828 = ORIENTED_EDGE('',*,*,#1829,.F.);
#1829 = EDGE_CURVE('',#1830,#1832,#1834,.T.);
#1830 = VERTEX_POINT('',#1831);
#1831 = CARTESIAN_POINT('',(3.,3.,37.));
#1832 = VERTEX_POINT('',#1833);
#1833 = CARTESIAN_POINT('',(3.,3.,40.));
#1834 = LINE('',#1835,#1836);
#1835 = CARTESIAN_POINT('',(3.,3.,37.));
#1836 = VECTOR('',#1837,1.);
#1837 = DIRECTION('',(0.,0.,1.));
#1838 = ORIENTED_EDGE('',*,*,#1839,.T.);
#1839 = EDGE_CURVE('',#1830,#1840,#1842,.T.);
#1840 = VERTEX_POINT('',#1841);
#1841 = CARTESIAN_POINT('',(3.,347.,37.));
#1842 = LINE('',#1843,#1844);
#1843 = CARTESIAN_POINT('',(3.,3.,37.));
#1844 = VECTOR('',#1845,1.);
#1845 = DIRECTION('',(0.,1.,0.));
#1846 = ORIENTED_EDGE('',*,*,#1847,.T.);
#1847 = EDGE_CURVE('',#1840,#1848,#1850,.T.);
#1848 = VERTEX_POINT('',#1849);
#1849 = CARTESIAN_POINT('',(3.,347.,40.));
#1850 = LINE('',#1851,#1852);
#1851 = CARTESIAN_POINT('',(3.,347.,37.));
#1852 = VECTOR('',#1853,1.);
#1853 = DIRECTION('',(0.,0.,1.));
#1854 = ORIENTED_EDGE('',*,*,#1855,.F.);
#1855 = EDGE_CURVE('',#1832,#1848,#1856,.T.);
#1856 = LINE('',#1857,#1858);
#1857 = CARTESIAN_POINT('',(3.,3.,40.));
#1858 = VECTOR('',#1859,1.);
#1859 = DIRECTION('',(0.,1.,0.));
#1860 = PLANE('',#1861);
#1861 = AXIS2_PLACEMENT_3D('',#1862,#1863,#1864);
#1862 = CARTESIAN_POINT('',(3.,3.,37.));
#1863 = DIRECTION('',(1.,0.,0.));
#1864 = DIRECTION('',(0.,0.,1.));
#1865 = ADVANCED_FACE('',(#1866),#1891,.F.);
#1866 = FACE_BOUND('',#1867,.F.);
#1867 = EDGE_LOOP('',(#1868,#1876,#1877,#1885));
#1868 = ORIENTED_EDGE('',*,*,#1869,.F.);
#1869 = EDGE_CURVE('',#1830,#1870,#1872,.T.);
#1870 = VERTEX_POINT('',#1871);
#1871 = CARTESIAN_POINT('',(407.,3.,37.));
#1872 = LINE('',#1873,#1874);
#1873 = CARTESIAN_POINT('',(3.,3.,37.));
#1874 = VECTOR('',#1875,1.);
#1875 = DIRECTION('',(1.,0.,0.));
#1876 = ORIENTED_EDGE('',*,*,#1829,.T.);
#1877 = ORIENTED_EDGE('',*,*,#1878,.T.);
#1878 = EDGE_CURVE('',#1832,#1879,#1881,.T.);
#1879 = VERTEX_POINT('',#1880);
#1880 = CARTESIAN_POINT('',(407.,3.,40.));
#1881 = LINE('',#1882,#1883);
#1882 = CARTESIAN_POINT('',(3.,3.,40.));
#1883 = VECTOR('',#1884,1.);
#1884 = DIRECTION('',(1.,0.,0.));
#1885 = ORIENTED_EDGE('',*,*,#1886,.F.);
#1886 = EDGE_CURVE('',#1870,#1879,#1887,.T.);
#1887 = LINE('',#1888,#1889);
#1888 = CARTESIAN_POINT('',(407.,3.,37.));
#1889 = VECTOR('',#1890,1.);
#1890 = DIRECTION('',(0.,0.,1.));
#1891 = PLANE('',#1892);
#1892 = AXIS2_PLACEMENT_3D('',#1893,#1894,#1895);
#1893 = CARTESIAN_POINT('',(3.,3.,37.));
#1894 = DIRECTION('',(0.,1.,0.));
#1895 = DIRECTION('',(0.,0.,1.));
#1896 = ADVANCED_FACE('',(#1897,#1915,#1926,#1937,#1948,#1959,#1970,
    #1981,#1992),#2003,.T.);
#1897 = FACE_BOUND('',#1898,.T.);
#1898 = EDGE_LOOP('',(#1899,#1900,#1901,#1909));
#1899 = ORIENTED_EDGE('',*,*,#1855,.F.);
#1900 = ORIENTED_EDGE('',*,*,#1878,.T.);
#1901 = ORIENTED_EDGE('',*,*,#1902,.T.);
#1902 = EDGE_CURVE('',#1879,#1903,#1905,.T.);
#1903 = VERTEX_POINT('',#1904);
#1904 = CARTESIAN_POINT('',(407.,347.,40.));
#1905 = LINE('',#1906,#1907);
#1906 = CARTESIAN_POINT('',(407.,3.,40.));
#1907 = VECTOR('',#1908,1.);
#1908 = DIRECTION('',(0.,1.,0.));
#1909 = ORIENTED_EDGE('',*,*,#1910,.F.);
#1910 = EDGE_CURVE('',#1848,#1903,#1911,.T.);
#1911 = LINE('',#1912,#1913);
#1912 = CARTESIAN_POINT('',(3.,347.,40.));
#1913 = VECTOR('',#1914,1.);
#1914 = DIRECTION('',(1.,0.,0.));
#1915 = FACE_BOUND('',#1916,.T.);
#1916 = EDGE_LOOP('',(#1917));
#1917 = ORIENTED_EDGE('',*,*,#1918,.F.);
#1918 = EDGE_CURVE('',#1919,#1919,#1921,.T.);
#1919 = VERTEX_POINT('',#1920);
#1920 = CARTESIAN_POINT('',(47.,33.,40.));
#1921 = CIRCLE('',#1922,14.);
#1922 = AXIS2_PLACEMENT_3D('',#1923,#1924,#1925);
#1923 = CARTESIAN_POINT('',(33.,33.,40.));
#1924 = DIRECTION('',(0.,0.,1.));
#1925 = DIRECTION('',(1.,0.,0.));
#1926 = FACE_BOUND('',#1927,.T.);
#1927 = EDGE_LOOP('',(#1928));
#1928 = ORIENTED_EDGE('',*,*,#1929,.F.);
#1929 = EDGE_CURVE('',#1930,#1930,#1932,.T.);
#1930 = VERTEX_POINT('',#1931);
#1931 = CARTESIAN_POINT('',(124.,150.,40.));
#1932 = CIRCLE('',#1933,4.);
#1933 = AXIS2_PLACEMENT_3D('',#1934,#1935,#1936);
#1934 = CARTESIAN_POINT('',(120.,150.,40.));
#1935 = DIRECTION('',(0.,0.,1.));
#1936 = DIRECTION('',(1.,0.,0.));
#1937 = FACE_BOUND('',#1938,.T.);
#1938 = EDGE_LOOP('',(#1939));
#1939 = ORIENTED_EDGE('',*,*,#1940,.F.);
#1940 = EDGE_CURVE('',#1941,#1941,#1943,.T.);
#1941 = VERTEX_POINT('',#1942);
#1942 = CARTESIAN_POINT('',(391.,33.,40.));
#1943 = CIRCLE('',#1944,14.);
#1944 = AXIS2_PLACEMENT_3D('',#1945,#1946,#1947);
#1945 = CARTESIAN_POINT('',(377.,33.,40.));
#1946 = DIRECTION('',(0.,0.,1.));
#1947 = DIRECTION('',(1.,0.,0.));
#1948 = FACE_BOUND('',#1949,.T.);
#1949 = EDGE_LOOP('',(#1950));
#1950 = ORIENTED_EDGE('',*,*,#1951,.F.);
#1951 = EDGE_CURVE('',#1952,#1952,#1954,.T.);
#1952 = VERTEX_POINT('',#1953);
#1953 = CARTESIAN_POINT('',(294.,150.,40.));
#1954 = CIRCLE('',#1955,4.);
#1955 = AXIS2_PLACEMENT_3D('',#1956,#1957,#1958);
#1956 = CARTESIAN_POINT('',(290.,150.,40.));
#1957 = DIRECTION('',(0.,0.,1.));
#1958 = DIRECTION('',(1.,0.,0.));
#1959 = FACE_BOUND('',#1960,.T.);
#1960 = EDGE_LOOP('',(#1961));
#1961 = ORIENTED_EDGE('',*,*,#1962,.F.);
#1962 = EDGE_CURVE('',#1963,#1963,#1965,.T.);
#1963 = VERTEX_POINT('',#1964);
#1964 = CARTESIAN_POINT('',(47.,317.,40.));
#1965 = CIRCLE('',#1966,14.);
#1966 = AXIS2_PLACEMENT_3D('',#1967,#1968,#1969);
#1967 = CARTESIAN_POINT('',(33.,317.,40.));
#1968 = DIRECTION('',(0.,0.,1.));
#1969 = DIRECTION('',(1.,0.,0.));
#1970 = FACE_BOUND('',#1971,.T.);
#1971 = EDGE_LOOP('',(#1972));
#1972 = ORIENTED_EDGE('',*,*,#1973,.F.);
#1973 = EDGE_CURVE('',#1974,#1974,#1976,.T.);
#1974 = VERTEX_POINT('',#1975);
#1975 = CARTESIAN_POINT('',(124.,260.,40.));
#1976 = CIRCLE('',#1977,4.);
#1977 = AXIS2_PLACEMENT_3D('',#1978,#1979,#1980);
#1978 = CARTESIAN_POINT('',(120.,260.,40.));
#1979 = DIRECTION('',(0.,0.,1.));
#1980 = DIRECTION('',(1.,0.,0.));
#1981 = FACE_BOUND('',#1982,.T.);
#1982 = EDGE_LOOP('',(#1983));
#1983 = ORIENTED_EDGE('',*,*,#1984,.F.);
#1984 = EDGE_CURVE('',#1985,#1985,#1987,.T.);
#1985 = VERTEX_POINT('',#1986);
#1986 = CARTESIAN_POINT('',(294.,260.,40.));
#1987 = CIRCLE('',#1988,4.);
#1988 = AXIS2_PLACEMENT_3D('',#1989,#1990,#1991);
#1989 = CARTESIAN_POINT('',(290.,260.,40.));
#1990 = DIRECTION('',(0.,0.,1.));
#1991 = DIRECTION('',(1.,0.,0.));
#1992 = FACE_BOUND('',#1993,.T.);
#1993 = EDGE_LOOP('',(#1994));
#1994 = ORIENTED_EDGE('',*,*,#1995,.F.);
#1995 = EDGE_CURVE('',#1996,#1996,#1998,.T.);
#1996 = VERTEX_POINT('',#1997);
#1997 = CARTESIAN_POINT('',(391.,317.,40.));
#1998 = CIRCLE('',#1999,14.);
#1999 = AXIS2_PLACEMENT_3D('',#2000,#2001,#2002);
#2000 = CARTESIAN_POINT('',(377.,317.,40.));
#2001 = DIRECTION('',(0.,0.,1.));
#2002 = DIRECTION('',(1.,0.,0.));
#2003 = PLANE('',#2004);
#2004 = AXIS2_PLACEMENT_3D('',#2005,#2006,#2007);
#2005 = CARTESIAN_POINT('',(3.,3.,40.));
#2006 = DIRECTION('',(0.,0.,1.));
#2007 = DIRECTION('',(1.,0.,0.));
#2008 = ADVANCED_FACE('',(#2009),#2027,.T.);
#2009 = FACE_BOUND('',#2010,.T.);
#2010 = EDGE_LOOP('',(#2011,#2019,#2020,#2021));
#2011 = ORIENTED_EDGE('',*,*,#2012,.F.);
#2012 = EDGE_CURVE('',#1840,#2013,#2015,.T.);
#2013 = VERTEX_POINT('',#2014);
#2014 = CARTESIAN_POINT('',(407.,347.,37.));
#2015 = LINE('',#2016,#2017);
#2016 = CARTESIAN_POINT('',(3.,347.,37.));
#2017 = VECTOR('',#2018,1.);
#2018 = DIRECTION('',(1.,0.,0.));
#2019 = ORIENTED_EDGE('',*,*,#1847,.T.);
#2020 = ORIENTED_EDGE('',*,*,#1910,.T.);
#2021 = ORIENTED_EDGE('',*,*,#2022,.F.);
#2022 = EDGE_CURVE('',#2013,#1903,#2023,.T.);
#2023 = LINE('',#2024,#2025);
#2024 = CARTESIAN_POINT('',(407.,347.,37.));
#2025 = VECTOR('',#2026,1.);
#2026 = DIRECTION('',(0.,0.,1.));
#2027 = PLANE('',#2028);
#2028 = AXIS2_PLACEMENT_3D('',#2029,#2030,#2031);
#2029 = CARTESIAN_POINT('',(3.,347.,37.));
#2030 = DIRECTION('',(0.,1.,0.));
#2031 = DIRECTION('',(0.,0.,1.));
#2032 = ADVANCED_FACE('',(#2033,#2044,#2055,#2066,#2077,#2088,#2099,
    #2110,#2121),#2132,.F.);
#2033 = FACE_BOUND('',#2034,.F.);
#2034 = EDGE_LOOP('',(#2035,#2036,#2037,#2043));
#2035 = ORIENTED_EDGE('',*,*,#1839,.F.);
#2036 = ORIENTED_EDGE('',*,*,#1869,.T.);
#2037 = ORIENTED_EDGE('',*,*,#2038,.T.);
#2038 = EDGE_CURVE('',#1870,#2013,#2039,.T.);
#2039 = LINE('',#2040,#2041);
#2040 = CARTESIAN_POINT('',(407.,3.,37.));
#2041 = VECTOR('',#2042,1.);
#2042 = DIRECTION('',(0.,1.,0.));
#2043 = ORIENTED_EDGE('',*,*,#2012,.F.);
#2044 = FACE_BOUND('',#2045,.F.);
#2045 = EDGE_LOOP('',(#2046));
#2046 = ORIENTED_EDGE('',*,*,#2047,.F.);
#2047 = EDGE_CURVE('',#2048,#2048,#2050,.T.);
#2048 = VERTEX_POINT('',#2049);
#2049 = CARTESIAN_POINT('',(40.,33.,37.));
#2050 = CIRCLE('',#2051,7.);
#2051 = AXIS2_PLACEMENT_3D('',#2052,#2053,#2054);
#2052 = CARTESIAN_POINT('',(33.,33.,37.));
#2053 = DIRECTION('',(0.,0.,1.));
#2054 = DIRECTION('',(1.,0.,0.));
#2055 = FACE_BOUND('',#2056,.F.);
#2056 = EDGE_LOOP('',(#2057));
#2057 = ORIENTED_EDGE('',*,*,#2058,.F.);
#2058 = EDGE_CURVE('',#2059,#2059,#2061,.T.);
#2059 = VERTEX_POINT('',#2060);
#2060 = CARTESIAN_POINT('',(124.,150.,37.));
#2061 = CIRCLE('',#2062,4.);
#2062 = AXIS2_PLACEMENT_3D('',#2063,#2064,#2065);
#2063 = CARTESIAN_POINT('',(120.,150.,37.));
#2064 = DIRECTION('',(0.,0.,1.));
#2065 = DIRECTION('',(1.,0.,0.));
#2066 = FACE_BOUND('',#2067,.F.);
#2067 = EDGE_LOOP('',(#2068));
#2068 = ORIENTED_EDGE('',*,*,#2069,.F.);
#2069 = EDGE_CURVE('',#2070,#2070,#2072,.T.);
#2070 = VERTEX_POINT('',#2071);
#2071 = CARTESIAN_POINT('',(384.,33.,37.));
#2072 = CIRCLE('',#2073,7.);
#2073 = AXIS2_PLACEMENT_3D('',#2074,#2075,#2076);
#2074 = CARTESIAN_POINT('',(377.,33.,37.));
#2075 = DIRECTION('',(0.,0.,1.));
#2076 = DIRECTION('',(1.,0.,0.));
#2077 = FACE_BOUND('',#2078,.F.);
#2078 = EDGE_LOOP('',(#2079));
#2079 = ORIENTED_EDGE('',*,*,#2080,.F.);
#2080 = EDGE_CURVE('',#2081,#2081,#2083,.T.);
#2081 = VERTEX_POINT('',#2082);
#2082 = CARTESIAN_POINT('',(294.,150.,37.));
#2083 = CIRCLE('',#2084,4.);
#2084 = AXIS2_PLACEMENT_3D('',#2085,#2086,#2087);
#2085 = CARTESIAN_POINT('',(290.,150.,37.));
#2086 = DIRECTION('',(0.,0.,1.));
#2087 = DIRECTION('',(1.,0.,0.));
#2088 = FACE_BOUND('',#2089,.F.);
#2089 = EDGE_LOOP('',(#2090));
#2090 = ORIENTED_EDGE('',*,*,#2091,.F.);
#2091 = EDGE_CURVE('',#2092,#2092,#2094,.T.);
#2092 = VERTEX_POINT('',#2093);
#2093 = CARTESIAN_POINT('',(40.,317.,37.));
#2094 = CIRCLE('',#2095,7.);
#2095 = AXIS2_PLACEMENT_3D('',#2096,#2097,#2098);
#2096 = CARTESIAN_POINT('',(33.,317.,37.));
#2097 = DIRECTION('',(0.,0.,1.));
#2098 = DIRECTION('',(1.,0.,0.));
#2099 = FACE_BOUND('',#2100,.F.);
#2100 = EDGE_LOOP('',(#2101));
#2101 = ORIENTED_EDGE('',*,*,#2102,.F.);
#2102 = EDGE_CURVE('',#2103,#2103,#2105,.T.);
#2103 = VERTEX_POINT('',#2104);
#2104 = CARTESIAN_POINT('',(124.,260.,37.));
#2105 = CIRCLE('',#2106,4.);
#2106 = AXIS2_PLACEMENT_3D('',#2107,#2108,#2109);
#2107 = CARTESIAN_POINT('',(120.,260.,37.));
#2108 = DIRECTION('',(0.,0.,1.));
#2109 = DIRECTION('',(1.,0.,0.));
#2110 = FACE_BOUND('',#2111,.F.);
#2111 = EDGE_LOOP('',(#2112));
#2112 = ORIENTED_EDGE('',*,*,#2113,.F.);
#2113 = EDGE_CURVE('',#2114,#2114,#2116,.T.);
#2114 = VERTEX_POINT('',#2115);
#2115 = CARTESIAN_POINT('',(294.,260.,37.));
#2116 = CIRCLE('',#2117,4.);
#2117 = AXIS2_PLACEMENT_3D('',#2118,#2119,#2120);
#2118 = CARTESIAN_POINT('',(290.,260.,37.));
#2119 = DIRECTION('',(0.,0.,1.));
#2120 = DIRECTION('',(1.,0.,0.));
#2121 = FACE_BOUND('',#2122,.F.);
#2122 = EDGE_LOOP('',(#2123));
#2123 = ORIENTED_EDGE('',*,*,#2124,.F.);
#2124 = EDGE_CURVE('',#2125,#2125,#2127,.T.);
#2125 = VERTEX_POINT('',#2126);
#2126 = CARTESIAN_POINT('',(384.,317.,37.));
#2127 = CIRCLE('',#2128,7.);
#2128 = AXIS2_PLACEMENT_3D('',#2129,#2130,#2131);
#2129 = CARTESIAN_POINT('',(377.,317.,37.));
#2130 = DIRECTION('',(0.,0.,1.));
#2131 = DIRECTION('',(1.,0.,0.));
#2132 = PLANE('',#2133);
#2133 = AXIS2_PLACEMENT_3D('',#2134,#2135,#2136);
#2134 = CARTESIAN_POINT('',(3.,3.,37.));
#2135 = DIRECTION('',(0.,0.,1.));
#2136 = DIRECTION('',(1.,0.,0.));
#2137 = ADVANCED_FACE('',(#2138),#2144,.T.);
#2138 = FACE_BOUND('',#2139,.T.);
#2139 = EDGE_LOOP('',(#2140,#2141,#2142,#2143));
#2140 = ORIENTED_EDGE('',*,*,#1886,.F.);
#2141 = ORIENTED_EDGE('',*,*,#2038,.T.);
#2142 = ORIENTED_EDGE('',*,*,#2022,.T.);
#2143 = ORIENTED_EDGE('',*,*,#1902,.F.);
#2144 = PLANE('',#2145);
#2145 = AXIS2_PLACEMENT_3D('',#2146,#2147,#2148);
#2146 = CARTESIAN_POINT('',(407.,3.,37.));
#2147 = DIRECTION('',(1.,0.,0.));
#2148 = DIRECTION('',(0.,0.,1.));
#2149 = ADVANCED_FACE('',(#2150),#2169,.F.);
#2150 = FACE_BOUND('',#2151,.F.);
#2151 = EDGE_LOOP('',(#2152,#2153,#2161,#2168));
#2152 = ORIENTED_EDGE('',*,*,#1918,.F.);
#2153 = ORIENTED_EDGE('',*,*,#2154,.F.);
#2154 = EDGE_CURVE('',#2155,#1919,#2157,.T.);
#2155 = VERTEX_POINT('',#2156);
#2156 = CARTESIAN_POINT('',(47.,33.,38.5));
#2157 = LINE('',#2158,#2159);
#2158 = CARTESIAN_POINT('',(47.,33.,38.5));
#2159 = VECTOR('',#2160,1.);
#2160 = DIRECTION('',(0.,0.,1.));
#2161 = ORIENTED_EDGE('',*,*,#2162,.T.);
#2162 = EDGE_CURVE('',#2155,#2155,#2163,.T.);
#2163 = CIRCLE('',#2164,14.);
#2164 = AXIS2_PLACEMENT_3D('',#2165,#2166,#2167);
#2165 = CARTESIAN_POINT('',(33.,33.,38.5));
#2166 = DIRECTION('',(0.,0.,1.));
#2167 = DIRECTION('',(1.,0.,0.));
#2168 = ORIENTED_EDGE('',*,*,#2154,.T.);
#2169 = CYLINDRICAL_SURFACE('',#2170,14.);
#2170 = AXIS2_PLACEMENT_3D('',#2171,#2172,#2173);
#2171 = CARTESIAN_POINT('',(33.,33.,38.5));
#2172 = DIRECTION('',(0.,0.,1.));
#2173 = DIRECTION('',(1.,0.,0.));
#2174 = ADVANCED_FACE('',(#2175),#2186,.F.);
#2175 = FACE_BOUND('',#2176,.F.);
#2176 = EDGE_LOOP('',(#2177,#2178,#2184,#2185));
#2177 = ORIENTED_EDGE('',*,*,#1929,.F.);
#2178 = ORIENTED_EDGE('',*,*,#2179,.F.);
#2179 = EDGE_CURVE('',#2059,#1930,#2180,.T.);
#2180 = LINE('',#2181,#2182);
#2181 = CARTESIAN_POINT('',(124.,150.,36.));
#2182 = VECTOR('',#2183,1.);
#2183 = DIRECTION('',(0.,0.,1.));
#2184 = ORIENTED_EDGE('',*,*,#2058,.T.);
#2185 = ORIENTED_EDGE('',*,*,#2179,.T.);
#2186 = CYLINDRICAL_SURFACE('',#2187,4.);
#2187 = AXIS2_PLACEMENT_3D('',#2188,#2189,#2190);
#2188 = CARTESIAN_POINT('',(120.,150.,36.));
#2189 = DIRECTION('',(0.,0.,1.));
#2190 = DIRECTION('',(1.,0.,0.));
#2191 = ADVANCED_FACE('',(#2192),#2211,.F.);
#2192 = FACE_BOUND('',#2193,.F.);
#2193 = EDGE_LOOP('',(#2194,#2195,#2203,#2210));
#2194 = ORIENTED_EDGE('',*,*,#1940,.F.);
#2195 = ORIENTED_EDGE('',*,*,#2196,.F.);
#2196 = EDGE_CURVE('',#2197,#1941,#2199,.T.);
#2197 = VERTEX_POINT('',#2198);
#2198 = CARTESIAN_POINT('',(391.,33.,38.5));
#2199 = LINE('',#2200,#2201);
#2200 = CARTESIAN_POINT('',(391.,33.,38.5));
#2201 = VECTOR('',#2202,1.);
#2202 = DIRECTION('',(0.,0.,1.));
#2203 = ORIENTED_EDGE('',*,*,#2204,.T.);
#2204 = EDGE_CURVE('',#2197,#2197,#2205,.T.);
#2205 = CIRCLE('',#2206,14.);
#2206 = AXIS2_PLACEMENT_3D('',#2207,#2208,#2209);
#2207 = CARTESIAN_POINT('',(377.,33.,38.5));
#2208 = DIRECTION('',(0.,0.,1.));
#2209 = DIRECTION('',(1.,0.,0.));
#2210 = ORIENTED_EDGE('',*,*,#2196,.T.);
#2211 = CYLINDRICAL_SURFACE('',#2212,14.);
#2212 = AXIS2_PLACEMENT_3D('',#2213,#2214,#2215);
#2213 = CARTESIAN_POINT('',(377.,33.,38.5));
#2214 = DIRECTION('',(0.,0.,1.));
#2215 = DIRECTION('',(1.,0.,0.));
#2216 = ADVANCED_FACE('',(#2217),#2228,.F.);
#2217 = FACE_BOUND('',#2218,.F.);
#2218 = EDGE_LOOP('',(#2219,#2220,#2226,#2227));
#2219 = ORIENTED_EDGE('',*,*,#1951,.F.);
#2220 = ORIENTED_EDGE('',*,*,#2221,.F.);
#2221 = EDGE_CURVE('',#2081,#1952,#2222,.T.);
#2222 = LINE('',#2223,#2224);
#2223 = CARTESIAN_POINT('',(294.,150.,36.));
#2224 = VECTOR('',#2225,1.);
#2225 = DIRECTION('',(0.,0.,1.));
#2226 = ORIENTED_EDGE('',*,*,#2080,.T.);
#2227 = ORIENTED_EDGE('',*,*,#2221,.T.);
#2228 = CYLINDRICAL_SURFACE('',#2229,4.);
#2229 = AXIS2_PLACEMENT_3D('',#2230,#2231,#2232);
#2230 = CARTESIAN_POINT('',(290.,150.,36.));
#2231 = DIRECTION('',(0.,0.,1.));
#2232 = DIRECTION('',(1.,0.,0.));
#2233 = ADVANCED_FACE('',(#2234),#2253,.F.);
#2234 = FACE_BOUND('',#2235,.F.);
#2235 = EDGE_LOOP('',(#2236,#2237,#2245,#2252));
#2236 = ORIENTED_EDGE('',*,*,#1962,.F.);
#2237 = ORIENTED_EDGE('',*,*,#2238,.F.);
#2238 = EDGE_CURVE('',#2239,#1963,#2241,.T.);
#2239 = VERTEX_POINT('',#2240);
#2240 = CARTESIAN_POINT('',(47.,317.,38.5));
#2241 = LINE('',#2242,#2243);
#2242 = CARTESIAN_POINT('',(47.,317.,38.5));
#2243 = VECTOR('',#2244,1.);
#2244 = DIRECTION('',(0.,0.,1.));
#2245 = ORIENTED_EDGE('',*,*,#2246,.T.);
#2246 = EDGE_CURVE('',#2239,#2239,#2247,.T.);
#2247 = CIRCLE('',#2248,14.);
#2248 = AXIS2_PLACEMENT_3D('',#2249,#2250,#2251);
#2249 = CARTESIAN_POINT('',(33.,317.,38.5));
#2250 = DIRECTION('',(0.,0.,1.));
#2251 = DIRECTION('',(1.,0.,0.));
#2252 = ORIENTED_EDGE('',*,*,#2238,.T.);
#2253 = CYLINDRICAL_SURFACE('',#2254,14.);
#2254 = AXIS2_PLACEMENT_3D('',#2255,#2256,#2257);
#2255 = CARTESIAN_POINT('',(33.,317.,38.5));
#2256 = DIRECTION('',(0.,0.,1.));
#2257 = DIRECTION('',(1.,0.,0.));
#2258 = ADVANCED_FACE('',(#2259),#2270,.F.);
#2259 = FACE_BOUND('',#2260,.F.);
#2260 = EDGE_LOOP('',(#2261,#2262,#2268,#2269));
#2261 = ORIENTED_EDGE('',*,*,#1973,.F.);
#2262 = ORIENTED_EDGE('',*,*,#2263,.F.);
#2263 = EDGE_CURVE('',#2103,#1974,#2264,.T.);
#2264 = LINE('',#2265,#2266);
#2265 = CARTESIAN_POINT('',(124.,260.,36.));
#2266 = VECTOR('',#2267,1.);
#2267 = DIRECTION('',(0.,0.,1.));
#2268 = ORIENTED_EDGE('',*,*,#2102,.T.);
#2269 = ORIENTED_EDGE('',*,*,#2263,.T.);
#2270 = CYLINDRICAL_SURFACE('',#2271,4.);
#2271 = AXIS2_PLACEMENT_3D('',#2272,#2273,#2274);
#2272 = CARTESIAN_POINT('',(120.,260.,36.));
#2273 = DIRECTION('',(0.,0.,1.));
#2274 = DIRECTION('',(1.,0.,0.));
#2275 = ADVANCED_FACE('',(#2276),#2287,.F.);
#2276 = FACE_BOUND('',#2277,.F.);
#2277 = EDGE_LOOP('',(#2278,#2279,#2285,#2286));
#2278 = ORIENTED_EDGE('',*,*,#1984,.F.);
#2279 = ORIENTED_EDGE('',*,*,#2280,.F.);
#2280 = EDGE_CURVE('',#2114,#1985,#2281,.T.);
#2281 = LINE('',#2282,#2283);
#2282 = CARTESIAN_POINT('',(294.,260.,36.));
#2283 = VECTOR('',#2284,1.);
#2284 = DIRECTION('',(0.,0.,1.));
#2285 = ORIENTED_EDGE('',*,*,#2113,.T.);
#2286 = ORIENTED_EDGE('',*,*,#2280,.T.);
#2287 = CYLINDRICAL_SURFACE('',#2288,4.);
#2288 = AXIS2_PLACEMENT_3D('',#2289,#2290,#2291);
#2289 = CARTESIAN_POINT('',(290.,260.,36.));
#2290 = DIRECTION('',(0.,0.,1.));
#2291 = DIRECTION('',(1.,0.,0.));
#2292 = ADVANCED_FACE('',(#2293),#2312,.F.);
#2293 = FACE_BOUND('',#2294,.F.);
#2294 = EDGE_LOOP('',(#2295,#2296,#2304,#2311));
#2295 = ORIENTED_EDGE('',*,*,#1995,.F.);
#2296 = ORIENTED_EDGE('',*,*,#2297,.F.);
#2297 = EDGE_CURVE('',#2298,#1996,#2300,.T.);
#2298 = VERTEX_POINT('',#2299);
#2299 = CARTESIAN_POINT('',(391.,317.,38.5));
#2300 = LINE('',#2301,#2302);
#2301 = CARTESIAN_POINT('',(391.,317.,38.5));
#2302 = VECTOR('',#2303,1.);
#2303 = DIRECTION('',(0.,0.,1.));
#2304 = ORIENTED_EDGE('',*,*,#2305,.T.);
#2305 = EDGE_CURVE('',#2298,#2298,#2306,.T.);
#2306 = CIRCLE('',#2307,14.);
#2307 = AXIS2_PLACEMENT_3D('',#2308,#2309,#2310);
#2308 = CARTESIAN_POINT('',(377.,317.,38.5));
#2309 = DIRECTION('',(0.,0.,1.));
#2310 = DIRECTION('',(1.,0.,0.));
#2311 = ORIENTED_EDGE('',*,*,#2297,.T.);
#2312 = CYLINDRICAL_SURFACE('',#2313,14.);
#2313 = AXIS2_PLACEMENT_3D('',#2314,#2315,#2316);
#2314 = CARTESIAN_POINT('',(377.,317.,38.5));
#2315 = DIRECTION('',(0.,0.,1.));
#2316 = DIRECTION('',(1.,0.,0.));
#2317 = ADVANCED_FACE('',(#2318),#2337,.F.);
#2318 = FACE_BOUND('',#2319,.F.);
#2319 = EDGE_LOOP('',(#2320,#2329,#2335,#2336));
#2320 = ORIENTED_EDGE('',*,*,#2321,.F.);
#2321 = EDGE_CURVE('',#2322,#2322,#2324,.T.);
#2322 = VERTEX_POINT('',#2323);
#2323 = CARTESIAN_POINT('',(40.,33.,38.5));
#2324 = CIRCLE('',#2325,7.);
#2325 = AXIS2_PLACEMENT_3D('',#2326,#2327,#2328);
#2326 = CARTESIAN_POINT('',(33.,33.,38.5));
#2327 = DIRECTION('',(0.,0.,1.));
#2328 = DIRECTION('',(1.,0.,0.));
#2329 = ORIENTED_EDGE('',*,*,#2330,.F.);
#2330 = EDGE_CURVE('',#2048,#2322,#2331,.T.);
#2331 = LINE('',#2332,#2333);
#2332 = CARTESIAN_POINT('',(40.,33.,36.));
#2333 = VECTOR('',#2334,1.);
#2334 = DIRECTION('',(0.,0.,1.));
#2335 = ORIENTED_EDGE('',*,*,#2047,.T.);
#2336 = ORIENTED_EDGE('',*,*,#2330,.T.);
#2337 = CYLINDRICAL_SURFACE('',#2338,7.);
#2338 = AXIS2_PLACEMENT_3D('',#2339,#2340,#2341);
#2339 = CARTESIAN_POINT('',(33.,33.,36.));
#2340 = DIRECTION('',(0.,0.,1.));
#2341 = DIRECTION('',(1.,0.,0.));
#2342 = ADVANCED_FACE('',(#2343),#2362,.F.);
#2343 = FACE_BOUND('',#2344,.F.);
#2344 = EDGE_LOOP('',(#2345,#2354,#2360,#2361));
#2345 = ORIENTED_EDGE('',*,*,#2346,.F.);
#2346 = EDGE_CURVE('',#2347,#2347,#2349,.T.);
#2347 = VERTEX_POINT('',#2348);
#2348 = CARTESIAN_POINT('',(384.,33.,38.5));
#2349 = CIRCLE('',#2350,7.);
#2350 = AXIS2_PLACEMENT_3D('',#2351,#2352,#2353);
#2351 = CARTESIAN_POINT('',(377.,33.,38.5));
#2352 = DIRECTION('',(0.,0.,1.));
#2353 = DIRECTION('',(1.,0.,0.));
#2354 = ORIENTED_EDGE('',*,*,#2355,.F.);
#2355 = EDGE_CURVE('',#2070,#2347,#2356,.T.);
#2356 = LINE('',#2357,#2358);
#2357 = CARTESIAN_POINT('',(384.,33.,36.));
#2358 = VECTOR('',#2359,1.);
#2359 = DIRECTION('',(0.,0.,1.));
#2360 = ORIENTED_EDGE('',*,*,#2069,.T.);
#2361 = ORIENTED_EDGE('',*,*,#2355,.T.);
#2362 = CYLINDRICAL_SURFACE('',#2363,7.);
#2363 = AXIS2_PLACEMENT_3D('',#2364,#2365,#2366);
#2364 = CARTESIAN_POINT('',(377.,33.,36.));
#2365 = DIRECTION('',(0.,0.,1.));
#2366 = DIRECTION('',(1.,0.,0.));
#2367 = ADVANCED_FACE('',(#2368),#2387,.F.);
#2368 = FACE_BOUND('',#2369,.F.);
#2369 = EDGE_LOOP('',(#2370,#2379,#2385,#2386));
#2370 = ORIENTED_EDGE('',*,*,#2371,.F.);
#2371 = EDGE_CURVE('',#2372,#2372,#2374,.T.);
#2372 = VERTEX_POINT('',#2373);
#2373 = CARTESIAN_POINT('',(40.,317.,38.5));
#2374 = CIRCLE('',#2375,7.);
#2375 = AXIS2_PLACEMENT_3D('',#2376,#2377,#2378);
#2376 = CARTESIAN_POINT('',(33.,317.,38.5));
#2377 = DIRECTION('',(0.,0.,1.));
#2378 = DIRECTION('',(1.,0.,0.));
#2379 = ORIENTED_EDGE('',*,*,#2380,.F.);
#2380 = EDGE_CURVE('',#2092,#2372,#2381,.T.);
#2381 = LINE('',#2382,#2383);
#2382 = CARTESIAN_POINT('',(40.,317.,36.));
#2383 = VECTOR('',#2384,1.);
#2384 = DIRECTION('',(0.,0.,1.));
#2385 = ORIENTED_EDGE('',*,*,#2091,.T.);
#2386 = ORIENTED_EDGE('',*,*,#2380,.T.);
#2387 = CYLINDRICAL_SURFACE('',#2388,7.);
#2388 = AXIS2_PLACEMENT_3D('',#2389,#2390,#2391);
#2389 = CARTESIAN_POINT('',(33.,317.,36.));
#2390 = DIRECTION('',(0.,0.,1.));
#2391 = DIRECTION('',(1.,0.,0.));
#2392 = ADVANCED_FACE('',(#2393),#2412,.F.);
#2393 = FACE_BOUND('',#2394,.F.);
#2394 = EDGE_LOOP('',(#2395,#2404,#2410,#2411));
#2395 = ORIENTED_EDGE('',*,*,#2396,.F.);
#2396 = EDGE_CURVE('',#2397,#2397,#2399,.T.);
#2397 = VERTEX_POINT('',#2398);
#2398 = CARTESIAN_POINT('',(384.,317.,38.5));
#2399 = CIRCLE('',#2400,7.);
#2400 = AXIS2_PLACEMENT_3D('',#2401,#2402,#2403);
#2401 = CARTESIAN_POINT('',(377.,317.,38.5));
#2402 = DIRECTION('',(0.,0.,1.));
#2403 = DIRECTION('',(1.,0.,0.));
#2404 = ORIENTED_EDGE('',*,*,#2405,.F.);
#2405 = EDGE_CURVE('',#2125,#2397,#2406,.T.);
#2406 = LINE('',#2407,#2408);
#2407 = CARTESIAN_POINT('',(384.,317.,36.));
#2408 = VECTOR('',#2409,1.);
#2409 = DIRECTION('',(0.,0.,1.));
#2410 = ORIENTED_EDGE('',*,*,#2124,.T.);
#2411 = ORIENTED_EDGE('',*,*,#2405,.T.);
#2412 = CYLINDRICAL_SURFACE('',#2413,7.);
#2413 = AXIS2_PLACEMENT_3D('',#2414,#2415,#2416);
#2414 = CARTESIAN_POINT('',(377.,317.,36.));
#2415 = DIRECTION('',(0.,0.,1.));
#2416 = DIRECTION('',(1.,0.,0.));
#2417 = ADVANCED_FACE('',(#2418,#2421),#2424,.T.);
#2418 = FACE_BOUND('',#2419,.T.);
#2419 = EDGE_LOOP('',(#2420));
#2420 = ORIENTED_EDGE('',*,*,#2162,.T.);
#2421 = FACE_BOUND('',#2422,.T.);
#2422 = EDGE_LOOP('',(#2423));
#2423 = ORIENTED_EDGE('',*,*,#2321,.F.);
#2424 = PLANE('',#2425);
#2425 = AXIS2_PLACEMENT_3D('',#2426,#2427,#2428);
#2426 = CARTESIAN_POINT('',(33.,33.,38.5));
#2427 = DIRECTION('',(0.,0.,1.));
#2428 = DIRECTION('',(1.,0.,0.));
#2429 = ADVANCED_FACE('',(#2430,#2433),#2436,.T.);
#2430 = FACE_BOUND('',#2431,.T.);
#2431 = EDGE_LOOP('',(#2432));
#2432 = ORIENTED_EDGE('',*,*,#2204,.T.);
#2433 = FACE_BOUND('',#2434,.T.);
#2434 = EDGE_LOOP('',(#2435));
#2435 = ORIENTED_EDGE('',*,*,#2346,.F.);
#2436 = PLANE('',#2437);
#2437 = AXIS2_PLACEMENT_3D('',#2438,#2439,#2440);
#2438 = CARTESIAN_POINT('',(377.,33.,38.5));
#2439 = DIRECTION('',(0.,0.,1.));
#2440 = DIRECTION('',(1.,0.,0.));
#2441 = ADVANCED_FACE('',(#2442,#2445),#2448,.T.);
#2442 = FACE_BOUND('',#2443,.T.);
#2443 = EDGE_LOOP('',(#2444));
#2444 = ORIENTED_EDGE('',*,*,#2246,.T.);
#2445 = FACE_BOUND('',#2446,.T.);
#2446 = EDGE_LOOP('',(#2447));
#2447 = ORIENTED_EDGE('',*,*,#2371,.F.);
#2448 = PLANE('',#2449);
#2449 = AXIS2_PLACEMENT_3D('',#2450,#2451,#2452);
#2450 = CARTESIAN_POINT('',(33.,317.,38.5));
#2451 = DIRECTION('',(0.,0.,1.));
#2452 = DIRECTION('',(1.,0.,0.));
#2453 = ADVANCED_FACE('',(#2454,#2457),#2460,.T.);
#2454 = FACE_BOUND('',#2455,.T.);
#2455 = EDGE_LOOP('',(#2456));
#2456 = ORIENTED_EDGE('',*,*,#2305,.T.);
#2457 = FACE_BOUND('',#2458,.T.);
#2458 = EDGE_LOOP('',(#2459));
#2459 = ORIENTED_EDGE('',*,*,#2396,.F.);
#2460 = PLANE('',#2461);
#2461 = AXIS2_PLACEMENT_3D('',#2462,#2463,#2464);
#2462 = CARTESIAN_POINT('',(377.,317.,38.5));
#2463 = DIRECTION('',(0.,0.,1.));
#2464 = DIRECTION('',(1.,0.,0.));
#2465 = MANIFOLD_SOLID_BREP('',#2466);
#2466 = CLOSED_SHELL('',(#2467,#2507,#2538,#2569,#2600,#2640,#2705,#2736
    ,#2758,#2789,#2829,#2860,#2891,#2922,#2953,#3009,#3040,#3057,#3074,
    #3086,#3108,#3139,#3170,#3201,#3232,#3263,#3294,#3325,#3347,#3381));
#2467 = ADVANCED_FACE('',(#2468),#2502,.T.);
#2468 = FACE_BOUND('',#2469,.T.);
#2469 = EDGE_LOOP('',(#2470,#2480,#2488,#2496));
#2470 = ORIENTED_EDGE('',*,*,#2471,.F.);
#2471 = EDGE_CURVE('',#2472,#2474,#2476,.T.);
#2472 = VERTEX_POINT('',#2473);
#2473 = CARTESIAN_POINT('',(410.,2.,40.));
#2474 = VERTEX_POINT('',#2475);
#2475 = CARTESIAN_POINT('',(410.,2.,990.));
#2476 = LINE('',#2477,#2478);
#2477 = CARTESIAN_POINT('',(410.,2.,40.));
#2478 = VECTOR('',#2479,1.);
#2479 = DIRECTION('',(0.,0.,1.));
#2480 = ORIENTED_EDGE('',*,*,#2481,.T.);
#2481 = EDGE_CURVE('',#2472,#2482,#2484,.T.);
#2482 = VERTEX_POINT('',#2483);
#2483 = CARTESIAN_POINT('',(410.,348.,40.));
#2484 = LINE('',#2485,#2486);
#2485 = CARTESIAN_POINT('',(410.,2.,40.));
#2486 = VECTOR('',#2487,1.);
#2487 = DIRECTION('',(0.,1.,0.));
#2488 = ORIENTED_EDGE('',*,*,#2489,.T.);
#2489 = EDGE_CURVE('',#2482,#2490,#2492,.T.);
#2490 = VERTEX_POINT('',#2491);
#2491 = CARTESIAN_POINT('',(410.,348.,990.));
#2492 = LINE('',#2493,#2494);
#2493 = CARTESIAN_POINT('',(410.,348.,40.));
#2494 = VECTOR('',#2495,1.);
#2495 = DIRECTION('',(0.,0.,1.));
#2496 = ORIENTED_EDGE('',*,*,#2497,.F.);
#2497 = EDGE_CURVE('',#2474,#2490,#2498,.T.);
#2498 = LINE('',#2499,#2500);
#2499 = CARTESIAN_POINT('',(410.,2.,990.));
#2500 = VECTOR('',#2501,1.);
#2501 = DIRECTION('',(0.,1.,0.));
#2502 = PLANE('',#2503);
#2503 = AXIS2_PLACEMENT_3D('',#2504,#2505,#2506);
#2504 = CARTESIAN_POINT('',(410.,2.,40.));
#2505 = DIRECTION('',(1.,0.,0.));
#2506 = DIRECTION('',(0.,0.,1.));
#2507 = ADVANCED_FACE('',(#2508),#2533,.T.);
#2508 = FACE_BOUND('',#2509,.T.);
#2509 = EDGE_LOOP('',(#2510,#2518,#2519,#2527));
#2510 = ORIENTED_EDGE('',*,*,#2511,.F.);
#2511 = EDGE_CURVE('',#2472,#2512,#2514,.T.);
#2512 = VERTEX_POINT('',#2513);
#2513 = CARTESIAN_POINT('',(412.,2.,40.));
#2514 = LINE('',#2515,#2516);
#2515 = CARTESIAN_POINT('',(408.,2.,40.));
#2516 = VECTOR('',#2517,1.);
#2517 = DIRECTION('',(1.,0.,0.));
#2518 = ORIENTED_EDGE('',*,*,#2471,.T.);
#2519 = ORIENTED_EDGE('',*,*,#2520,.T.);
#2520 = EDGE_CURVE('',#2474,#2521,#2523,.T.);
#2521 = VERTEX_POINT('',#2522);
#2522 = CARTESIAN_POINT('',(412.,2.,990.));
#2523 = LINE('',#2524,#2525);
#2524 = CARTESIAN_POINT('',(408.,2.,990.));
#2525 = VECTOR('',#2526,1.);
#2526 = DIRECTION('',(1.,0.,0.));
#2527 = ORIENTED_EDGE('',*,*,#2528,.F.);
#2528 = EDGE_CURVE('',#2512,#2521,#2529,.T.);
#2529 = LINE('',#2530,#2531);
#2530 = CARTESIAN_POINT('',(412.,2.,40.));
#2531 = VECTOR('',#2532,1.);
#2532 = DIRECTION('',(0.,0.,1.));
#2533 = PLANE('',#2534);
#2534 = AXIS2_PLACEMENT_3D('',#2535,#2536,#2537);
#2535 = CARTESIAN_POINT('',(408.,2.,40.));
#2536 = DIRECTION('',(0.,1.,0.));
#2537 = DIRECTION('',(0.,0.,1.));
#2538 = ADVANCED_FACE('',(#2539),#2564,.T.);
#2539 = FACE_BOUND('',#2540,.T.);
#2540 = EDGE_LOOP('',(#2541,#2551,#2557,#2558));
#2541 = ORIENTED_EDGE('',*,*,#2542,.F.);
#2542 = EDGE_CURVE('',#2543,#2545,#2547,.T.);
#2543 = VERTEX_POINT('',#2544);
#2544 = CARTESIAN_POINT('',(412.,-2.,40.));
#2545 = VERTEX_POINT('',#2546);
#2546 = CARTESIAN_POINT('',(412.,-2.,990.));
#2547 = LINE('',#2548,#2549);
#2548 = CARTESIAN_POINT('',(412.,-2.,40.));
#2549 = VECTOR('',#2550,1.);
#2550 = DIRECTION('',(0.,0.,1.));
#2551 = ORIENTED_EDGE('',*,*,#2552,.T.);
#2552 = EDGE_CURVE('',#2543,#2512,#2553,.T.);
#2553 = LINE('',#2554,#2555);
#2554 = CARTESIAN_POINT('',(412.,-2.,40.));
#2555 = VECTOR('',#2556,1.);
#2556 = DIRECTION('',(0.,1.,0.));
#2557 = ORIENTED_EDGE('',*,*,#2528,.T.);
#2558 = ORIENTED_EDGE('',*,*,#2559,.F.);
#2559 = EDGE_CURVE('',#2545,#2521,#2560,.T.);
#2560 = LINE('',#2561,#2562);
#2561 = CARTESIAN_POINT('',(412.,-2.,990.));
#2562 = VECTOR('',#2563,1.);
#2563 = DIRECTION('',(0.,1.,0.));
#2564 = PLANE('',#2565);
#2565 = AXIS2_PLACEMENT_3D('',#2566,#2567,#2568);
#2566 = CARTESIAN_POINT('',(412.,-2.,40.));
#2567 = DIRECTION('',(1.,0.,0.));
#2568 = DIRECTION('',(0.,0.,1.));
#2569 = ADVANCED_FACE('',(#2570),#2595,.F.);
#2570 = FACE_BOUND('',#2571,.F.);
#2571 = EDGE_LOOP('',(#2572,#2580,#2588,#2594));
#2572 = ORIENTED_EDGE('',*,*,#2573,.F.);
#2573 = EDGE_CURVE('',#2574,#2543,#2576,.T.);
#2574 = VERTEX_POINT('',#2575);
#2575 = CARTESIAN_POINT('',(408.,-2.,40.));
#2576 = LINE('',#2577,#2578);
#2577 = CARTESIAN_POINT('',(408.,-2.,40.));
#2578 = VECTOR('',#2579,1.);
#2579 = DIRECTION('',(1.,0.,0.));
#2580 = ORIENTED_EDGE('',*,*,#2581,.T.);
#2581 = EDGE_CURVE('',#2574,#2582,#2584,.T.);
#2582 = VERTEX_POINT('',#2583);
#2583 = CARTESIAN_POINT('',(408.,-2.,990.));
#2584 = LINE('',#2585,#2586);
#2585 = CARTESIAN_POINT('',(408.,-2.,40.));
#2586 = VECTOR('',#2587,1.);
#2587 = DIRECTION('',(0.,0.,1.));
#2588 = ORIENTED_EDGE('',*,*,#2589,.T.);
#2589 = EDGE_CURVE('',#2582,#2545,#2590,.T.);
#2590 = LINE('',#2591,#2592);
#2591 = CARTESIAN_POINT('',(408.,-2.,990.));
#2592 = VECTOR('',#2593,1.);
#2593 = DIRECTION('',(1.,0.,0.));
#2594 = ORIENTED_EDGE('',*,*,#2542,.F.);
#2595 = PLANE('',#2596);
#2596 = AXIS2_PLACEMENT_3D('',#2597,#2598,#2599);
#2597 = CARTESIAN_POINT('',(408.,-2.,40.));
#2598 = DIRECTION('',(0.,1.,0.));
#2599 = DIRECTION('',(0.,0.,1.));
#2600 = ADVANCED_FACE('',(#2601),#2635,.T.);
#2601 = FACE_BOUND('',#2602,.T.);
#2602 = EDGE_LOOP('',(#2603,#2613,#2621,#2629));
#2603 = ORIENTED_EDGE('',*,*,#2604,.F.);
#2604 = EDGE_CURVE('',#2605,#2607,#2609,.T.);
#2605 = VERTEX_POINT('',#2606);
#2606 = CARTESIAN_POINT('',(2.,2.,40.));
#2607 = VERTEX_POINT('',#2608);
#2608 = CARTESIAN_POINT('',(2.,2.,990.));
#2609 = LINE('',#2610,#2611);
#2610 = CARTESIAN_POINT('',(2.,2.,40.));
#2611 = VECTOR('',#2612,1.);
#2612 = DIRECTION('',(0.,0.,1.));
#2613 = ORIENTED_EDGE('',*,*,#2614,.T.);
#2614 = EDGE_CURVE('',#2605,#2615,#2617,.T.);
#2615 = VERTEX_POINT('',#2616);
#2616 = CARTESIAN_POINT('',(2.,348.,40.));
#2617 = LINE('',#2618,#2619);
#2618 = CARTESIAN_POINT('',(2.,2.,40.));
#2619 = VECTOR('',#2620,1.);
#2620 = DIRECTION('',(0.,1.,0.));
#2621 = ORIENTED_EDGE('',*,*,#2622,.T.);
#2622 = EDGE_CURVE('',#2615,#2623,#2625,.T.);
#2623 = VERTEX_POINT('',#2624);
#2624 = CARTESIAN_POINT('',(2.,348.,990.));
#2625 = LINE('',#2626,#2627);
#2626 = CARTESIAN_POINT('',(2.,348.,40.));
#2627 = VECTOR('',#2628,1.);
#2628 = DIRECTION('',(0.,0.,1.));
#2629 = ORIENTED_EDGE('',*,*,#2630,.F.);
#2630 = EDGE_CURVE('',#2607,#2623,#2631,.T.);
#2631 = LINE('',#2632,#2633);
#2632 = CARTESIAN_POINT('',(2.,2.,990.));
#2633 = VECTOR('',#2634,1.);
#2634 = DIRECTION('',(0.,1.,0.));
#2635 = PLANE('',#2636);
#2636 = AXIS2_PLACEMENT_3D('',#2637,#2638,#2639);
#2637 = CARTESIAN_POINT('',(2.,2.,40.));
#2638 = DIRECTION('',(1.,0.,0.));
#2639 = DIRECTION('',(0.,0.,1.));
#2640 = ADVANCED_FACE('',(#2641,#2666),#2700,.T.);
#2641 = FACE_BOUND('',#2642,.T.);
#2642 = EDGE_LOOP('',(#2643,#2651,#2652,#2660));
#2643 = ORIENTED_EDGE('',*,*,#2644,.F.);
#2644 = EDGE_CURVE('',#2605,#2645,#2647,.T.);
#2645 = VERTEX_POINT('',#2646);
#2646 = CARTESIAN_POINT('',(408.,2.,40.));
#2647 = LINE('',#2648,#2649);
#2648 = CARTESIAN_POINT('',(0.,2.,40.));
#2649 = VECTOR('',#2650,1.);
#2650 = DIRECTION('',(1.,0.,0.));
#2651 = ORIENTED_EDGE('',*,*,#2604,.T.);
#2652 = ORIENTED_EDGE('',*,*,#2653,.T.);
#2653 = EDGE_CURVE('',#2607,#2654,#2656,.T.);
#2654 = VERTEX_POINT('',#2655);
#2655 = CARTESIAN_POINT('',(408.,2.,990.));
#2656 = LINE('',#2657,#2658);
#2657 = CARTESIAN_POINT('',(0.,2.,990.));
#2658 = VECTOR('',#2659,1.);
#2659 = DIRECTION('',(1.,0.,0.));
#2660 = ORIENTED_EDGE('',*,*,#2661,.F.);
#2661 = EDGE_CURVE('',#2645,#2654,#2662,.T.);
#2662 = LINE('',#2663,#2664);
#2663 = CARTESIAN_POINT('',(408.,2.,40.));
#2664 = VECTOR('',#2665,1.);
#2665 = DIRECTION('',(0.,0.,1.));
#2666 = FACE_BOUND('',#2667,.T.);
#2667 = EDGE_LOOP('',(#2668,#2678,#2686,#2694));
#2668 = ORIENTED_EDGE('',*,*,#2669,.F.);
#2669 = EDGE_CURVE('',#2670,#2672,#2674,.T.);
#2670 = VERTEX_POINT('',#2671);
#2671 = CARTESIAN_POINT('',(35.,2.,770.));
#2672 = VERTEX_POINT('',#2673);
#2673 = CARTESIAN_POINT('',(375.,2.,770.));
#2674 = LINE('',#2675,#2676);
#2675 = CARTESIAN_POINT('',(17.5,2.,770.));
#2676 = VECTOR('',#2677,1.);
#2677 = DIRECTION('',(1.,0.,0.));
#2678 = ORIENTED_EDGE('',*,*,#2679,.T.);
#2679 = EDGE_CURVE('',#2670,#2680,#2682,.T.);
#2680 = VERTEX_POINT('',#2681);
#2681 = CARTESIAN_POINT('',(35.,2.,100.));
#2682 = LINE('',#2683,#2684);
#2683 = CARTESIAN_POINT('',(35.,2.,70.));
#2684 = VECTOR('',#2685,1.);
#2685 = DIRECTION('',(0.,0.,-1.));
#2686 = ORIENTED_EDGE('',*,*,#2687,.T.);
#2687 = EDGE_CURVE('',#2680,#2688,#2690,.T.);
#2688 = VERTEX_POINT('',#2689);
#2689 = CARTESIAN_POINT('',(375.,2.,100.));
#2690 = LINE('',#2691,#2692);
#2691 = CARTESIAN_POINT('',(17.5,2.,100.));
#2692 = VECTOR('',#2693,1.);
#2693 = DIRECTION('',(1.,0.,0.));
#2694 = ORIENTED_EDGE('',*,*,#2695,.F.);
#2695 = EDGE_CURVE('',#2672,#2688,#2696,.T.);
#2696 = LINE('',#2697,#2698);
#2697 = CARTESIAN_POINT('',(375.,2.,70.));
#2698 = VECTOR('',#2699,1.);
#2699 = DIRECTION('',(0.,0.,-1.));
#2700 = PLANE('',#2701);
#2701 = AXIS2_PLACEMENT_3D('',#2702,#2703,#2704);
#2702 = CARTESIAN_POINT('',(0.,2.,40.));
#2703 = DIRECTION('',(0.,1.,0.));
#2704 = DIRECTION('',(0.,0.,1.));
#2705 = ADVANCED_FACE('',(#2706),#2731,.F.);
#2706 = FACE_BOUND('',#2707,.F.);
#2707 = EDGE_LOOP('',(#2708,#2716,#2717,#2725));
#2708 = ORIENTED_EDGE('',*,*,#2709,.F.);
#2709 = EDGE_CURVE('',#2615,#2710,#2712,.T.);
#2710 = VERTEX_POINT('',#2711);
#2711 = CARTESIAN_POINT('',(408.,348.,40.));
#2712 = LINE('',#2713,#2714);
#2713 = CARTESIAN_POINT('',(0.,348.,40.));
#2714 = VECTOR('',#2715,1.);
#2715 = DIRECTION('',(1.,0.,0.));
#2716 = ORIENTED_EDGE('',*,*,#2622,.T.);
#2717 = ORIENTED_EDGE('',*,*,#2718,.T.);
#2718 = EDGE_CURVE('',#2623,#2719,#2721,.T.);
#2719 = VERTEX_POINT('',#2720);
#2720 = CARTESIAN_POINT('',(408.,348.,990.));
#2721 = LINE('',#2722,#2723);
#2722 = CARTESIAN_POINT('',(0.,348.,990.));
#2723 = VECTOR('',#2724,1.);
#2724 = DIRECTION('',(1.,0.,0.));
#2725 = ORIENTED_EDGE('',*,*,#2726,.F.);
#2726 = EDGE_CURVE('',#2710,#2719,#2727,.T.);
#2727 = LINE('',#2728,#2729);
#2728 = CARTESIAN_POINT('',(408.,348.,40.));
#2729 = VECTOR('',#2730,1.);
#2730 = DIRECTION('',(0.,0.,1.));
#2731 = PLANE('',#2732);
#2732 = AXIS2_PLACEMENT_3D('',#2733,#2734,#2735);
#2733 = CARTESIAN_POINT('',(0.,348.,40.));
#2734 = DIRECTION('',(0.,1.,0.));
#2735 = DIRECTION('',(0.,0.,1.));
#2736 = ADVANCED_FACE('',(#2737),#2753,.F.);
#2737 = FACE_BOUND('',#2738,.F.);
#2738 = EDGE_LOOP('',(#2739,#2740,#2746,#2747));
#2739 = ORIENTED_EDGE('',*,*,#2661,.F.);
#2740 = ORIENTED_EDGE('',*,*,#2741,.T.);
#2741 = EDGE_CURVE('',#2645,#2710,#2742,.T.);
#2742 = LINE('',#2743,#2744);
#2743 = CARTESIAN_POINT('',(408.,2.,40.));
#2744 = VECTOR('',#2745,1.);
#2745 = DIRECTION('',(0.,1.,0.));
#2746 = ORIENTED_EDGE('',*,*,#2726,.T.);
#2747 = ORIENTED_EDGE('',*,*,#2748,.F.);
#2748 = EDGE_CURVE('',#2654,#2719,#2749,.T.);
#2749 = LINE('',#2750,#2751);
#2750 = CARTESIAN_POINT('',(408.,2.,990.));
#2751 = VECTOR('',#2752,1.);
#2752 = DIRECTION('',(0.,1.,0.));
#2753 = PLANE('',#2754);
#2754 = AXIS2_PLACEMENT_3D('',#2755,#2756,#2757);
#2755 = CARTESIAN_POINT('',(408.,2.,40.));
#2756 = DIRECTION('',(1.,0.,0.));
#2757 = DIRECTION('',(0.,0.,1.));
#2758 = ADVANCED_FACE('',(#2759),#2784,.F.);
#2759 = FACE_BOUND('',#2760,.F.);
#2760 = EDGE_LOOP('',(#2761,#2769,#2777,#2783));
#2761 = ORIENTED_EDGE('',*,*,#2762,.F.);
#2762 = EDGE_CURVE('',#2763,#2670,#2765,.T.);
#2763 = VERTEX_POINT('',#2764);
#2764 = CARTESIAN_POINT('',(35.,0.,770.));
#2765 = LINE('',#2766,#2767);
#2766 = CARTESIAN_POINT('',(35.,-1.,770.));
#2767 = VECTOR('',#2768,1.);
#2768 = DIRECTION('',(0.,1.,0.));
#2769 = ORIENTED_EDGE('',*,*,#2770,.T.);
#2770 = EDGE_CURVE('',#2763,#2771,#2773,.T.);
#2771 = VERTEX_POINT('',#2772);
#2772 = CARTESIAN_POINT('',(375.,0.,770.));
#2773 = LINE('',#2774,#2775);
#2774 = CARTESIAN_POINT('',(17.5,0.,770.));
#2775 = VECTOR('',#2776,1.);
#2776 = DIRECTION('',(1.,0.,0.));
#2777 = ORIENTED_EDGE('',*,*,#2778,.T.);
#2778 = EDGE_CURVE('',#2771,#2672,#2779,.T.);
#2779 = LINE('',#2780,#2781);
#2780 = CARTESIAN_POINT('',(375.,-1.,770.));
#2781 = VECTOR('',#2782,1.);
#2782 = DIRECTION('',(0.,1.,0.));
#2783 = ORIENTED_EDGE('',*,*,#2669,.F.);
#2784 = PLANE('',#2785);
#2785 = AXIS2_PLACEMENT_3D('',#2786,#2787,#2788);
#2786 = CARTESIAN_POINT('',(35.,-1.,770.));
#2787 = DIRECTION('',(0.,0.,1.));
#2788 = DIRECTION('',(1.,0.,0.));
#2789 = ADVANCED_FACE('',(#2790),#2824,.T.);
#2790 = FACE_BOUND('',#2791,.T.);
#2791 = EDGE_LOOP('',(#2792,#2802,#2810,#2818));
#2792 = ORIENTED_EDGE('',*,*,#2793,.F.);
#2793 = EDGE_CURVE('',#2794,#2796,#2798,.T.);
#2794 = VERTEX_POINT('',#2795);
#2795 = CARTESIAN_POINT('',(2.,-2.,990.));
#2796 = VERTEX_POINT('',#2797);
#2797 = CARTESIAN_POINT('',(2.,0.,990.));
#2798 = LINE('',#2799,#2800);
#2799 = CARTESIAN_POINT('',(2.,-2.,990.));
#2800 = VECTOR('',#2801,1.);
#2801 = DIRECTION('',(0.,1.,0.));
#2802 = ORIENTED_EDGE('',*,*,#2803,.F.);
#2803 = EDGE_CURVE('',#2804,#2794,#2806,.T.);
#2804 = VERTEX_POINT('',#2805);
#2805 = CARTESIAN_POINT('',(2.,-2.,40.));
#2806 = LINE('',#2807,#2808);
#2807 = CARTESIAN_POINT('',(2.,-2.,40.));
#2808 = VECTOR('',#2809,1.);
#2809 = DIRECTION('',(0.,0.,1.));
#2810 = ORIENTED_EDGE('',*,*,#2811,.T.);
#2811 = EDGE_CURVE('',#2804,#2812,#2814,.T.);
#2812 = VERTEX_POINT('',#2813);
#2813 = CARTESIAN_POINT('',(2.,0.,40.));
#2814 = LINE('',#2815,#2816);
#2815 = CARTESIAN_POINT('',(2.,-2.,40.));
#2816 = VECTOR('',#2817,1.);
#2817 = DIRECTION('',(0.,1.,0.));
#2818 = ORIENTED_EDGE('',*,*,#2819,.F.);
#2819 = EDGE_CURVE('',#2796,#2812,#2820,.T.);
#2820 = LINE('',#2821,#2822);
#2821 = CARTESIAN_POINT('',(2.,0.,40.));
#2822 = VECTOR('',#2823,1.);
#2823 = DIRECTION('',(0.,0.,-1.));
#2824 = PLANE('',#2825);
#2825 = AXIS2_PLACEMENT_3D('',#2826,#2827,#2828);
#2826 = CARTESIAN_POINT('',(2.,-2.,40.));
#2827 = DIRECTION('',(1.,0.,0.));
#2828 = DIRECTION('',(0.,0.,1.));
#2829 = ADVANCED_FACE('',(#2830),#2855,.F.);
#2830 = FACE_BOUND('',#2831,.F.);
#2831 = EDGE_LOOP('',(#2832,#2840,#2848,#2854));
#2832 = ORIENTED_EDGE('',*,*,#2833,.F.);
#2833 = EDGE_CURVE('',#2834,#2804,#2836,.T.);
#2834 = VERTEX_POINT('',#2835);
#2835 = CARTESIAN_POINT('',(-2.,-2.,40.));
#2836 = LINE('',#2837,#2838);
#2837 = CARTESIAN_POINT('',(-2.,-2.,40.));
#2838 = VECTOR('',#2839,1.);
#2839 = DIRECTION('',(1.,0.,0.));
#2840 = ORIENTED_EDGE('',*,*,#2841,.T.);
#2841 = EDGE_CURVE('',#2834,#2842,#2844,.T.);
#2842 = VERTEX_POINT('',#2843);
#2843 = CARTESIAN_POINT('',(-2.,-2.,990.));
#2844 = LINE('',#2845,#2846);
#2845 = CARTESIAN_POINT('',(-2.,-2.,40.));
#2846 = VECTOR('',#2847,1.);
#2847 = DIRECTION('',(0.,0.,1.));
#2848 = ORIENTED_EDGE('',*,*,#2849,.T.);
#2849 = EDGE_CURVE('',#2842,#2794,#2850,.T.);
#2850 = LINE('',#2851,#2852);
#2851 = CARTESIAN_POINT('',(-2.,-2.,990.));
#2852 = VECTOR('',#2853,1.);
#2853 = DIRECTION('',(1.,0.,0.));
#2854 = ORIENTED_EDGE('',*,*,#2803,.F.);
#2855 = PLANE('',#2856);
#2856 = AXIS2_PLACEMENT_3D('',#2857,#2858,#2859);
#2857 = CARTESIAN_POINT('',(-2.,-2.,40.));
#2858 = DIRECTION('',(0.,1.,0.));
#2859 = DIRECTION('',(0.,0.,1.));
#2860 = ADVANCED_FACE('',(#2861),#2886,.F.);
#2861 = FACE_BOUND('',#2862,.F.);
#2862 = EDGE_LOOP('',(#2863,#2864,#2872,#2880));
#2863 = ORIENTED_EDGE('',*,*,#2841,.F.);
#2864 = ORIENTED_EDGE('',*,*,#2865,.T.);
#2865 = EDGE_CURVE('',#2834,#2866,#2868,.T.);
#2866 = VERTEX_POINT('',#2867);
#2867 = CARTESIAN_POINT('',(-2.,2.,40.));
#2868 = LINE('',#2869,#2870);
#2869 = CARTESIAN_POINT('',(-2.,-2.,40.));
#2870 = VECTOR('',#2871,1.);
#2871 = DIRECTION('',(0.,1.,0.));
#2872 = ORIENTED_EDGE('',*,*,#2873,.T.);
#2873 = EDGE_CURVE('',#2866,#2874,#2876,.T.);
#2874 = VERTEX_POINT('',#2875);
#2875 = CARTESIAN_POINT('',(-2.,2.,990.));
#2876 = LINE('',#2877,#2878);
#2877 = CARTESIAN_POINT('',(-2.,2.,40.));
#2878 = VECTOR('',#2879,1.);
#2879 = DIRECTION('',(0.,0.,1.));
#2880 = ORIENTED_EDGE('',*,*,#2881,.F.);
#2881 = EDGE_CURVE('',#2842,#2874,#2882,.T.);
#2882 = LINE('',#2883,#2884);
#2883 = CARTESIAN_POINT('',(-2.,-2.,990.));
#2884 = VECTOR('',#2885,1.);
#2885 = DIRECTION('',(0.,1.,0.));
#2886 = PLANE('',#2887);
#2887 = AXIS2_PLACEMENT_3D('',#2888,#2889,#2890);
#2888 = CARTESIAN_POINT('',(-2.,-2.,40.));
#2889 = DIRECTION('',(1.,0.,0.));
#2890 = DIRECTION('',(0.,0.,1.));
#2891 = ADVANCED_FACE('',(#2892),#2917,.T.);
#2892 = FACE_BOUND('',#2893,.T.);
#2893 = EDGE_LOOP('',(#2894,#2902,#2903,#2911));
#2894 = ORIENTED_EDGE('',*,*,#2895,.F.);
#2895 = EDGE_CURVE('',#2866,#2896,#2898,.T.);
#2896 = VERTEX_POINT('',#2897);
#2897 = CARTESIAN_POINT('',(0.,2.,40.));
#2898 = LINE('',#2899,#2900);
#2899 = CARTESIAN_POINT('',(-2.,2.,40.));
#2900 = VECTOR('',#2901,1.);
#2901 = DIRECTION('',(1.,0.,0.));
#2902 = ORIENTED_EDGE('',*,*,#2873,.T.);
#2903 = ORIENTED_EDGE('',*,*,#2904,.T.);
#2904 = EDGE_CURVE('',#2874,#2905,#2907,.T.);
#2905 = VERTEX_POINT('',#2906);
#2906 = CARTESIAN_POINT('',(0.,2.,990.));
#2907 = LINE('',#2908,#2909);
#2908 = CARTESIAN_POINT('',(-2.,2.,990.));
#2909 = VECTOR('',#2910,1.);
#2910 = DIRECTION('',(1.,0.,0.));
#2911 = ORIENTED_EDGE('',*,*,#2912,.F.);
#2912 = EDGE_CURVE('',#2896,#2905,#2913,.T.);
#2913 = LINE('',#2914,#2915);
#2914 = CARTESIAN_POINT('',(0.,2.,40.));
#2915 = VECTOR('',#2916,1.);
#2916 = DIRECTION('',(0.,0.,1.));
#2917 = PLANE('',#2918);
#2918 = AXIS2_PLACEMENT_3D('',#2919,#2920,#2921);
#2919 = CARTESIAN_POINT('',(-2.,2.,40.));
#2920 = DIRECTION('',(0.,1.,0.));
#2921 = DIRECTION('',(0.,0.,1.));
#2922 = ADVANCED_FACE('',(#2923),#2948,.F.);
#2923 = FACE_BOUND('',#2924,.F.);
#2924 = EDGE_LOOP('',(#2925,#2926,#2934,#2942));
#2925 = ORIENTED_EDGE('',*,*,#2912,.F.);
#2926 = ORIENTED_EDGE('',*,*,#2927,.T.);
#2927 = EDGE_CURVE('',#2896,#2928,#2930,.T.);
#2928 = VERTEX_POINT('',#2929);
#2929 = CARTESIAN_POINT('',(0.,348.,40.));
#2930 = LINE('',#2931,#2932);
#2931 = CARTESIAN_POINT('',(0.,2.,40.));
#2932 = VECTOR('',#2933,1.);
#2933 = DIRECTION('',(0.,1.,0.));
#2934 = ORIENTED_EDGE('',*,*,#2935,.T.);
#2935 = EDGE_CURVE('',#2928,#2936,#2938,.T.);
#2936 = VERTEX_POINT('',#2937);
#2937 = CARTESIAN_POINT('',(0.,348.,990.));
#2938 = LINE('',#2939,#2940);
#2939 = CARTESIAN_POINT('',(0.,348.,40.));
#2940 = VECTOR('',#2941,1.);
#2941 = DIRECTION('',(0.,0.,1.));
#2942 = ORIENTED_EDGE('',*,*,#2943,.F.);
#2943 = EDGE_CURVE('',#2905,#2936,#2944,.T.);
#2944 = LINE('',#2945,#2946);
#2945 = CARTESIAN_POINT('',(0.,2.,990.));
#2946 = VECTOR('',#2947,1.);
#2947 = DIRECTION('',(0.,1.,0.));
#2948 = PLANE('',#2949);
#2949 = AXIS2_PLACEMENT_3D('',#2950,#2951,#2952);
#2950 = CARTESIAN_POINT('',(0.,2.,40.));
#2951 = DIRECTION('',(1.,0.,0.));
#2952 = DIRECTION('',(0.,0.,1.));
#2953 = ADVANCED_FACE('',(#2954,#2979),#3004,.F.);
#2954 = FACE_BOUND('',#2955,.F.);
#2955 = EDGE_LOOP('',(#2956,#2964,#2965,#2973));
#2956 = ORIENTED_EDGE('',*,*,#2957,.F.);
#2957 = EDGE_CURVE('',#2812,#2958,#2960,.T.);
#2958 = VERTEX_POINT('',#2959);
#2959 = CARTESIAN_POINT('',(408.,0.,40.));
#2960 = LINE('',#2961,#2962);
#2961 = CARTESIAN_POINT('',(0.,0.,40.));
#2962 = VECTOR('',#2963,1.);
#2963 = DIRECTION('',(1.,0.,0.));
#2964 = ORIENTED_EDGE('',*,*,#2819,.F.);
#2965 = ORIENTED_EDGE('',*,*,#2966,.T.);
#2966 = EDGE_CURVE('',#2796,#2967,#2969,.T.);
#2967 = VERTEX_POINT('',#2968);
#2968 = CARTESIAN_POINT('',(408.,0.,990.));
#2969 = LINE('',#2970,#2971);
#2970 = CARTESIAN_POINT('',(0.,0.,990.));
#2971 = VECTOR('',#2972,1.);
#2972 = DIRECTION('',(1.,0.,0.));
#2973 = ORIENTED_EDGE('',*,*,#2974,.T.);
#2974 = EDGE_CURVE('',#2967,#2958,#2975,.T.);
#2975 = LINE('',#2976,#2977);
#2976 = CARTESIAN_POINT('',(408.,0.,40.));
#2977 = VECTOR('',#2978,1.);
#2978 = DIRECTION('',(0.,0.,-1.));
#2979 = FACE_BOUND('',#2980,.F.);
#2980 = EDGE_LOOP('',(#2981,#2982,#2990,#2998));
#2981 = ORIENTED_EDGE('',*,*,#2770,.F.);
#2982 = ORIENTED_EDGE('',*,*,#2983,.T.);
#2983 = EDGE_CURVE('',#2763,#2984,#2986,.T.);
#2984 = VERTEX_POINT('',#2985);
#2985 = CARTESIAN_POINT('',(35.,0.,100.));
#2986 = LINE('',#2987,#2988);
#2987 = CARTESIAN_POINT('',(35.,0.,70.));
#2988 = VECTOR('',#2989,1.);
#2989 = DIRECTION('',(0.,0.,-1.));
#2990 = ORIENTED_EDGE('',*,*,#2991,.T.);
#2991 = EDGE_CURVE('',#2984,#2992,#2994,.T.);
#2992 = VERTEX_POINT('',#2993);
#2993 = CARTESIAN_POINT('',(375.,0.,100.));
#2994 = LINE('',#2995,#2996);
#2995 = CARTESIAN_POINT('',(17.5,0.,100.));
#2996 = VECTOR('',#2997,1.);
#2997 = DIRECTION('',(1.,0.,0.));
#2998 = ORIENTED_EDGE('',*,*,#2999,.F.);
#2999 = EDGE_CURVE('',#2771,#2992,#3000,.T.);
#3000 = LINE('',#3001,#3002);
#3001 = CARTESIAN_POINT('',(375.,0.,70.));
#3002 = VECTOR('',#3003,1.);
#3003 = DIRECTION('',(0.,0.,-1.));
#3004 = PLANE('',#3005);
#3005 = AXIS2_PLACEMENT_3D('',#3006,#3007,#3008);
#3006 = CARTESIAN_POINT('',(0.,0.,40.));
#3007 = DIRECTION('',(0.,1.,0.));
#3008 = DIRECTION('',(0.,0.,1.));
#3009 = ADVANCED_FACE('',(#3010),#3035,.F.);
#3010 = FACE_BOUND('',#3011,.F.);
#3011 = EDGE_LOOP('',(#3012,#3020,#3028,#3034));
#3012 = ORIENTED_EDGE('',*,*,#3013,.F.);
#3013 = EDGE_CURVE('',#3014,#2928,#3016,.T.);
#3014 = VERTEX_POINT('',#3015);
#3015 = CARTESIAN_POINT('',(-2.,348.,40.));
#3016 = LINE('',#3017,#3018);
#3017 = CARTESIAN_POINT('',(-2.,348.,40.));
#3018 = VECTOR('',#3019,1.);
#3019 = DIRECTION('',(1.,0.,0.));
#3020 = ORIENTED_EDGE('',*,*,#3021,.T.);
#3021 = EDGE_CURVE('',#3014,#3022,#3024,.T.);
#3022 = VERTEX_POINT('',#3023);
#3023 = CARTESIAN_POINT('',(-2.,348.,990.));
#3024 = LINE('',#3025,#3026);
#3025 = CARTESIAN_POINT('',(-2.,348.,40.));
#3026 = VECTOR('',#3027,1.);
#3027 = DIRECTION('',(0.,0.,1.));
#3028 = ORIENTED_EDGE('',*,*,#3029,.T.);
#3029 = EDGE_CURVE('',#3022,#2936,#3030,.T.);
#3030 = LINE('',#3031,#3032);
#3031 = CARTESIAN_POINT('',(-2.,348.,990.));
#3032 = VECTOR('',#3033,1.);
#3033 = DIRECTION('',(1.,0.,0.));
#3034 = ORIENTED_EDGE('',*,*,#2935,.F.);
#3035 = PLANE('',#3036);
#3036 = AXIS2_PLACEMENT_3D('',#3037,#3038,#3039);
#3037 = CARTESIAN_POINT('',(-2.,348.,40.));
#3038 = DIRECTION('',(0.,1.,0.));
#3039 = DIRECTION('',(0.,0.,1.));
#3040 = ADVANCED_FACE('',(#3041),#3052,.T.);
#3041 = FACE_BOUND('',#3042,.T.);
#3042 = EDGE_LOOP('',(#3043,#3044,#3045,#3051));
#3043 = ORIENTED_EDGE('',*,*,#2762,.F.);
#3044 = ORIENTED_EDGE('',*,*,#2983,.T.);
#3045 = ORIENTED_EDGE('',*,*,#3046,.T.);
#3046 = EDGE_CURVE('',#2984,#2680,#3047,.T.);
#3047 = LINE('',#3048,#3049);
#3048 = CARTESIAN_POINT('',(35.,-1.,100.));
#3049 = VECTOR('',#3050,1.);
#3050 = DIRECTION('',(0.,1.,0.));
#3051 = ORIENTED_EDGE('',*,*,#2679,.F.);
#3052 = PLANE('',#3053);
#3053 = AXIS2_PLACEMENT_3D('',#3054,#3055,#3056);
#3054 = CARTESIAN_POINT('',(35.,-1.,100.));
#3055 = DIRECTION('',(1.,0.,0.));
#3056 = DIRECTION('',(0.,0.,1.));
#3057 = ADVANCED_FACE('',(#3058),#3069,.F.);
#3058 = FACE_BOUND('',#3059,.F.);
#3059 = EDGE_LOOP('',(#3060,#3061,#3062,#3068));
#3060 = ORIENTED_EDGE('',*,*,#2778,.F.);
#3061 = ORIENTED_EDGE('',*,*,#2999,.T.);
#3062 = ORIENTED_EDGE('',*,*,#3063,.T.);
#3063 = EDGE_CURVE('',#2992,#2688,#3064,.T.);
#3064 = LINE('',#3065,#3066);
#3065 = CARTESIAN_POINT('',(375.,-1.,100.));
#3066 = VECTOR('',#3067,1.);
#3067 = DIRECTION('',(0.,1.,0.));
#3068 = ORIENTED_EDGE('',*,*,#2695,.F.);
#3069 = PLANE('',#3070);
#3070 = AXIS2_PLACEMENT_3D('',#3071,#3072,#3073);
#3071 = CARTESIAN_POINT('',(375.,-1.,100.));
#3072 = DIRECTION('',(1.,0.,0.));
#3073 = DIRECTION('',(0.,0.,1.));
#3074 = ADVANCED_FACE('',(#3075),#3081,.T.);
#3075 = FACE_BOUND('',#3076,.T.);
#3076 = EDGE_LOOP('',(#3077,#3078,#3079,#3080));
#3077 = ORIENTED_EDGE('',*,*,#3046,.F.);
#3078 = ORIENTED_EDGE('',*,*,#2991,.T.);
#3079 = ORIENTED_EDGE('',*,*,#3063,.T.);
#3080 = ORIENTED_EDGE('',*,*,#2687,.F.);
#3081 = PLANE('',#3082);
#3082 = AXIS2_PLACEMENT_3D('',#3083,#3084,#3085);
#3083 = CARTESIAN_POINT('',(35.,-1.,100.));
#3084 = DIRECTION('',(0.,0.,1.));
#3085 = DIRECTION('',(1.,0.,0.));
#3086 = ADVANCED_FACE('',(#3087),#3103,.F.);
#3087 = FACE_BOUND('',#3088,.F.);
#3088 = EDGE_LOOP('',(#3089,#3095,#3096,#3102));
#3089 = ORIENTED_EDGE('',*,*,#3090,.F.);
#3090 = EDGE_CURVE('',#2582,#2967,#3091,.T.);
#3091 = LINE('',#3092,#3093);
#3092 = CARTESIAN_POINT('',(408.,-2.,990.));
#3093 = VECTOR('',#3094,1.);
#3094 = DIRECTION('',(0.,1.,0.));
#3095 = ORIENTED_EDGE('',*,*,#2581,.F.);
#3096 = ORIENTED_EDGE('',*,*,#3097,.T.);
#3097 = EDGE_CURVE('',#2574,#2958,#3098,.T.);
#3098 = LINE('',#3099,#3100);
#3099 = CARTESIAN_POINT('',(408.,-2.,40.));
#3100 = VECTOR('',#3101,1.);
#3101 = DIRECTION('',(0.,1.,0.));
#3102 = ORIENTED_EDGE('',*,*,#2974,.F.);
#3103 = PLANE('',#3104);
#3104 = AXIS2_PLACEMENT_3D('',#3105,#3106,#3107);
#3105 = CARTESIAN_POINT('',(408.,-2.,40.));
#3106 = DIRECTION('',(1.,0.,0.));
#3107 = DIRECTION('',(0.,0.,1.));
#3108 = ADVANCED_FACE('',(#3109),#3134,.F.);
#3109 = FACE_BOUND('',#3110,.F.);
#3110 = EDGE_LOOP('',(#3111,#3112,#3120,#3128));
#3111 = ORIENTED_EDGE('',*,*,#3021,.F.);
#3112 = ORIENTED_EDGE('',*,*,#3113,.T.);
#3113 = EDGE_CURVE('',#3014,#3114,#3116,.T.);
#3114 = VERTEX_POINT('',#3115);
#3115 = CARTESIAN_POINT('',(-2.,352.,40.));
#3116 = LINE('',#3117,#3118);
#3117 = CARTESIAN_POINT('',(-2.,348.,40.));
#3118 = VECTOR('',#3119,1.);
#3119 = DIRECTION('',(0.,1.,0.));
#3120 = ORIENTED_EDGE('',*,*,#3121,.T.);
#3121 = EDGE_CURVE('',#3114,#3122,#3124,.T.);
#3122 = VERTEX_POINT('',#3123);
#3123 = CARTESIAN_POINT('',(-2.,352.,990.));
#3124 = LINE('',#3125,#3126);
#3125 = CARTESIAN_POINT('',(-2.,352.,40.));
#3126 = VECTOR('',#3127,1.);
#3127 = DIRECTION('',(0.,0.,1.));
#3128 = ORIENTED_EDGE('',*,*,#3129,.F.);
#3129 = EDGE_CURVE('',#3022,#3122,#3130,.T.);
#3130 = LINE('',#3131,#3132);
#3131 = CARTESIAN_POINT('',(-2.,348.,990.));
#3132 = VECTOR('',#3133,1.);
#3133 = DIRECTION('',(0.,1.,0.));
#3134 = PLANE('',#3135);
#3135 = AXIS2_PLACEMENT_3D('',#3136,#3137,#3138);
#3136 = CARTESIAN_POINT('',(-2.,348.,40.));
#3137 = DIRECTION('',(1.,0.,0.));
#3138 = DIRECTION('',(0.,0.,1.));
#3139 = ADVANCED_FACE('',(#3140),#3165,.T.);
#3140 = FACE_BOUND('',#3141,.T.);
#3141 = EDGE_LOOP('',(#3142,#3150,#3151,#3159));
#3142 = ORIENTED_EDGE('',*,*,#3143,.F.);
#3143 = EDGE_CURVE('',#3114,#3144,#3146,.T.);
#3144 = VERTEX_POINT('',#3145);
#3145 = CARTESIAN_POINT('',(2.,352.,40.));
#3146 = LINE('',#3147,#3148);
#3147 = CARTESIAN_POINT('',(-2.,352.,40.));
#3148 = VECTOR('',#3149,1.);
#3149 = DIRECTION('',(1.,0.,0.));
#3150 = ORIENTED_EDGE('',*,*,#3121,.T.);
#3151 = ORIENTED_EDGE('',*,*,#3152,.T.);
#3152 = EDGE_CURVE('',#3122,#3153,#3155,.T.);
#3153 = VERTEX_POINT('',#3154);
#3154 = CARTESIAN_POINT('',(2.,352.,990.));
#3155 = LINE('',#3156,#3157);
#3156 = CARTESIAN_POINT('',(-2.,352.,990.));
#3157 = VECTOR('',#3158,1.);
#3158 = DIRECTION('',(1.,0.,0.));
#3159 = ORIENTED_EDGE('',*,*,#3160,.F.);
#3160 = EDGE_CURVE('',#3144,#3153,#3161,.T.);
#3161 = LINE('',#3162,#3163);
#3162 = CARTESIAN_POINT('',(2.,352.,40.));
#3163 = VECTOR('',#3164,1.);
#3164 = DIRECTION('',(0.,0.,1.));
#3165 = PLANE('',#3166);
#3166 = AXIS2_PLACEMENT_3D('',#3167,#3168,#3169);
#3167 = CARTESIAN_POINT('',(-2.,352.,40.));
#3168 = DIRECTION('',(0.,1.,0.));
#3169 = DIRECTION('',(0.,0.,1.));
#3170 = ADVANCED_FACE('',(#3171),#3196,.T.);
#3171 = FACE_BOUND('',#3172,.T.);
#3172 = EDGE_LOOP('',(#3173,#3183,#3189,#3190));
#3173 = ORIENTED_EDGE('',*,*,#3174,.T.);
#3174 = EDGE_CURVE('',#3175,#3177,#3179,.T.);
#3175 = VERTEX_POINT('',#3176);
#3176 = CARTESIAN_POINT('',(2.,350.,990.));
#3177 = VERTEX_POINT('',#3178);
#3178 = CARTESIAN_POINT('',(2.,350.,40.));
#3179 = LINE('',#3180,#3181);
#3180 = CARTESIAN_POINT('',(2.,350.,40.));
#3181 = VECTOR('',#3182,1.);
#3182 = DIRECTION('',(0.,0.,-1.));
#3183 = ORIENTED_EDGE('',*,*,#3184,.T.);
#3184 = EDGE_CURVE('',#3177,#3144,#3185,.T.);
#3185 = LINE('',#3186,#3187);
#3186 = CARTESIAN_POINT('',(2.,348.,40.));
#3187 = VECTOR('',#3188,1.);
#3188 = DIRECTION('',(0.,1.,0.));
#3189 = ORIENTED_EDGE('',*,*,#3160,.T.);
#3190 = ORIENTED_EDGE('',*,*,#3191,.F.);
#3191 = EDGE_CURVE('',#3175,#3153,#3192,.T.);
#3192 = LINE('',#3193,#3194);
#3193 = CARTESIAN_POINT('',(2.,348.,990.));
#3194 = VECTOR('',#3195,1.);
#3195 = DIRECTION('',(0.,1.,0.));
#3196 = PLANE('',#3197);
#3197 = AXIS2_PLACEMENT_3D('',#3198,#3199,#3200);
#3198 = CARTESIAN_POINT('',(2.,348.,40.));
#3199 = DIRECTION('',(1.,0.,0.));
#3200 = DIRECTION('',(0.,0.,1.));
#3201 = ADVANCED_FACE('',(#3202),#3227,.T.);
#3202 = FACE_BOUND('',#3203,.T.);
#3203 = EDGE_LOOP('',(#3204,#3212,#3213,#3221));
#3204 = ORIENTED_EDGE('',*,*,#3205,.F.);
#3205 = EDGE_CURVE('',#3177,#3206,#3208,.T.);
#3206 = VERTEX_POINT('',#3207);
#3207 = CARTESIAN_POINT('',(408.,350.,40.));
#3208 = LINE('',#3209,#3210);
#3209 = CARTESIAN_POINT('',(0.,350.,40.));
#3210 = VECTOR('',#3211,1.);
#3211 = DIRECTION('',(1.,0.,0.));
#3212 = ORIENTED_EDGE('',*,*,#3174,.F.);
#3213 = ORIENTED_EDGE('',*,*,#3214,.T.);
#3214 = EDGE_CURVE('',#3175,#3215,#3217,.T.);
#3215 = VERTEX_POINT('',#3216);
#3216 = CARTESIAN_POINT('',(408.,350.,990.));
#3217 = LINE('',#3218,#3219);
#3218 = CARTESIAN_POINT('',(0.,350.,990.));
#3219 = VECTOR('',#3220,1.);
#3220 = DIRECTION('',(1.,0.,0.));
#3221 = ORIENTED_EDGE('',*,*,#3222,.T.);
#3222 = EDGE_CURVE('',#3215,#3206,#3223,.T.);
#3223 = LINE('',#3224,#3225);
#3224 = CARTESIAN_POINT('',(408.,350.,40.));
#3225 = VECTOR('',#3226,1.);
#3226 = DIRECTION('',(0.,0.,-1.));
#3227 = PLANE('',#3228);
#3228 = AXIS2_PLACEMENT_3D('',#3229,#3230,#3231);
#3229 = CARTESIAN_POINT('',(0.,350.,40.));
#3230 = DIRECTION('',(0.,1.,0.));
#3231 = DIRECTION('',(0.,0.,1.));
#3232 = ADVANCED_FACE('',(#3233),#3258,.F.);
#3233 = FACE_BOUND('',#3234,.F.);
#3234 = EDGE_LOOP('',(#3235,#3236,#3244,#3252));
#3235 = ORIENTED_EDGE('',*,*,#3222,.T.);
#3236 = ORIENTED_EDGE('',*,*,#3237,.T.);
#3237 = EDGE_CURVE('',#3206,#3238,#3240,.T.);
#3238 = VERTEX_POINT('',#3239);
#3239 = CARTESIAN_POINT('',(408.,352.,40.));
#3240 = LINE('',#3241,#3242);
#3241 = CARTESIAN_POINT('',(408.,348.,40.));
#3242 = VECTOR('',#3243,1.);
#3243 = DIRECTION('',(0.,1.,0.));
#3244 = ORIENTED_EDGE('',*,*,#3245,.T.);
#3245 = EDGE_CURVE('',#3238,#3246,#3248,.T.);
#3246 = VERTEX_POINT('',#3247);
#3247 = CARTESIAN_POINT('',(408.,352.,990.));
#3248 = LINE('',#3249,#3250);
#3249 = CARTESIAN_POINT('',(408.,352.,40.));
#3250 = VECTOR('',#3251,1.);
#3251 = DIRECTION('',(0.,0.,1.));
#3252 = ORIENTED_EDGE('',*,*,#3253,.F.);
#3253 = EDGE_CURVE('',#3215,#3246,#3254,.T.);
#3254 = LINE('',#3255,#3256);
#3255 = CARTESIAN_POINT('',(408.,348.,990.));
#3256 = VECTOR('',#3257,1.);
#3257 = DIRECTION('',(0.,1.,0.));
#3258 = PLANE('',#3259);
#3259 = AXIS2_PLACEMENT_3D('',#3260,#3261,#3262);
#3260 = CARTESIAN_POINT('',(408.,348.,40.));
#3261 = DIRECTION('',(1.,0.,0.));
#3262 = DIRECTION('',(0.,0.,1.));
#3263 = ADVANCED_FACE('',(#3264),#3289,.F.);
#3264 = FACE_BOUND('',#3265,.F.);
#3265 = EDGE_LOOP('',(#3266,#3274,#3275,#3283));
#3266 = ORIENTED_EDGE('',*,*,#3267,.F.);
#3267 = EDGE_CURVE('',#2482,#3268,#3270,.T.);
#3268 = VERTEX_POINT('',#3269);
#3269 = CARTESIAN_POINT('',(412.,348.,40.));
#3270 = LINE('',#3271,#3272);
#3271 = CARTESIAN_POINT('',(408.,348.,40.));
#3272 = VECTOR('',#3273,1.);
#3273 = DIRECTION('',(1.,0.,0.));
#3274 = ORIENTED_EDGE('',*,*,#2489,.T.);
#3275 = ORIENTED_EDGE('',*,*,#3276,.T.);
#3276 = EDGE_CURVE('',#2490,#3277,#3279,.T.);
#3277 = VERTEX_POINT('',#3278);
#3278 = CARTESIAN_POINT('',(412.,348.,990.));
#3279 = LINE('',#3280,#3281);
#3280 = CARTESIAN_POINT('',(408.,348.,990.));
#3281 = VECTOR('',#3282,1.);
#3282 = DIRECTION('',(1.,0.,0.));
#3283 = ORIENTED_EDGE('',*,*,#3284,.F.);
#3284 = EDGE_CURVE('',#3268,#3277,#3285,.T.);
#3285 = LINE('',#3286,#3287);
#3286 = CARTESIAN_POINT('',(412.,348.,40.));
#3287 = VECTOR('',#3288,1.);
#3288 = DIRECTION('',(0.,0.,1.));
#3289 = PLANE('',#3290);
#3290 = AXIS2_PLACEMENT_3D('',#3291,#3292,#3293);
#3291 = CARTESIAN_POINT('',(408.,348.,40.));
#3292 = DIRECTION('',(0.,1.,0.));
#3293 = DIRECTION('',(0.,0.,1.));
#3294 = ADVANCED_FACE('',(#3295),#3320,.T.);
#3295 = FACE_BOUND('',#3296,.T.);
#3296 = EDGE_LOOP('',(#3297,#3305,#3306,#3314));
#3297 = ORIENTED_EDGE('',*,*,#3298,.F.);
#3298 = EDGE_CURVE('',#3238,#3299,#3301,.T.);
#3299 = VERTEX_POINT('',#3300);
#3300 = CARTESIAN_POINT('',(412.,352.,40.));
#3301 = LINE('',#3302,#3303);
#3302 = CARTESIAN_POINT('',(408.,352.,40.));
#3303 = VECTOR('',#3304,1.);
#3304 = DIRECTION('',(1.,0.,0.));
#3305 = ORIENTED_EDGE('',*,*,#3245,.T.);
#3306 = ORIENTED_EDGE('',*,*,#3307,.T.);
#3307 = EDGE_CURVE('',#3246,#3308,#3310,.T.);
#3308 = VERTEX_POINT('',#3309);
#3309 = CARTESIAN_POINT('',(412.,352.,990.));
#3310 = LINE('',#3311,#3312);
#3311 = CARTESIAN_POINT('',(408.,352.,990.));
#3312 = VECTOR('',#3313,1.);
#3313 = DIRECTION('',(1.,0.,0.));
#3314 = ORIENTED_EDGE('',*,*,#3315,.F.);
#3315 = EDGE_CURVE('',#3299,#3308,#3316,.T.);
#3316 = LINE('',#3317,#3318);
#3317 = CARTESIAN_POINT('',(412.,352.,40.));
#3318 = VECTOR('',#3319,1.);
#3319 = DIRECTION('',(0.,0.,1.));
#3320 = PLANE('',#3321);
#3321 = AXIS2_PLACEMENT_3D('',#3322,#3323,#3324);
#3322 = CARTESIAN_POINT('',(408.,352.,40.));
#3323 = DIRECTION('',(0.,1.,0.));
#3324 = DIRECTION('',(0.,0.,1.));
#3325 = ADVANCED_FACE('',(#3326),#3342,.T.);
#3326 = FACE_BOUND('',#3327,.T.);
#3327 = EDGE_LOOP('',(#3328,#3329,#3335,#3336));
#3328 = ORIENTED_EDGE('',*,*,#3284,.F.);
#3329 = ORIENTED_EDGE('',*,*,#3330,.T.);
#3330 = EDGE_CURVE('',#3268,#3299,#3331,.T.);
#3331 = LINE('',#3332,#3333);
#3332 = CARTESIAN_POINT('',(412.,348.,40.));
#3333 = VECTOR('',#3334,1.);
#3334 = DIRECTION('',(0.,1.,0.));
#3335 = ORIENTED_EDGE('',*,*,#3315,.T.);
#3336 = ORIENTED_EDGE('',*,*,#3337,.F.);
#3337 = EDGE_CURVE('',#3277,#3308,#3338,.T.);
#3338 = LINE('',#3339,#3340);
#3339 = CARTESIAN_POINT('',(412.,348.,990.));
#3340 = VECTOR('',#3341,1.);
#3341 = DIRECTION('',(0.,1.,0.));
#3342 = PLANE('',#3343);
#3343 = AXIS2_PLACEMENT_3D('',#3344,#3345,#3346);
#3344 = CARTESIAN_POINT('',(412.,348.,40.));
#3345 = DIRECTION('',(1.,0.,0.));
#3346 = DIRECTION('',(0.,0.,1.));
#3347 = ADVANCED_FACE('',(#3348,#3370),#3376,.T.);
#3348 = FACE_BOUND('',#3349,.T.);
#3349 = EDGE_LOOP('',(#3350,#3351,#3352,#3353,#3354,#3355,#3356,#3357,
    #3358,#3359,#3360,#3361,#3362,#3363,#3364,#3365,#3366,#3367,#3368,
    #3369));
#3350 = ORIENTED_EDGE('',*,*,#2904,.F.);
#3351 = ORIENTED_EDGE('',*,*,#2881,.F.);
#3352 = ORIENTED_EDGE('',*,*,#2849,.T.);
#3353 = ORIENTED_EDGE('',*,*,#2793,.T.);
#3354 = ORIENTED_EDGE('',*,*,#2966,.T.);
#3355 = ORIENTED_EDGE('',*,*,#3090,.F.);
#3356 = ORIENTED_EDGE('',*,*,#2589,.T.);
#3357 = ORIENTED_EDGE('',*,*,#2559,.T.);
#3358 = ORIENTED_EDGE('',*,*,#2520,.F.);
#3359 = ORIENTED_EDGE('',*,*,#2497,.T.);
#3360 = ORIENTED_EDGE('',*,*,#3276,.T.);
#3361 = ORIENTED_EDGE('',*,*,#3337,.T.);
#3362 = ORIENTED_EDGE('',*,*,#3307,.F.);
#3363 = ORIENTED_EDGE('',*,*,#3253,.F.);
#3364 = ORIENTED_EDGE('',*,*,#3214,.F.);
#3365 = ORIENTED_EDGE('',*,*,#3191,.T.);
#3366 = ORIENTED_EDGE('',*,*,#3152,.F.);
#3367 = ORIENTED_EDGE('',*,*,#3129,.F.);
#3368 = ORIENTED_EDGE('',*,*,#3029,.T.);
#3369 = ORIENTED_EDGE('',*,*,#2943,.F.);
#3370 = FACE_BOUND('',#3371,.T.);
#3371 = EDGE_LOOP('',(#3372,#3373,#3374,#3375));
#3372 = ORIENTED_EDGE('',*,*,#2630,.T.);
#3373 = ORIENTED_EDGE('',*,*,#2718,.T.);
#3374 = ORIENTED_EDGE('',*,*,#2748,.F.);
#3375 = ORIENTED_EDGE('',*,*,#2653,.F.);
#3376 = PLANE('',#3377);
#3377 = AXIS2_PLACEMENT_3D('',#3378,#3379,#3380);
#3378 = CARTESIAN_POINT('',(205.,175.,990.));
#3379 = DIRECTION('',(0.,0.,1.));
#3380 = DIRECTION('',(1.,0.,0.));
#3381 = ADVANCED_FACE('',(#3382,#3404),#3410,.T.);
#3382 = FACE_BOUND('',#3383,.T.);
#3383 = EDGE_LOOP('',(#3384,#3385,#3386,#3387,#3388,#3389,#3390,#3391,
    #3392,#3393,#3394,#3395,#3396,#3397,#3398,#3399,#3400,#3401,#3402,
    #3403));
#3384 = ORIENTED_EDGE('',*,*,#2895,.T.);
#3385 = ORIENTED_EDGE('',*,*,#2927,.T.);
#3386 = ORIENTED_EDGE('',*,*,#3013,.F.);
#3387 = ORIENTED_EDGE('',*,*,#3113,.T.);
#3388 = ORIENTED_EDGE('',*,*,#3143,.T.);
#3389 = ORIENTED_EDGE('',*,*,#3184,.F.);
#3390 = ORIENTED_EDGE('',*,*,#3205,.T.);
#3391 = ORIENTED_EDGE('',*,*,#3237,.T.);
#3392 = ORIENTED_EDGE('',*,*,#3298,.T.);
#3393 = ORIENTED_EDGE('',*,*,#3330,.F.);
#3394 = ORIENTED_EDGE('',*,*,#3267,.F.);
#3395 = ORIENTED_EDGE('',*,*,#2481,.F.);
#3396 = ORIENTED_EDGE('',*,*,#2511,.T.);
#3397 = ORIENTED_EDGE('',*,*,#2552,.F.);
#3398 = ORIENTED_EDGE('',*,*,#2573,.F.);
#3399 = ORIENTED_EDGE('',*,*,#3097,.T.);
#3400 = ORIENTED_EDGE('',*,*,#2957,.F.);
#3401 = ORIENTED_EDGE('',*,*,#2811,.F.);
#3402 = ORIENTED_EDGE('',*,*,#2833,.F.);
#3403 = ORIENTED_EDGE('',*,*,#2865,.T.);
#3404 = FACE_BOUND('',#3405,.T.);
#3405 = EDGE_LOOP('',(#3406,#3407,#3408,#3409));
#3406 = ORIENTED_EDGE('',*,*,#2614,.F.);
#3407 = ORIENTED_EDGE('',*,*,#2644,.T.);
#3408 = ORIENTED_EDGE('',*,*,#2741,.T.);
#3409 = ORIENTED_EDGE('',*,*,#2709,.F.);
#3410 = PLANE('',#3411);
#3411 = AXIS2_PLACEMENT_3D('',#3412,#3413,#3414);
#3412 = CARTESIAN_POINT('',(205.,175.,40.));
#3413 = DIRECTION('',(-0.,-0.,-1.));
#3414 = DIRECTION('',(-1.,0.,0.));
#3415 = MANIFOLD_SOLID_BREP('',#3416);
#3416 = CLOSED_SHELL('',(#3417,#3457,#3600,#3624,#3906,#3923,#3935,#3957
    ,#4002,#4019,#4044,#4086,#4117,#4159,#4190,#4232,#4250,#4289,#4313,
    #4345,#4384,#4408,#4440,#4479,#4503,#4535,#4574,#4598,#4630,#4669,
    #4693,#4725,#4764,#4788,#4820,#4859,#4883,#4915,#4932,#4949,#4966,
    #4983,#5002,#5022,#5041,#5061,#5080,#5100,#5117,#5129,#5146,#5158,
    #5175,#5187,#5204,#5216,#5228,#5240));
#3417 = ADVANCED_FACE('',(#3418),#3452,.F.);
#3418 = FACE_BOUND('',#3419,.F.);
#3419 = EDGE_LOOP('',(#3420,#3430,#3438,#3446));
#3420 = ORIENTED_EDGE('',*,*,#3421,.F.);
#3421 = EDGE_CURVE('',#3422,#3424,#3426,.T.);
#3422 = VERTEX_POINT('',#3423);
#3423 = CARTESIAN_POINT('',(25.,2.,90.));
#3424 = VERTEX_POINT('',#3425);
#3425 = CARTESIAN_POINT('',(25.,2.,780.));
#3426 = LINE('',#3427,#3428);
#3427 = CARTESIAN_POINT('',(25.,2.,90.));
#3428 = VECTOR('',#3429,1.);
#3429 = DIRECTION('',(0.,0.,1.));
#3430 = ORIENTED_EDGE('',*,*,#3431,.T.);
#3431 = EDGE_CURVE('',#3422,#3432,#3434,.T.);
#3432 = VERTEX_POINT('',#3433);
#3433 = CARTESIAN_POINT('',(25.,5.,90.));
#3434 = LINE('',#3435,#3436);
#3435 = CARTESIAN_POINT('',(25.,2.,90.));
#3436 = VECTOR('',#3437,1.);
#3437 = DIRECTION('',(0.,1.,0.));
#3438 = ORIENTED_EDGE('',*,*,#3439,.T.);
#3439 = EDGE_CURVE('',#3432,#3440,#3442,.T.);
#3440 = VERTEX_POINT('',#3441);
#3441 = CARTESIAN_POINT('',(25.,5.,780.));
#3442 = LINE('',#3443,#3444);
#3443 = CARTESIAN_POINT('',(25.,5.,90.));
#3444 = VECTOR('',#3445,1.);
#3445 = DIRECTION('',(0.,0.,1.));
#3446 = ORIENTED_EDGE('',*,*,#3447,.F.);
#3447 = EDGE_CURVE('',#3424,#3440,#3448,.T.);
#3448 = LINE('',#3449,#3450);
#3449 = CARTESIAN_POINT('',(25.,2.,780.));
#3450 = VECTOR('',#3451,1.);
#3451 = DIRECTION('',(0.,1.,0.));
#3452 = PLANE('',#3453);
#3453 = AXIS2_PLACEMENT_3D('',#3454,#3455,#3456);
#3454 = CARTESIAN_POINT('',(25.,2.,90.));
#3455 = DIRECTION('',(1.,0.,0.));
#3456 = DIRECTION('',(0.,0.,1.));
#3457 = ADVANCED_FACE('',(#3458,#3483),#3595,.F.);
#3458 = FACE_BOUND('',#3459,.F.);
#3459 = EDGE_LOOP('',(#3460,#3468,#3469,#3477));
#3460 = ORIENTED_EDGE('',*,*,#3461,.F.);
#3461 = EDGE_CURVE('',#3422,#3462,#3464,.T.);
#3462 = VERTEX_POINT('',#3463);
#3463 = CARTESIAN_POINT('',(385.,2.,90.));
#3464 = LINE('',#3465,#3466);
#3465 = CARTESIAN_POINT('',(25.,2.,90.));
#3466 = VECTOR('',#3467,1.);
#3467 = DIRECTION('',(1.,0.,0.));
#3468 = ORIENTED_EDGE('',*,*,#3421,.T.);
#3469 = ORIENTED_EDGE('',*,*,#3470,.T.);
#3470 = EDGE_CURVE('',#3424,#3471,#3473,.T.);
#3471 = VERTEX_POINT('',#3472);
#3472 = CARTESIAN_POINT('',(385.,2.,780.));
#3473 = LINE('',#3474,#3475);
#3474 = CARTESIAN_POINT('',(25.,2.,780.));
#3475 = VECTOR('',#3476,1.);
#3476 = DIRECTION('',(1.,0.,0.));
#3477 = ORIENTED_EDGE('',*,*,#3478,.F.);
#3478 = EDGE_CURVE('',#3462,#3471,#3479,.T.);
#3479 = LINE('',#3480,#3481);
#3480 = CARTESIAN_POINT('',(385.,2.,90.));
#3481 = VECTOR('',#3482,1.);
#3482 = DIRECTION('',(0.,0.,1.));
#3483 = FACE_BOUND('',#3484,.F.);
#3484 = EDGE_LOOP('',(#3485,#3495,#3503,#3512,#3521,#3529,#3538,#3547,
    #3555,#3564,#3573,#3581,#3589));
#3485 = ORIENTED_EDGE('',*,*,#3486,.F.);
#3486 = EDGE_CURVE('',#3487,#3489,#3491,.T.);
#3487 = VERTEX_POINT('',#3488);
#3488 = CARTESIAN_POINT('',(43.,2.,762.));
#3489 = VERTEX_POINT('',#3490);
#3490 = CARTESIAN_POINT('',(367.,2.,762.));
#3491 = LINE('',#3492,#3493);
#3492 = CARTESIAN_POINT('',(34.,2.,762.));
#3493 = VECTOR('',#3494,1.);
#3494 = DIRECTION('',(1.,0.,0.));
#3495 = ORIENTED_EDGE('',*,*,#3496,.T.);
#3496 = EDGE_CURVE('',#3487,#3497,#3499,.T.);
#3497 = VERTEX_POINT('',#3498);
#3498 = CARTESIAN_POINT('',(43.,2.,674.58257569495));
#3499 = LINE('',#3500,#3501);
#3500 = CARTESIAN_POINT('',(43.,2.,99.));
#3501 = VECTOR('',#3502,1.);
#3502 = DIRECTION('',(0.,0.,-1.));
#3503 = ORIENTED_EDGE('',*,*,#3504,.F.);
#3504 = EDGE_CURVE('',#3505,#3497,#3507,.T.);
#3505 = VERTEX_POINT('',#3506);
#3506 = CARTESIAN_POINT('',(41.,2.,675.));
#3507 = CIRCLE('',#3508,5.);
#3508 = AXIS2_PLACEMENT_3D('',#3509,#3510,#3511);
#3509 = CARTESIAN_POINT('',(41.,2.,670.));
#3510 = DIRECTION('',(0.,1.,0.));
#3511 = DIRECTION('',(0.,0.,1.));
#3512 = ORIENTED_EDGE('',*,*,#3513,.F.);
#3513 = EDGE_CURVE('',#3514,#3505,#3516,.T.);
#3514 = VERTEX_POINT('',#3515);
#3515 = CARTESIAN_POINT('',(43.,2.,665.41742430504));
#3516 = CIRCLE('',#3517,5.);
#3517 = AXIS2_PLACEMENT_3D('',#3518,#3519,#3520);
#3518 = CARTESIAN_POINT('',(41.,2.,670.));
#3519 = DIRECTION('',(0.,1.,0.));
#3520 = DIRECTION('',(0.,0.,1.));
#3521 = ORIENTED_EDGE('',*,*,#3522,.T.);
#3522 = EDGE_CURVE('',#3514,#3523,#3525,.T.);
#3523 = VERTEX_POINT('',#3524);
#3524 = CARTESIAN_POINT('',(43.,2.,439.58257569495));
#3525 = LINE('',#3526,#3527);
#3526 = CARTESIAN_POINT('',(43.,2.,99.));
#3527 = VECTOR('',#3528,1.);
#3528 = DIRECTION('',(0.,0.,-1.));
#3529 = ORIENTED_EDGE('',*,*,#3530,.F.);
#3530 = EDGE_CURVE('',#3531,#3523,#3533,.T.);
#3531 = VERTEX_POINT('',#3532);
#3532 = CARTESIAN_POINT('',(41.,2.,440.));
#3533 = CIRCLE('',#3534,5.);
#3534 = AXIS2_PLACEMENT_3D('',#3535,#3536,#3537);
#3535 = CARTESIAN_POINT('',(41.,2.,435.));
#3536 = DIRECTION('',(0.,1.,0.));
#3537 = DIRECTION('',(0.,0.,1.));
#3538 = ORIENTED_EDGE('',*,*,#3539,.F.);
#3539 = EDGE_CURVE('',#3540,#3531,#3542,.T.);
#3540 = VERTEX_POINT('',#3541);
#3541 = CARTESIAN_POINT('',(43.,2.,430.41742430504));
#3542 = CIRCLE('',#3543,5.);
#3543 = AXIS2_PLACEMENT_3D('',#3544,#3545,#3546);
#3544 = CARTESIAN_POINT('',(41.,2.,435.));
#3545 = DIRECTION('',(0.,1.,0.));
#3546 = DIRECTION('',(0.,0.,1.));
#3547 = ORIENTED_EDGE('',*,*,#3548,.T.);
#3548 = EDGE_CURVE('',#3540,#3549,#3551,.T.);
#3549 = VERTEX_POINT('',#3550);
#3550 = CARTESIAN_POINT('',(43.,2.,204.58257569495));
#3551 = LINE('',#3552,#3553);
#3552 = CARTESIAN_POINT('',(43.,2.,99.));
#3553 = VECTOR('',#3554,1.);
#3554 = DIRECTION('',(0.,0.,-1.));
#3555 = ORIENTED_EDGE('',*,*,#3556,.F.);
#3556 = EDGE_CURVE('',#3557,#3549,#3559,.T.);
#3557 = VERTEX_POINT('',#3558);
#3558 = CARTESIAN_POINT('',(41.,2.,205.));
#3559 = CIRCLE('',#3560,5.);
#3560 = AXIS2_PLACEMENT_3D('',#3561,#3562,#3563);
#3561 = CARTESIAN_POINT('',(41.,2.,200.));
#3562 = DIRECTION('',(0.,1.,0.));
#3563 = DIRECTION('',(0.,0.,1.));
#3564 = ORIENTED_EDGE('',*,*,#3565,.F.);
#3565 = EDGE_CURVE('',#3566,#3557,#3568,.T.);
#3566 = VERTEX_POINT('',#3567);
#3567 = CARTESIAN_POINT('',(43.,2.,195.41742430504));
#3568 = CIRCLE('',#3569,5.);
#3569 = AXIS2_PLACEMENT_3D('',#3570,#3571,#3572);
#3570 = CARTESIAN_POINT('',(41.,2.,200.));
#3571 = DIRECTION('',(0.,1.,0.));
#3572 = DIRECTION('',(0.,0.,1.));
#3573 = ORIENTED_EDGE('',*,*,#3574,.T.);
#3574 = EDGE_CURVE('',#3566,#3575,#3577,.T.);
#3575 = VERTEX_POINT('',#3576);
#3576 = CARTESIAN_POINT('',(43.,2.,108.));
#3577 = LINE('',#3578,#3579);
#3578 = CARTESIAN_POINT('',(43.,2.,99.));
#3579 = VECTOR('',#3580,1.);
#3580 = DIRECTION('',(0.,0.,-1.));
#3581 = ORIENTED_EDGE('',*,*,#3582,.T.);
#3582 = EDGE_CURVE('',#3575,#3583,#3585,.T.);
#3583 = VERTEX_POINT('',#3584);
#3584 = CARTESIAN_POINT('',(367.,2.,108.));
#3585 = LINE('',#3586,#3587);
#3586 = CARTESIAN_POINT('',(34.,2.,108.));
#3587 = VECTOR('',#3588,1.);
#3588 = DIRECTION('',(1.,0.,0.));
#3589 = ORIENTED_EDGE('',*,*,#3590,.F.);
#3590 = EDGE_CURVE('',#3489,#3583,#3591,.T.);
#3591 = LINE('',#3592,#3593);
#3592 = CARTESIAN_POINT('',(367.,2.,99.));
#3593 = VECTOR('',#3594,1.);
#3594 = DIRECTION('',(0.,0.,-1.));
#3595 = PLANE('',#3596);
#3596 = AXIS2_PLACEMENT_3D('',#3597,#3598,#3599);
#3597 = CARTESIAN_POINT('',(25.,2.,90.));
#3598 = DIRECTION('',(0.,1.,0.));
#3599 = DIRECTION('',(0.,0.,1.));
#3600 = ADVANCED_FACE('',(#3601),#3619,.T.);
#3601 = FACE_BOUND('',#3602,.T.);
#3602 = EDGE_LOOP('',(#3603,#3604,#3605,#3613));
#3603 = ORIENTED_EDGE('',*,*,#3447,.F.);
#3604 = ORIENTED_EDGE('',*,*,#3470,.T.);
#3605 = ORIENTED_EDGE('',*,*,#3606,.T.);
#3606 = EDGE_CURVE('',#3471,#3607,#3609,.T.);
#3607 = VERTEX_POINT('',#3608);
#3608 = CARTESIAN_POINT('',(385.,5.,780.));
#3609 = LINE('',#3610,#3611);
#3610 = CARTESIAN_POINT('',(385.,2.,780.));
#3611 = VECTOR('',#3612,1.);
#3612 = DIRECTION('',(0.,1.,0.));
#3613 = ORIENTED_EDGE('',*,*,#3614,.F.);
#3614 = EDGE_CURVE('',#3440,#3607,#3615,.T.);
#3615 = LINE('',#3616,#3617);
#3616 = CARTESIAN_POINT('',(25.,5.,780.));
#3617 = VECTOR('',#3618,1.);
#3618 = DIRECTION('',(1.,0.,0.));
#3619 = PLANE('',#3620);
#3620 = AXIS2_PLACEMENT_3D('',#3621,#3622,#3623);
#3621 = CARTESIAN_POINT('',(25.,2.,780.));
#3622 = DIRECTION('',(0.,0.,1.));
#3623 = DIRECTION('',(1.,0.,0.));
#3624 = ADVANCED_FACE('',(#3625,#3643),#3901,.T.);
#3625 = FACE_BOUND('',#3626,.T.);
#3626 = EDGE_LOOP('',(#3627,#3635,#3636,#3637));
#3627 = ORIENTED_EDGE('',*,*,#3628,.F.);
#3628 = EDGE_CURVE('',#3432,#3629,#3631,.T.);
#3629 = VERTEX_POINT('',#3630);
#3630 = CARTESIAN_POINT('',(385.,5.,90.));
#3631 = LINE('',#3632,#3633);
#3632 = CARTESIAN_POINT('',(25.,5.,90.));
#3633 = VECTOR('',#3634,1.);
#3634 = DIRECTION('',(1.,0.,0.));
#3635 = ORIENTED_EDGE('',*,*,#3439,.T.);
#3636 = ORIENTED_EDGE('',*,*,#3614,.T.);
#3637 = ORIENTED_EDGE('',*,*,#3638,.F.);
#3638 = EDGE_CURVE('',#3629,#3607,#3639,.T.);
#3639 = LINE('',#3640,#3641);
#3640 = CARTESIAN_POINT('',(385.,5.,90.));
#3641 = VECTOR('',#3642,1.);
#3642 = DIRECTION('',(0.,0.,1.));
#3643 = FACE_BOUND('',#3644,.T.);
#3644 = EDGE_LOOP('',(#3645,#3655,#3663,#3671,#3679,#3687,#3695,#3703,
    #3711,#3719,#3727,#3735,#3743,#3751,#3759,#3767,#3775,#3783,#3791,
    #3799,#3807,#3815,#3823,#3831,#3839,#3847,#3855,#3863,#3871,#3879,
    #3887,#3895));
#3645 = ORIENTED_EDGE('',*,*,#3646,.F.);
#3646 = EDGE_CURVE('',#3647,#3649,#3651,.T.);
#3647 = VERTEX_POINT('',#3648);
#3648 = CARTESIAN_POINT('',(43.,5.,762.));
#3649 = VERTEX_POINT('',#3650);
#3650 = CARTESIAN_POINT('',(367.,5.,762.));
#3651 = LINE('',#3652,#3653);
#3652 = CARTESIAN_POINT('',(34.,5.,762.));
#3653 = VECTOR('',#3654,1.);
#3654 = DIRECTION('',(1.,0.,0.));
#3655 = ORIENTED_EDGE('',*,*,#3656,.T.);
#3656 = EDGE_CURVE('',#3647,#3657,#3659,.T.);
#3657 = VERTEX_POINT('',#3658);
#3658 = CARTESIAN_POINT('',(43.,5.,684.));
#3659 = LINE('',#3660,#3661);
#3660 = CARTESIAN_POINT('',(43.,5.,99.));
#3661 = VECTOR('',#3662,1.);
#3662 = DIRECTION('',(0.,0.,-1.));
#3663 = ORIENTED_EDGE('',*,*,#3664,.F.);
#3664 = EDGE_CURVE('',#3665,#3657,#3667,.T.);
#3665 = VERTEX_POINT('',#3666);
#3666 = CARTESIAN_POINT('',(33.,5.,684.));
#3667 = LINE('',#3668,#3669);
#3668 = CARTESIAN_POINT('',(33.,5.,684.));
#3669 = VECTOR('',#3670,1.);
#3670 = DIRECTION('',(1.,0.,0.));
#3671 = ORIENTED_EDGE('',*,*,#3672,.F.);
#3672 = EDGE_CURVE('',#3673,#3665,#3675,.T.);
#3673 = VERTEX_POINT('',#3674);
#3674 = CARTESIAN_POINT('',(33.,5.,656.));
#3675 = LINE('',#3676,#3677);
#3676 = CARTESIAN_POINT('',(33.,5.,656.));
#3677 = VECTOR('',#3678,1.);
#3678 = DIRECTION('',(0.,0.,1.));
#3679 = ORIENTED_EDGE('',*,*,#3680,.T.);
#3680 = EDGE_CURVE('',#3673,#3681,#3683,.T.);
#3681 = VERTEX_POINT('',#3682);
#3682 = CARTESIAN_POINT('',(43.,5.,656.));
#3683 = LINE('',#3684,#3685);
#3684 = CARTESIAN_POINT('',(33.,5.,656.));
#3685 = VECTOR('',#3686,1.);
#3686 = DIRECTION('',(1.,0.,0.));
#3687 = ORIENTED_EDGE('',*,*,#3688,.T.);
#3688 = EDGE_CURVE('',#3681,#3689,#3691,.T.);
#3689 = VERTEX_POINT('',#3690);
#3690 = CARTESIAN_POINT('',(43.,5.,449.));
#3691 = LINE('',#3692,#3693);
#3692 = CARTESIAN_POINT('',(43.,5.,99.));
#3693 = VECTOR('',#3694,1.);
#3694 = DIRECTION('',(0.,0.,-1.));
#3695 = ORIENTED_EDGE('',*,*,#3696,.F.);
#3696 = EDGE_CURVE('',#3697,#3689,#3699,.T.);
#3697 = VERTEX_POINT('',#3698);
#3698 = CARTESIAN_POINT('',(33.,5.,449.));
#3699 = LINE('',#3700,#3701);
#3700 = CARTESIAN_POINT('',(33.,5.,449.));
#3701 = VECTOR('',#3702,1.);
#3702 = DIRECTION('',(1.,0.,0.));
#3703 = ORIENTED_EDGE('',*,*,#3704,.F.);
#3704 = EDGE_CURVE('',#3705,#3697,#3707,.T.);
#3705 = VERTEX_POINT('',#3706);
#3706 = CARTESIAN_POINT('',(33.,5.,421.));
#3707 = LINE('',#3708,#3709);
#3708 = CARTESIAN_POINT('',(33.,5.,421.));
#3709 = VECTOR('',#3710,1.);
#3710 = DIRECTION('',(0.,0.,1.));
#3711 = ORIENTED_EDGE('',*,*,#3712,.T.);
#3712 = EDGE_CURVE('',#3705,#3713,#3715,.T.);
#3713 = VERTEX_POINT('',#3714);
#3714 = CARTESIAN_POINT('',(43.,5.,421.));
#3715 = LINE('',#3716,#3717);
#3716 = CARTESIAN_POINT('',(33.,5.,421.));
#3717 = VECTOR('',#3718,1.);
#3718 = DIRECTION('',(1.,0.,0.));
#3719 = ORIENTED_EDGE('',*,*,#3720,.T.);
#3720 = EDGE_CURVE('',#3713,#3721,#3723,.T.);
#3721 = VERTEX_POINT('',#3722);
#3722 = CARTESIAN_POINT('',(43.,5.,214.));
#3723 = LINE('',#3724,#3725);
#3724 = CARTESIAN_POINT('',(43.,5.,99.));
#3725 = VECTOR('',#3726,1.);
#3726 = DIRECTION('',(0.,0.,-1.));
#3727 = ORIENTED_EDGE('',*,*,#3728,.F.);
#3728 = EDGE_CURVE('',#3729,#3721,#3731,.T.);
#3729 = VERTEX_POINT('',#3730);
#3730 = CARTESIAN_POINT('',(33.,5.,214.));
#3731 = LINE('',#3732,#3733);
#3732 = CARTESIAN_POINT('',(33.,5.,214.));
#3733 = VECTOR('',#3734,1.);
#3734 = DIRECTION('',(1.,0.,0.));
#3735 = ORIENTED_EDGE('',*,*,#3736,.F.);
#3736 = EDGE_CURVE('',#3737,#3729,#3739,.T.);
#3737 = VERTEX_POINT('',#3738);
#3738 = CARTESIAN_POINT('',(33.,5.,186.));
#3739 = LINE('',#3740,#3741);
#3740 = CARTESIAN_POINT('',(33.,5.,186.));
#3741 = VECTOR('',#3742,1.);
#3742 = DIRECTION('',(0.,0.,1.));
#3743 = ORIENTED_EDGE('',*,*,#3744,.T.);
#3744 = EDGE_CURVE('',#3737,#3745,#3747,.T.);
#3745 = VERTEX_POINT('',#3746);
#3746 = CARTESIAN_POINT('',(43.,5.,186.));
#3747 = LINE('',#3748,#3749);
#3748 = CARTESIAN_POINT('',(33.,5.,186.));
#3749 = VECTOR('',#3750,1.);
#3750 = DIRECTION('',(1.,0.,0.));
#3751 = ORIENTED_EDGE('',*,*,#3752,.T.);
#3752 = EDGE_CURVE('',#3745,#3753,#3755,.T.);
#3753 = VERTEX_POINT('',#3754);
#3754 = CARTESIAN_POINT('',(43.,5.,108.));
#3755 = LINE('',#3756,#3757);
#3756 = CARTESIAN_POINT('',(43.,5.,99.));
#3757 = VECTOR('',#3758,1.);
#3758 = DIRECTION('',(0.,0.,-1.));
#3759 = ORIENTED_EDGE('',*,*,#3760,.T.);
#3760 = EDGE_CURVE('',#3753,#3761,#3763,.T.);
#3761 = VERTEX_POINT('',#3762);
#3762 = CARTESIAN_POINT('',(367.,5.,108.));
#3763 = LINE('',#3764,#3765);
#3764 = CARTESIAN_POINT('',(34.,5.,108.));
#3765 = VECTOR('',#3766,1.);
#3766 = DIRECTION('',(1.,0.,0.));
#3767 = ORIENTED_EDGE('',*,*,#3768,.F.);
#3768 = EDGE_CURVE('',#3769,#3761,#3771,.T.);
#3769 = VERTEX_POINT('',#3770);
#3770 = CARTESIAN_POINT('',(367.,5.,150.));
#3771 = LINE('',#3772,#3773);
#3772 = CARTESIAN_POINT('',(367.,5.,99.));
#3773 = VECTOR('',#3774,1.);
#3774 = DIRECTION('',(0.,0.,-1.));
#3775 = ORIENTED_EDGE('',*,*,#3776,.T.);
#3776 = EDGE_CURVE('',#3769,#3777,#3779,.T.);
#3777 = VERTEX_POINT('',#3778);
#3778 = CARTESIAN_POINT('',(370.,5.,150.));
#3779 = LINE('',#3780,#3781);
#3780 = CARTESIAN_POINT('',(360.,5.,150.));
#3781 = VECTOR('',#3782,1.);
#3782 = DIRECTION('',(1.,0.,0.));
#3783 = ORIENTED_EDGE('',*,*,#3784,.T.);
#3784 = EDGE_CURVE('',#3777,#3785,#3787,.T.);
#3785 = VERTEX_POINT('',#3786);
#3786 = CARTESIAN_POINT('',(370.,5.,162.));
#3787 = LINE('',#3788,#3789);
#3788 = CARTESIAN_POINT('',(370.,5.,150.));
#3789 = VECTOR('',#3790,1.);
#3790 = DIRECTION('',(0.,0.,1.));
#3791 = ORIENTED_EDGE('',*,*,#3792,.F.);
#3792 = EDGE_CURVE('',#3793,#3785,#3795,.T.);
#3793 = VERTEX_POINT('',#3794);
#3794 = CARTESIAN_POINT('',(367.,5.,162.));
#3795 = LINE('',#3796,#3797);
#3796 = CARTESIAN_POINT('',(360.,5.,162.));
#3797 = VECTOR('',#3798,1.);
#3798 = DIRECTION('',(1.,0.,0.));
#3799 = ORIENTED_EDGE('',*,*,#3800,.F.);
#3800 = EDGE_CURVE('',#3801,#3793,#3803,.T.);
#3801 = VERTEX_POINT('',#3802);
#3802 = CARTESIAN_POINT('',(367.,5.,340.));
#3803 = LINE('',#3804,#3805);
#3804 = CARTESIAN_POINT('',(367.,5.,99.));
#3805 = VECTOR('',#3806,1.);
#3806 = DIRECTION('',(0.,0.,-1.));
#3807 = ORIENTED_EDGE('',*,*,#3808,.T.);
#3808 = EDGE_CURVE('',#3801,#3809,#3811,.T.);
#3809 = VERTEX_POINT('',#3810);
#3810 = CARTESIAN_POINT('',(370.,5.,340.));
#3811 = LINE('',#3812,#3813);
#3812 = CARTESIAN_POINT('',(360.,5.,340.));
#3813 = VECTOR('',#3814,1.);
#3814 = DIRECTION('',(1.,0.,0.));
#3815 = ORIENTED_EDGE('',*,*,#3816,.T.);
#3816 = EDGE_CURVE('',#3809,#3817,#3819,.T.);
#3817 = VERTEX_POINT('',#3818);
#3818 = CARTESIAN_POINT('',(370.,5.,352.));
#3819 = LINE('',#3820,#3821);
#3820 = CARTESIAN_POINT('',(370.,5.,340.));
#3821 = VECTOR('',#3822,1.);
#3822 = DIRECTION('',(0.,0.,1.));
#3823 = ORIENTED_EDGE('',*,*,#3824,.F.);
#3824 = EDGE_CURVE('',#3825,#3817,#3827,.T.);
#3825 = VERTEX_POINT('',#3826);
#3826 = CARTESIAN_POINT('',(367.,5.,352.));
#3827 = LINE('',#3828,#3829);
#3828 = CARTESIAN_POINT('',(360.,5.,352.));
#3829 = VECTOR('',#3830,1.);
#3830 = DIRECTION('',(1.,0.,0.));
#3831 = ORIENTED_EDGE('',*,*,#3832,.F.);
#3832 = EDGE_CURVE('',#3833,#3825,#3835,.T.);
#3833 = VERTEX_POINT('',#3834);
#3834 = CARTESIAN_POINT('',(367.,5.,530.));
#3835 = LINE('',#3836,#3837);
#3836 = CARTESIAN_POINT('',(367.,5.,99.));
#3837 = VECTOR('',#3838,1.);
#3838 = DIRECTION('',(0.,0.,-1.));
#3839 = ORIENTED_EDGE('',*,*,#3840,.T.);
#3840 = EDGE_CURVE('',#3833,#3841,#3843,.T.);
#3841 = VERTEX_POINT('',#3842);
#3842 = CARTESIAN_POINT('',(370.,5.,530.));
#3843 = LINE('',#3844,#3845);
#3844 = CARTESIAN_POINT('',(360.,5.,530.));
#3845 = VECTOR('',#3846,1.);
#3846 = DIRECTION('',(1.,0.,0.));
#3847 = ORIENTED_EDGE('',*,*,#3848,.T.);
#3848 = EDGE_CURVE('',#3841,#3849,#3851,.T.);
#3849 = VERTEX_POINT('',#3850);
#3850 = CARTESIAN_POINT('',(370.,5.,542.));
#3851 = LINE('',#3852,#3853);
#3852 = CARTESIAN_POINT('',(370.,5.,530.));
#3853 = VECTOR('',#3854,1.);
#3854 = DIRECTION('',(0.,0.,1.));
#3855 = ORIENTED_EDGE('',*,*,#3856,.F.);
#3856 = EDGE_CURVE('',#3857,#3849,#3859,.T.);
#3857 = VERTEX_POINT('',#3858);
#3858 = CARTESIAN_POINT('',(367.,5.,542.));
#3859 = LINE('',#3860,#3861);
#3860 = CARTESIAN_POINT('',(360.,5.,542.));
#3861 = VECTOR('',#3862,1.);
#3862 = DIRECTION('',(1.,0.,0.));
#3863 = ORIENTED_EDGE('',*,*,#3864,.F.);
#3864 = EDGE_CURVE('',#3865,#3857,#3867,.T.);
#3865 = VERTEX_POINT('',#3866);
#3866 = CARTESIAN_POINT('',(367.,5.,720.));
#3867 = LINE('',#3868,#3869);
#3868 = CARTESIAN_POINT('',(367.,5.,99.));
#3869 = VECTOR('',#3870,1.);
#3870 = DIRECTION('',(0.,0.,-1.));
#3871 = ORIENTED_EDGE('',*,*,#3872,.T.);
#3872 = EDGE_CURVE('',#3865,#3873,#3875,.T.);
#3873 = VERTEX_POINT('',#3874);
#3874 = CARTESIAN_POINT('',(370.,5.,720.));
#3875 = LINE('',#3876,#3877);
#3876 = CARTESIAN_POINT('',(360.,5.,720.));
#3877 = VECTOR('',#3878,1.);
#3878 = DIRECTION('',(1.,0.,0.));
#3879 = ORIENTED_EDGE('',*,*,#3880,.T.);
#3880 = EDGE_CURVE('',#3873,#3881,#3883,.T.);
#3881 = VERTEX_POINT('',#3882);
#3882 = CARTESIAN_POINT('',(370.,5.,732.));
#3883 = LINE('',#3884,#3885);
#3884 = CARTESIAN_POINT('',(370.,5.,720.));
#3885 = VECTOR('',#3886,1.);
#3886 = DIRECTION('',(0.,0.,1.));
#3887 = ORIENTED_EDGE('',*,*,#3888,.F.);
#3888 = EDGE_CURVE('',#3889,#3881,#3891,.T.);
#3889 = VERTEX_POINT('',#3890);
#3890 = CARTESIAN_POINT('',(367.,5.,732.));
#3891 = LINE('',#3892,#3893);
#3892 = CARTESIAN_POINT('',(360.,5.,732.));
#3893 = VECTOR('',#3894,1.);
#3894 = DIRECTION('',(1.,0.,0.));
#3895 = ORIENTED_EDGE('',*,*,#3896,.F.);
#3896 = EDGE_CURVE('',#3649,#3889,#3897,.T.);
#3897 = LINE('',#3898,#3899);
#3898 = CARTESIAN_POINT('',(367.,5.,99.));
#3899 = VECTOR('',#3900,1.);
#3900 = DIRECTION('',(0.,0.,-1.));
#3901 = PLANE('',#3902);
#3902 = AXIS2_PLACEMENT_3D('',#3903,#3904,#3905);
#3903 = CARTESIAN_POINT('',(25.,5.,90.));
#3904 = DIRECTION('',(0.,1.,0.));
#3905 = DIRECTION('',(0.,0.,1.));
#3906 = ADVANCED_FACE('',(#3907),#3918,.F.);
#3907 = FACE_BOUND('',#3908,.F.);
#3908 = EDGE_LOOP('',(#3909,#3910,#3911,#3917));
#3909 = ORIENTED_EDGE('',*,*,#3431,.F.);
#3910 = ORIENTED_EDGE('',*,*,#3461,.T.);
#3911 = ORIENTED_EDGE('',*,*,#3912,.T.);
#3912 = EDGE_CURVE('',#3462,#3629,#3913,.T.);
#3913 = LINE('',#3914,#3915);
#3914 = CARTESIAN_POINT('',(385.,2.,90.));
#3915 = VECTOR('',#3916,1.);
#3916 = DIRECTION('',(0.,1.,0.));
#3917 = ORIENTED_EDGE('',*,*,#3628,.F.);
#3918 = PLANE('',#3919);
#3919 = AXIS2_PLACEMENT_3D('',#3920,#3921,#3922);
#3920 = CARTESIAN_POINT('',(25.,2.,90.));
#3921 = DIRECTION('',(0.,0.,1.));
#3922 = DIRECTION('',(1.,0.,0.));
#3923 = ADVANCED_FACE('',(#3924),#3930,.T.);
#3924 = FACE_BOUND('',#3925,.T.);
#3925 = EDGE_LOOP('',(#3926,#3927,#3928,#3929));
#3926 = ORIENTED_EDGE('',*,*,#3478,.F.);
#3927 = ORIENTED_EDGE('',*,*,#3912,.T.);
#3928 = ORIENTED_EDGE('',*,*,#3638,.T.);
#3929 = ORIENTED_EDGE('',*,*,#3606,.F.);
#3930 = PLANE('',#3931);
#3931 = AXIS2_PLACEMENT_3D('',#3932,#3933,#3934);
#3932 = CARTESIAN_POINT('',(385.,2.,90.));
#3933 = DIRECTION('',(1.,0.,0.));
#3934 = DIRECTION('',(0.,0.,1.));
#3935 = ADVANCED_FACE('',(#3936),#3952,.F.);
#3936 = FACE_BOUND('',#3937,.F.);
#3937 = EDGE_LOOP('',(#3938,#3944,#3945,#3951));
#3938 = ORIENTED_EDGE('',*,*,#3939,.F.);
#3939 = EDGE_CURVE('',#3487,#3647,#3940,.T.);
#3940 = LINE('',#3941,#3942);
#3941 = CARTESIAN_POINT('',(43.,1.,762.));
#3942 = VECTOR('',#3943,1.);
#3943 = DIRECTION('',(0.,1.,0.));
#3944 = ORIENTED_EDGE('',*,*,#3486,.T.);
#3945 = ORIENTED_EDGE('',*,*,#3946,.T.);
#3946 = EDGE_CURVE('',#3489,#3649,#3947,.T.);
#3947 = LINE('',#3948,#3949);
#3948 = CARTESIAN_POINT('',(367.,1.,762.));
#3949 = VECTOR('',#3950,1.);
#3950 = DIRECTION('',(0.,1.,0.));
#3951 = ORIENTED_EDGE('',*,*,#3646,.F.);
#3952 = PLANE('',#3953);
#3953 = AXIS2_PLACEMENT_3D('',#3954,#3955,#3956);
#3954 = CARTESIAN_POINT('',(43.,1.,762.));
#3955 = DIRECTION('',(0.,0.,1.));
#3956 = DIRECTION('',(1.,0.,0.));
#3957 = ADVANCED_FACE('',(#3958),#3997,.F.);
#3958 = FACE_BOUND('',#3959,.F.);
#3959 = EDGE_LOOP('',(#3960,#3961,#3962,#3968,#3969,#3975,#3976,#3982,
    #3983,#3989,#3990,#3996));
#3960 = ORIENTED_EDGE('',*,*,#3946,.F.);
#3961 = ORIENTED_EDGE('',*,*,#3590,.T.);
#3962 = ORIENTED_EDGE('',*,*,#3963,.T.);
#3963 = EDGE_CURVE('',#3583,#3761,#3964,.T.);
#3964 = LINE('',#3965,#3966);
#3965 = CARTESIAN_POINT('',(367.,1.,108.));
#3966 = VECTOR('',#3967,1.);
#3967 = DIRECTION('',(0.,1.,0.));
#3968 = ORIENTED_EDGE('',*,*,#3768,.F.);
#3969 = ORIENTED_EDGE('',*,*,#3970,.F.);
#3970 = EDGE_CURVE('',#3793,#3769,#3971,.T.);
#3971 = LINE('',#3972,#3973);
#3972 = CARTESIAN_POINT('',(367.,5.,99.));
#3973 = VECTOR('',#3974,1.);
#3974 = DIRECTION('',(0.,0.,-1.));
#3975 = ORIENTED_EDGE('',*,*,#3800,.F.);
#3976 = ORIENTED_EDGE('',*,*,#3977,.F.);
#3977 = EDGE_CURVE('',#3825,#3801,#3978,.T.);
#3978 = LINE('',#3979,#3980);
#3979 = CARTESIAN_POINT('',(367.,5.,99.));
#3980 = VECTOR('',#3981,1.);
#3981 = DIRECTION('',(0.,0.,-1.));
#3982 = ORIENTED_EDGE('',*,*,#3832,.F.);
#3983 = ORIENTED_EDGE('',*,*,#3984,.F.);
#3984 = EDGE_CURVE('',#3857,#3833,#3985,.T.);
#3985 = LINE('',#3986,#3987);
#3986 = CARTESIAN_POINT('',(367.,5.,99.));
#3987 = VECTOR('',#3988,1.);
#3988 = DIRECTION('',(0.,0.,-1.));
#3989 = ORIENTED_EDGE('',*,*,#3864,.F.);
#3990 = ORIENTED_EDGE('',*,*,#3991,.F.);
#3991 = EDGE_CURVE('',#3889,#3865,#3992,.T.);
#3992 = LINE('',#3993,#3994);
#3993 = CARTESIAN_POINT('',(367.,5.,99.));
#3994 = VECTOR('',#3995,1.);
#3995 = DIRECTION('',(0.,0.,-1.));
#3996 = ORIENTED_EDGE('',*,*,#3896,.F.);
#3997 = PLANE('',#3998);
#3998 = AXIS2_PLACEMENT_3D('',#3999,#4000,#4001);
#3999 = CARTESIAN_POINT('',(367.,1.,108.));
#4000 = DIRECTION('',(1.,0.,0.));
#4001 = DIRECTION('',(0.,0.,1.));
#4002 = ADVANCED_FACE('',(#4003),#4014,.T.);
#4003 = FACE_BOUND('',#4004,.T.);
#4004 = EDGE_LOOP('',(#4005,#4011,#4012,#4013));
#4005 = ORIENTED_EDGE('',*,*,#4006,.F.);
#4006 = EDGE_CURVE('',#3575,#3753,#4007,.T.);
#4007 = LINE('',#4008,#4009);
#4008 = CARTESIAN_POINT('',(43.,1.,108.));
#4009 = VECTOR('',#4010,1.);
#4010 = DIRECTION('',(0.,1.,0.));
#4011 = ORIENTED_EDGE('',*,*,#3582,.T.);
#4012 = ORIENTED_EDGE('',*,*,#3963,.T.);
#4013 = ORIENTED_EDGE('',*,*,#3760,.F.);
#4014 = PLANE('',#4015);
#4015 = AXIS2_PLACEMENT_3D('',#4016,#4017,#4018);
#4016 = CARTESIAN_POINT('',(43.,1.,108.));
#4017 = DIRECTION('',(0.,0.,1.));
#4018 = DIRECTION('',(1.,0.,0.));
#4019 = ADVANCED_FACE('',(#4020),#4039,.T.);
#4020 = FACE_BOUND('',#4021,.T.);
#4021 = EDGE_LOOP('',(#4022,#4030,#4031,#4032,#4033));
#4022 = ORIENTED_EDGE('',*,*,#4023,.F.);
#4023 = EDGE_CURVE('',#3566,#4024,#4026,.T.);
#4024 = VERTEX_POINT('',#4025);
#4025 = CARTESIAN_POINT('',(43.,5.,195.41742430504));
#4026 = LINE('',#4027,#4028);
#4027 = CARTESIAN_POINT('',(43.,-1.,195.41742430504));
#4028 = VECTOR('',#4029,1.);
#4029 = DIRECTION('',(0.,1.,0.));
#4030 = ORIENTED_EDGE('',*,*,#3574,.T.);
#4031 = ORIENTED_EDGE('',*,*,#4006,.T.);
#4032 = ORIENTED_EDGE('',*,*,#3752,.F.);
#4033 = ORIENTED_EDGE('',*,*,#4034,.F.);
#4034 = EDGE_CURVE('',#4024,#3745,#4035,.T.);
#4035 = LINE('',#4036,#4037);
#4036 = CARTESIAN_POINT('',(43.,5.,99.));
#4037 = VECTOR('',#4038,1.);
#4038 = DIRECTION('',(0.,0.,-1.));
#4039 = PLANE('',#4040);
#4040 = AXIS2_PLACEMENT_3D('',#4041,#4042,#4043);
#4041 = CARTESIAN_POINT('',(43.,1.,108.));
#4042 = DIRECTION('',(1.,0.,0.));
#4043 = DIRECTION('',(0.,0.,1.));
#4044 = ADVANCED_FACE('',(#4045),#4081,.F.);
#4045 = FACE_BOUND('',#4046,.F.);
#4046 = EDGE_LOOP('',(#4047,#4056,#4062,#4063,#4071,#4078,#4079,#4080));
#4047 = ORIENTED_EDGE('',*,*,#4048,.F.);
#4048 = EDGE_CURVE('',#4049,#4049,#4051,.T.);
#4049 = VERTEX_POINT('',#4050);
#4050 = CARTESIAN_POINT('',(41.,17.,205.));
#4051 = CIRCLE('',#4052,5.);
#4052 = AXIS2_PLACEMENT_3D('',#4053,#4054,#4055);
#4053 = CARTESIAN_POINT('',(41.,17.,200.));
#4054 = DIRECTION('',(0.,1.,0.));
#4055 = DIRECTION('',(0.,0.,1.));
#4056 = ORIENTED_EDGE('',*,*,#4057,.F.);
#4057 = EDGE_CURVE('',#3557,#4049,#4058,.T.);
#4058 = LINE('',#4059,#4060);
#4059 = CARTESIAN_POINT('',(41.,-1.,205.));
#4060 = VECTOR('',#4061,1.);
#4061 = DIRECTION('',(0.,1.,0.));
#4062 = ORIENTED_EDGE('',*,*,#3556,.T.);
#4063 = ORIENTED_EDGE('',*,*,#4064,.T.);
#4064 = EDGE_CURVE('',#3549,#4065,#4067,.T.);
#4065 = VERTEX_POINT('',#4066);
#4066 = CARTESIAN_POINT('',(43.,5.,204.58257569495));
#4067 = LINE('',#4068,#4069);
#4068 = CARTESIAN_POINT('',(43.,-1.,204.58257569495));
#4069 = VECTOR('',#4070,1.);
#4070 = DIRECTION('',(0.,1.,0.));
#4071 = ORIENTED_EDGE('',*,*,#4072,.T.);
#4072 = EDGE_CURVE('',#4065,#4024,#4073,.T.);
#4073 = CIRCLE('',#4074,5.);
#4074 = AXIS2_PLACEMENT_3D('',#4075,#4076,#4077);
#4075 = CARTESIAN_POINT('',(41.,5.,200.));
#4076 = DIRECTION('',(0.,1.,0.));
#4077 = DIRECTION('',(0.,0.,1.));
#4078 = ORIENTED_EDGE('',*,*,#4023,.F.);
#4079 = ORIENTED_EDGE('',*,*,#3565,.T.);
#4080 = ORIENTED_EDGE('',*,*,#4057,.T.);
#4081 = CYLINDRICAL_SURFACE('',#4082,5.);
#4082 = AXIS2_PLACEMENT_3D('',#4083,#4084,#4085);
#4083 = CARTESIAN_POINT('',(41.,-1.,200.));
#4084 = DIRECTION('',(0.,1.,0.));
#4085 = DIRECTION('',(0.,0.,1.));
#4086 = ADVANCED_FACE('',(#4087),#4112,.T.);
#4087 = FACE_BOUND('',#4088,.T.);
#4088 = EDGE_LOOP('',(#4089,#4097,#4098,#4099,#4105,#4106));
#4089 = ORIENTED_EDGE('',*,*,#4090,.F.);
#4090 = EDGE_CURVE('',#3540,#4091,#4093,.T.);
#4091 = VERTEX_POINT('',#4092);
#4092 = CARTESIAN_POINT('',(43.,5.,430.41742430504));
#4093 = LINE('',#4094,#4095);
#4094 = CARTESIAN_POINT('',(43.,-1.,430.41742430504));
#4095 = VECTOR('',#4096,1.);
#4096 = DIRECTION('',(0.,1.,0.));
#4097 = ORIENTED_EDGE('',*,*,#3548,.T.);
#4098 = ORIENTED_EDGE('',*,*,#4064,.T.);
#4099 = ORIENTED_EDGE('',*,*,#4100,.F.);
#4100 = EDGE_CURVE('',#3721,#4065,#4101,.T.);
#4101 = LINE('',#4102,#4103);
#4102 = CARTESIAN_POINT('',(43.,5.,99.));
#4103 = VECTOR('',#4104,1.);
#4104 = DIRECTION('',(0.,0.,-1.));
#4105 = ORIENTED_EDGE('',*,*,#3720,.F.);
#4106 = ORIENTED_EDGE('',*,*,#4107,.F.);
#4107 = EDGE_CURVE('',#4091,#3713,#4108,.T.);
#4108 = LINE('',#4109,#4110);
#4109 = CARTESIAN_POINT('',(43.,5.,99.));
#4110 = VECTOR('',#4111,1.);
#4111 = DIRECTION('',(0.,0.,-1.));
#4112 = PLANE('',#4113);
#4113 = AXIS2_PLACEMENT_3D('',#4114,#4115,#4116);
#4114 = CARTESIAN_POINT('',(43.,1.,108.));
#4115 = DIRECTION('',(1.,0.,0.));
#4116 = DIRECTION('',(0.,0.,1.));
#4117 = ADVANCED_FACE('',(#4118),#4154,.F.);
#4118 = FACE_BOUND('',#4119,.F.);
#4119 = EDGE_LOOP('',(#4120,#4129,#4135,#4136,#4144,#4151,#4152,#4153));
#4120 = ORIENTED_EDGE('',*,*,#4121,.F.);
#4121 = EDGE_CURVE('',#4122,#4122,#4124,.T.);
#4122 = VERTEX_POINT('',#4123);
#4123 = CARTESIAN_POINT('',(41.,17.,440.));
#4124 = CIRCLE('',#4125,5.);
#4125 = AXIS2_PLACEMENT_3D('',#4126,#4127,#4128);
#4126 = CARTESIAN_POINT('',(41.,17.,435.));
#4127 = DIRECTION('',(0.,1.,0.));
#4128 = DIRECTION('',(0.,0.,1.));
#4129 = ORIENTED_EDGE('',*,*,#4130,.F.);
#4130 = EDGE_CURVE('',#3531,#4122,#4131,.T.);
#4131 = LINE('',#4132,#4133);
#4132 = CARTESIAN_POINT('',(41.,-1.,440.));
#4133 = VECTOR('',#4134,1.);
#4134 = DIRECTION('',(0.,1.,0.));
#4135 = ORIENTED_EDGE('',*,*,#3530,.T.);
#4136 = ORIENTED_EDGE('',*,*,#4137,.T.);
#4137 = EDGE_CURVE('',#3523,#4138,#4140,.T.);
#4138 = VERTEX_POINT('',#4139);
#4139 = CARTESIAN_POINT('',(43.,5.,439.58257569495));
#4140 = LINE('',#4141,#4142);
#4141 = CARTESIAN_POINT('',(43.,-1.,439.58257569495));
#4142 = VECTOR('',#4143,1.);
#4143 = DIRECTION('',(0.,1.,0.));
#4144 = ORIENTED_EDGE('',*,*,#4145,.T.);
#4145 = EDGE_CURVE('',#4138,#4091,#4146,.T.);
#4146 = CIRCLE('',#4147,5.);
#4147 = AXIS2_PLACEMENT_3D('',#4148,#4149,#4150);
#4148 = CARTESIAN_POINT('',(41.,5.,435.));
#4149 = DIRECTION('',(0.,1.,0.));
#4150 = DIRECTION('',(0.,0.,1.));
#4151 = ORIENTED_EDGE('',*,*,#4090,.F.);
#4152 = ORIENTED_EDGE('',*,*,#3539,.T.);
#4153 = ORIENTED_EDGE('',*,*,#4130,.T.);
#4154 = CYLINDRICAL_SURFACE('',#4155,5.);
#4155 = AXIS2_PLACEMENT_3D('',#4156,#4157,#4158);
#4156 = CARTESIAN_POINT('',(41.,-1.,435.));
#4157 = DIRECTION('',(0.,1.,0.));
#4158 = DIRECTION('',(0.,0.,1.));
#4159 = ADVANCED_FACE('',(#4160),#4185,.T.);
#4160 = FACE_BOUND('',#4161,.T.);
#4161 = EDGE_LOOP('',(#4162,#4170,#4171,#4172,#4178,#4179));
#4162 = ORIENTED_EDGE('',*,*,#4163,.F.);
#4163 = EDGE_CURVE('',#3514,#4164,#4166,.T.);
#4164 = VERTEX_POINT('',#4165);
#4165 = CARTESIAN_POINT('',(43.,5.,665.41742430504));
#4166 = LINE('',#4167,#4168);
#4167 = CARTESIAN_POINT('',(43.,-1.,665.41742430504));
#4168 = VECTOR('',#4169,1.);
#4169 = DIRECTION('',(0.,1.,0.));
#4170 = ORIENTED_EDGE('',*,*,#3522,.T.);
#4171 = ORIENTED_EDGE('',*,*,#4137,.T.);
#4172 = ORIENTED_EDGE('',*,*,#4173,.F.);
#4173 = EDGE_CURVE('',#3689,#4138,#4174,.T.);
#4174 = LINE('',#4175,#4176);
#4175 = CARTESIAN_POINT('',(43.,5.,99.));
#4176 = VECTOR('',#4177,1.);
#4177 = DIRECTION('',(0.,0.,-1.));
#4178 = ORIENTED_EDGE('',*,*,#3688,.F.);
#4179 = ORIENTED_EDGE('',*,*,#4180,.F.);
#4180 = EDGE_CURVE('',#4164,#3681,#4181,.T.);
#4181 = LINE('',#4182,#4183);
#4182 = CARTESIAN_POINT('',(43.,5.,99.));
#4183 = VECTOR('',#4184,1.);
#4184 = DIRECTION('',(0.,0.,-1.));
#4185 = PLANE('',#4186);
#4186 = AXIS2_PLACEMENT_3D('',#4187,#4188,#4189);
#4187 = CARTESIAN_POINT('',(43.,1.,108.));
#4188 = DIRECTION('',(1.,0.,0.));
#4189 = DIRECTION('',(0.,0.,1.));
#4190 = ADVANCED_FACE('',(#4191),#4227,.F.);
#4191 = FACE_BOUND('',#4192,.F.);
#4192 = EDGE_LOOP('',(#4193,#4202,#4208,#4209,#4217,#4224,#4225,#4226));
#4193 = ORIENTED_EDGE('',*,*,#4194,.F.);
#4194 = EDGE_CURVE('',#4195,#4195,#4197,.T.);
#4195 = VERTEX_POINT('',#4196);
#4196 = CARTESIAN_POINT('',(41.,17.,675.));
#4197 = CIRCLE('',#4198,5.);
#4198 = AXIS2_PLACEMENT_3D('',#4199,#4200,#4201);
#4199 = CARTESIAN_POINT('',(41.,17.,670.));
#4200 = DIRECTION('',(0.,1.,0.));
#4201 = DIRECTION('',(0.,0.,1.));
#4202 = ORIENTED_EDGE('',*,*,#4203,.F.);
#4203 = EDGE_CURVE('',#3505,#4195,#4204,.T.);
#4204 = LINE('',#4205,#4206);
#4205 = CARTESIAN_POINT('',(41.,-1.,675.));
#4206 = VECTOR('',#4207,1.);
#4207 = DIRECTION('',(0.,1.,0.));
#4208 = ORIENTED_EDGE('',*,*,#3504,.T.);
#4209 = ORIENTED_EDGE('',*,*,#4210,.T.);
#4210 = EDGE_CURVE('',#3497,#4211,#4213,.T.);
#4211 = VERTEX_POINT('',#4212);
#4212 = CARTESIAN_POINT('',(43.,5.,674.58257569495));
#4213 = LINE('',#4214,#4215);
#4214 = CARTESIAN_POINT('',(43.,-1.,674.58257569495));
#4215 = VECTOR('',#4216,1.);
#4216 = DIRECTION('',(0.,1.,0.));
#4217 = ORIENTED_EDGE('',*,*,#4218,.T.);
#4218 = EDGE_CURVE('',#4211,#4164,#4219,.T.);
#4219 = CIRCLE('',#4220,5.);
#4220 = AXIS2_PLACEMENT_3D('',#4221,#4222,#4223);
#4221 = CARTESIAN_POINT('',(41.,5.,670.));
#4222 = DIRECTION('',(0.,1.,0.));
#4223 = DIRECTION('',(0.,0.,1.));
#4224 = ORIENTED_EDGE('',*,*,#4163,.F.);
#4225 = ORIENTED_EDGE('',*,*,#3513,.T.);
#4226 = ORIENTED_EDGE('',*,*,#4203,.T.);
#4227 = CYLINDRICAL_SURFACE('',#4228,5.);
#4228 = AXIS2_PLACEMENT_3D('',#4229,#4230,#4231);
#4229 = CARTESIAN_POINT('',(41.,-1.,670.));
#4230 = DIRECTION('',(0.,1.,0.));
#4231 = DIRECTION('',(0.,0.,1.));
#4232 = ADVANCED_FACE('',(#4233),#4245,.T.);
#4233 = FACE_BOUND('',#4234,.T.);
#4234 = EDGE_LOOP('',(#4235,#4236,#4237,#4238,#4244));
#4235 = ORIENTED_EDGE('',*,*,#3939,.F.);
#4236 = ORIENTED_EDGE('',*,*,#3496,.T.);
#4237 = ORIENTED_EDGE('',*,*,#4210,.T.);
#4238 = ORIENTED_EDGE('',*,*,#4239,.F.);
#4239 = EDGE_CURVE('',#3657,#4211,#4240,.T.);
#4240 = LINE('',#4241,#4242);
#4241 = CARTESIAN_POINT('',(43.,5.,99.));
#4242 = VECTOR('',#4243,1.);
#4243 = DIRECTION('',(0.,0.,-1.));
#4244 = ORIENTED_EDGE('',*,*,#3656,.F.);
#4245 = PLANE('',#4246);
#4246 = AXIS2_PLACEMENT_3D('',#4247,#4248,#4249);
#4247 = CARTESIAN_POINT('',(43.,1.,108.));
#4248 = DIRECTION('',(1.,0.,0.));
#4249 = DIRECTION('',(0.,0.,1.));
#4250 = ADVANCED_FACE('',(#4251),#4284,.T.);
#4251 = FACE_BOUND('',#4252,.T.);
#4252 = EDGE_LOOP('',(#4253,#4263,#4269,#4270,#4278));
#4253 = ORIENTED_EDGE('',*,*,#4254,.F.);
#4254 = EDGE_CURVE('',#4255,#4257,#4259,.T.);
#4255 = VERTEX_POINT('',#4256);
#4256 = CARTESIAN_POINT('',(360.,5.,732.));
#4257 = VERTEX_POINT('',#4258);
#4258 = CARTESIAN_POINT('',(360.,11.,732.));
#4259 = LINE('',#4260,#4261);
#4260 = CARTESIAN_POINT('',(360.,5.,732.));
#4261 = VECTOR('',#4262,1.);
#4262 = DIRECTION('',(0.,1.,0.));
#4263 = ORIENTED_EDGE('',*,*,#4264,.T.);
#4264 = EDGE_CURVE('',#4255,#3889,#4265,.T.);
#4265 = LINE('',#4266,#4267);
#4266 = CARTESIAN_POINT('',(360.,5.,732.));
#4267 = VECTOR('',#4268,1.);
#4268 = DIRECTION('',(1.,0.,0.));
#4269 = ORIENTED_EDGE('',*,*,#3888,.T.);
#4270 = ORIENTED_EDGE('',*,*,#4271,.T.);
#4271 = EDGE_CURVE('',#3881,#4272,#4274,.T.);
#4272 = VERTEX_POINT('',#4273);
#4273 = CARTESIAN_POINT('',(370.,11.,732.));
#4274 = LINE('',#4275,#4276);
#4275 = CARTESIAN_POINT('',(370.,5.,732.));
#4276 = VECTOR('',#4277,1.);
#4277 = DIRECTION('',(0.,1.,0.));
#4278 = ORIENTED_EDGE('',*,*,#4279,.F.);
#4279 = EDGE_CURVE('',#4257,#4272,#4280,.T.);
#4280 = LINE('',#4281,#4282);
#4281 = CARTESIAN_POINT('',(360.,11.,732.));
#4282 = VECTOR('',#4283,1.);
#4283 = DIRECTION('',(1.,0.,0.));
#4284 = PLANE('',#4285);
#4285 = AXIS2_PLACEMENT_3D('',#4286,#4287,#4288);
#4286 = CARTESIAN_POINT('',(360.,5.,732.));
#4287 = DIRECTION('',(0.,0.,1.));
#4288 = DIRECTION('',(1.,0.,0.));
#4289 = ADVANCED_FACE('',(#4290),#4308,.T.);
#4290 = FACE_BOUND('',#4291,.T.);
#4291 = EDGE_LOOP('',(#4292,#4293,#4301,#4307));
#4292 = ORIENTED_EDGE('',*,*,#3880,.F.);
#4293 = ORIENTED_EDGE('',*,*,#4294,.T.);
#4294 = EDGE_CURVE('',#3873,#4295,#4297,.T.);
#4295 = VERTEX_POINT('',#4296);
#4296 = CARTESIAN_POINT('',(370.,11.,720.));
#4297 = LINE('',#4298,#4299);
#4298 = CARTESIAN_POINT('',(370.,5.,720.));
#4299 = VECTOR('',#4300,1.);
#4300 = DIRECTION('',(0.,1.,0.));
#4301 = ORIENTED_EDGE('',*,*,#4302,.T.);
#4302 = EDGE_CURVE('',#4295,#4272,#4303,.T.);
#4303 = LINE('',#4304,#4305);
#4304 = CARTESIAN_POINT('',(370.,11.,720.));
#4305 = VECTOR('',#4306,1.);
#4306 = DIRECTION('',(0.,0.,1.));
#4307 = ORIENTED_EDGE('',*,*,#4271,.F.);
#4308 = PLANE('',#4309);
#4309 = AXIS2_PLACEMENT_3D('',#4310,#4311,#4312);
#4310 = CARTESIAN_POINT('',(370.,5.,720.));
#4311 = DIRECTION('',(1.,0.,0.));
#4312 = DIRECTION('',(0.,0.,1.));
#4313 = ADVANCED_FACE('',(#4314),#4340,.F.);
#4314 = FACE_BOUND('',#4315,.F.);
#4315 = EDGE_LOOP('',(#4316,#4326,#4332,#4333,#4334));
#4316 = ORIENTED_EDGE('',*,*,#4317,.F.);
#4317 = EDGE_CURVE('',#4318,#4320,#4322,.T.);
#4318 = VERTEX_POINT('',#4319);
#4319 = CARTESIAN_POINT('',(360.,5.,720.));
#4320 = VERTEX_POINT('',#4321);
#4321 = CARTESIAN_POINT('',(360.,11.,720.));
#4322 = LINE('',#4323,#4324);
#4323 = CARTESIAN_POINT('',(360.,5.,720.));
#4324 = VECTOR('',#4325,1.);
#4325 = DIRECTION('',(0.,1.,0.));
#4326 = ORIENTED_EDGE('',*,*,#4327,.T.);
#4327 = EDGE_CURVE('',#4318,#3865,#4328,.T.);
#4328 = LINE('',#4329,#4330);
#4329 = CARTESIAN_POINT('',(360.,5.,720.));
#4330 = VECTOR('',#4331,1.);
#4331 = DIRECTION('',(1.,0.,0.));
#4332 = ORIENTED_EDGE('',*,*,#3872,.T.);
#4333 = ORIENTED_EDGE('',*,*,#4294,.T.);
#4334 = ORIENTED_EDGE('',*,*,#4335,.F.);
#4335 = EDGE_CURVE('',#4320,#4295,#4336,.T.);
#4336 = LINE('',#4337,#4338);
#4337 = CARTESIAN_POINT('',(360.,11.,720.));
#4338 = VECTOR('',#4339,1.);
#4339 = DIRECTION('',(1.,0.,0.));
#4340 = PLANE('',#4341);
#4341 = AXIS2_PLACEMENT_3D('',#4342,#4343,#4344);
#4342 = CARTESIAN_POINT('',(360.,5.,720.));
#4343 = DIRECTION('',(0.,0.,1.));
#4344 = DIRECTION('',(1.,0.,0.));
#4345 = ADVANCED_FACE('',(#4346),#4379,.T.);
#4346 = FACE_BOUND('',#4347,.T.);
#4347 = EDGE_LOOP('',(#4348,#4358,#4364,#4365,#4373));
#4348 = ORIENTED_EDGE('',*,*,#4349,.F.);
#4349 = EDGE_CURVE('',#4350,#4352,#4354,.T.);
#4350 = VERTEX_POINT('',#4351);
#4351 = CARTESIAN_POINT('',(360.,5.,542.));
#4352 = VERTEX_POINT('',#4353);
#4353 = CARTESIAN_POINT('',(360.,11.,542.));
#4354 = LINE('',#4355,#4356);
#4355 = CARTESIAN_POINT('',(360.,5.,542.));
#4356 = VECTOR('',#4357,1.);
#4357 = DIRECTION('',(0.,1.,0.));
#4358 = ORIENTED_EDGE('',*,*,#4359,.T.);
#4359 = EDGE_CURVE('',#4350,#3857,#4360,.T.);
#4360 = LINE('',#4361,#4362);
#4361 = CARTESIAN_POINT('',(360.,5.,542.));
#4362 = VECTOR('',#4363,1.);
#4363 = DIRECTION('',(1.,0.,0.));
#4364 = ORIENTED_EDGE('',*,*,#3856,.T.);
#4365 = ORIENTED_EDGE('',*,*,#4366,.T.);
#4366 = EDGE_CURVE('',#3849,#4367,#4369,.T.);
#4367 = VERTEX_POINT('',#4368);
#4368 = CARTESIAN_POINT('',(370.,11.,542.));
#4369 = LINE('',#4370,#4371);
#4370 = CARTESIAN_POINT('',(370.,5.,542.));
#4371 = VECTOR('',#4372,1.);
#4372 = DIRECTION('',(0.,1.,0.));
#4373 = ORIENTED_EDGE('',*,*,#4374,.F.);
#4374 = EDGE_CURVE('',#4352,#4367,#4375,.T.);
#4375 = LINE('',#4376,#4377);
#4376 = CARTESIAN_POINT('',(360.,11.,542.));
#4377 = VECTOR('',#4378,1.);
#4378 = DIRECTION('',(1.,0.,0.));
#4379 = PLANE('',#4380);
#4380 = AXIS2_PLACEMENT_3D('',#4381,#4382,#4383);
#4381 = CARTESIAN_POINT('',(360.,5.,542.));
#4382 = DIRECTION('',(0.,0.,1.));
#4383 = DIRECTION('',(1.,0.,0.));
#4384 = ADVANCED_FACE('',(#4385),#4403,.T.);
#4385 = FACE_BOUND('',#4386,.T.);
#4386 = EDGE_LOOP('',(#4387,#4388,#4396,#4402));
#4387 = ORIENTED_EDGE('',*,*,#3848,.F.);
#4388 = ORIENTED_EDGE('',*,*,#4389,.T.);
#4389 = EDGE_CURVE('',#3841,#4390,#4392,.T.);
#4390 = VERTEX_POINT('',#4391);
#4391 = CARTESIAN_POINT('',(370.,11.,530.));
#4392 = LINE('',#4393,#4394);
#4393 = CARTESIAN_POINT('',(370.,5.,530.));
#4394 = VECTOR('',#4395,1.);
#4395 = DIRECTION('',(0.,1.,0.));
#4396 = ORIENTED_EDGE('',*,*,#4397,.T.);
#4397 = EDGE_CURVE('',#4390,#4367,#4398,.T.);
#4398 = LINE('',#4399,#4400);
#4399 = CARTESIAN_POINT('',(370.,11.,530.));
#4400 = VECTOR('',#4401,1.);
#4401 = DIRECTION('',(0.,0.,1.));
#4402 = ORIENTED_EDGE('',*,*,#4366,.F.);
#4403 = PLANE('',#4404);
#4404 = AXIS2_PLACEMENT_3D('',#4405,#4406,#4407);
#4405 = CARTESIAN_POINT('',(370.,5.,530.));
#4406 = DIRECTION('',(1.,0.,0.));
#4407 = DIRECTION('',(0.,0.,1.));
#4408 = ADVANCED_FACE('',(#4409),#4435,.F.);
#4409 = FACE_BOUND('',#4410,.F.);
#4410 = EDGE_LOOP('',(#4411,#4421,#4427,#4428,#4429));
#4411 = ORIENTED_EDGE('',*,*,#4412,.F.);
#4412 = EDGE_CURVE('',#4413,#4415,#4417,.T.);
#4413 = VERTEX_POINT('',#4414);
#4414 = CARTESIAN_POINT('',(360.,5.,530.));
#4415 = VERTEX_POINT('',#4416);
#4416 = CARTESIAN_POINT('',(360.,11.,530.));
#4417 = LINE('',#4418,#4419);
#4418 = CARTESIAN_POINT('',(360.,5.,530.));
#4419 = VECTOR('',#4420,1.);
#4420 = DIRECTION('',(0.,1.,0.));
#4421 = ORIENTED_EDGE('',*,*,#4422,.T.);
#4422 = EDGE_CURVE('',#4413,#3833,#4423,.T.);
#4423 = LINE('',#4424,#4425);
#4424 = CARTESIAN_POINT('',(360.,5.,530.));
#4425 = VECTOR('',#4426,1.);
#4426 = DIRECTION('',(1.,0.,0.));
#4427 = ORIENTED_EDGE('',*,*,#3840,.T.);
#4428 = ORIENTED_EDGE('',*,*,#4389,.T.);
#4429 = ORIENTED_EDGE('',*,*,#4430,.F.);
#4430 = EDGE_CURVE('',#4415,#4390,#4431,.T.);
#4431 = LINE('',#4432,#4433);
#4432 = CARTESIAN_POINT('',(360.,11.,530.));
#4433 = VECTOR('',#4434,1.);
#4434 = DIRECTION('',(1.,0.,0.));
#4435 = PLANE('',#4436);
#4436 = AXIS2_PLACEMENT_3D('',#4437,#4438,#4439);
#4437 = CARTESIAN_POINT('',(360.,5.,530.));
#4438 = DIRECTION('',(0.,0.,1.));
#4439 = DIRECTION('',(1.,0.,0.));
#4440 = ADVANCED_FACE('',(#4441),#4474,.T.);
#4441 = FACE_BOUND('',#4442,.T.);
#4442 = EDGE_LOOP('',(#4443,#4453,#4459,#4460,#4468));
#4443 = ORIENTED_EDGE('',*,*,#4444,.F.);
#4444 = EDGE_CURVE('',#4445,#4447,#4449,.T.);
#4445 = VERTEX_POINT('',#4446);
#4446 = CARTESIAN_POINT('',(360.,5.,352.));
#4447 = VERTEX_POINT('',#4448);
#4448 = CARTESIAN_POINT('',(360.,11.,352.));
#4449 = LINE('',#4450,#4451);
#4450 = CARTESIAN_POINT('',(360.,5.,352.));
#4451 = VECTOR('',#4452,1.);
#4452 = DIRECTION('',(0.,1.,0.));
#4453 = ORIENTED_EDGE('',*,*,#4454,.T.);
#4454 = EDGE_CURVE('',#4445,#3825,#4455,.T.);
#4455 = LINE('',#4456,#4457);
#4456 = CARTESIAN_POINT('',(360.,5.,352.));
#4457 = VECTOR('',#4458,1.);
#4458 = DIRECTION('',(1.,0.,0.));
#4459 = ORIENTED_EDGE('',*,*,#3824,.T.);
#4460 = ORIENTED_EDGE('',*,*,#4461,.T.);
#4461 = EDGE_CURVE('',#3817,#4462,#4464,.T.);
#4462 = VERTEX_POINT('',#4463);
#4463 = CARTESIAN_POINT('',(370.,11.,352.));
#4464 = LINE('',#4465,#4466);
#4465 = CARTESIAN_POINT('',(370.,5.,352.));
#4466 = VECTOR('',#4467,1.);
#4467 = DIRECTION('',(0.,1.,0.));
#4468 = ORIENTED_EDGE('',*,*,#4469,.F.);
#4469 = EDGE_CURVE('',#4447,#4462,#4470,.T.);
#4470 = LINE('',#4471,#4472);
#4471 = CARTESIAN_POINT('',(360.,11.,352.));
#4472 = VECTOR('',#4473,1.);
#4473 = DIRECTION('',(1.,0.,0.));
#4474 = PLANE('',#4475);
#4475 = AXIS2_PLACEMENT_3D('',#4476,#4477,#4478);
#4476 = CARTESIAN_POINT('',(360.,5.,352.));
#4477 = DIRECTION('',(0.,0.,1.));
#4478 = DIRECTION('',(1.,0.,0.));
#4479 = ADVANCED_FACE('',(#4480),#4498,.T.);
#4480 = FACE_BOUND('',#4481,.T.);
#4481 = EDGE_LOOP('',(#4482,#4483,#4491,#4497));
#4482 = ORIENTED_EDGE('',*,*,#3816,.F.);
#4483 = ORIENTED_EDGE('',*,*,#4484,.T.);
#4484 = EDGE_CURVE('',#3809,#4485,#4487,.T.);
#4485 = VERTEX_POINT('',#4486);
#4486 = CARTESIAN_POINT('',(370.,11.,340.));
#4487 = LINE('',#4488,#4489);
#4488 = CARTESIAN_POINT('',(370.,5.,340.));
#4489 = VECTOR('',#4490,1.);
#4490 = DIRECTION('',(0.,1.,0.));
#4491 = ORIENTED_EDGE('',*,*,#4492,.T.);
#4492 = EDGE_CURVE('',#4485,#4462,#4493,.T.);
#4493 = LINE('',#4494,#4495);
#4494 = CARTESIAN_POINT('',(370.,11.,340.));
#4495 = VECTOR('',#4496,1.);
#4496 = DIRECTION('',(0.,0.,1.));
#4497 = ORIENTED_EDGE('',*,*,#4461,.F.);
#4498 = PLANE('',#4499);
#4499 = AXIS2_PLACEMENT_3D('',#4500,#4501,#4502);
#4500 = CARTESIAN_POINT('',(370.,5.,340.));
#4501 = DIRECTION('',(1.,0.,0.));
#4502 = DIRECTION('',(0.,0.,1.));
#4503 = ADVANCED_FACE('',(#4504),#4530,.F.);
#4504 = FACE_BOUND('',#4505,.F.);
#4505 = EDGE_LOOP('',(#4506,#4516,#4522,#4523,#4524));
#4506 = ORIENTED_EDGE('',*,*,#4507,.F.);
#4507 = EDGE_CURVE('',#4508,#4510,#4512,.T.);
#4508 = VERTEX_POINT('',#4509);
#4509 = CARTESIAN_POINT('',(360.,5.,340.));
#4510 = VERTEX_POINT('',#4511);
#4511 = CARTESIAN_POINT('',(360.,11.,340.));
#4512 = LINE('',#4513,#4514);
#4513 = CARTESIAN_POINT('',(360.,5.,340.));
#4514 = VECTOR('',#4515,1.);
#4515 = DIRECTION('',(0.,1.,0.));
#4516 = ORIENTED_EDGE('',*,*,#4517,.T.);
#4517 = EDGE_CURVE('',#4508,#3801,#4518,.T.);
#4518 = LINE('',#4519,#4520);
#4519 = CARTESIAN_POINT('',(360.,5.,340.));
#4520 = VECTOR('',#4521,1.);
#4521 = DIRECTION('',(1.,0.,0.));
#4522 = ORIENTED_EDGE('',*,*,#3808,.T.);
#4523 = ORIENTED_EDGE('',*,*,#4484,.T.);
#4524 = ORIENTED_EDGE('',*,*,#4525,.F.);
#4525 = EDGE_CURVE('',#4510,#4485,#4526,.T.);
#4526 = LINE('',#4527,#4528);
#4527 = CARTESIAN_POINT('',(360.,11.,340.));
#4528 = VECTOR('',#4529,1.);
#4529 = DIRECTION('',(1.,0.,0.));
#4530 = PLANE('',#4531);
#4531 = AXIS2_PLACEMENT_3D('',#4532,#4533,#4534);
#4532 = CARTESIAN_POINT('',(360.,5.,340.));
#4533 = DIRECTION('',(0.,0.,1.));
#4534 = DIRECTION('',(1.,0.,0.));
#4535 = ADVANCED_FACE('',(#4536),#4569,.T.);
#4536 = FACE_BOUND('',#4537,.T.);
#4537 = EDGE_LOOP('',(#4538,#4548,#4554,#4555,#4563));
#4538 = ORIENTED_EDGE('',*,*,#4539,.F.);
#4539 = EDGE_CURVE('',#4540,#4542,#4544,.T.);
#4540 = VERTEX_POINT('',#4541);
#4541 = CARTESIAN_POINT('',(360.,5.,162.));
#4542 = VERTEX_POINT('',#4543);
#4543 = CARTESIAN_POINT('',(360.,11.,162.));
#4544 = LINE('',#4545,#4546);
#4545 = CARTESIAN_POINT('',(360.,5.,162.));
#4546 = VECTOR('',#4547,1.);
#4547 = DIRECTION('',(0.,1.,0.));
#4548 = ORIENTED_EDGE('',*,*,#4549,.T.);
#4549 = EDGE_CURVE('',#4540,#3793,#4550,.T.);
#4550 = LINE('',#4551,#4552);
#4551 = CARTESIAN_POINT('',(360.,5.,162.));
#4552 = VECTOR('',#4553,1.);
#4553 = DIRECTION('',(1.,0.,0.));
#4554 = ORIENTED_EDGE('',*,*,#3792,.T.);
#4555 = ORIENTED_EDGE('',*,*,#4556,.T.);
#4556 = EDGE_CURVE('',#3785,#4557,#4559,.T.);
#4557 = VERTEX_POINT('',#4558);
#4558 = CARTESIAN_POINT('',(370.,11.,162.));
#4559 = LINE('',#4560,#4561);
#4560 = CARTESIAN_POINT('',(370.,5.,162.));
#4561 = VECTOR('',#4562,1.);
#4562 = DIRECTION('',(0.,1.,0.));
#4563 = ORIENTED_EDGE('',*,*,#4564,.F.);
#4564 = EDGE_CURVE('',#4542,#4557,#4565,.T.);
#4565 = LINE('',#4566,#4567);
#4566 = CARTESIAN_POINT('',(360.,11.,162.));
#4567 = VECTOR('',#4568,1.);
#4568 = DIRECTION('',(1.,0.,0.));
#4569 = PLANE('',#4570);
#4570 = AXIS2_PLACEMENT_3D('',#4571,#4572,#4573);
#4571 = CARTESIAN_POINT('',(360.,5.,162.));
#4572 = DIRECTION('',(0.,0.,1.));
#4573 = DIRECTION('',(1.,0.,0.));
#4574 = ADVANCED_FACE('',(#4575),#4593,.T.);
#4575 = FACE_BOUND('',#4576,.T.);
#4576 = EDGE_LOOP('',(#4577,#4578,#4586,#4592));
#4577 = ORIENTED_EDGE('',*,*,#3784,.F.);
#4578 = ORIENTED_EDGE('',*,*,#4579,.T.);
#4579 = EDGE_CURVE('',#3777,#4580,#4582,.T.);
#4580 = VERTEX_POINT('',#4581);
#4581 = CARTESIAN_POINT('',(370.,11.,150.));
#4582 = LINE('',#4583,#4584);
#4583 = CARTESIAN_POINT('',(370.,5.,150.));
#4584 = VECTOR('',#4585,1.);
#4585 = DIRECTION('',(0.,1.,0.));
#4586 = ORIENTED_EDGE('',*,*,#4587,.T.);
#4587 = EDGE_CURVE('',#4580,#4557,#4588,.T.);
#4588 = LINE('',#4589,#4590);
#4589 = CARTESIAN_POINT('',(370.,11.,150.));
#4590 = VECTOR('',#4591,1.);
#4591 = DIRECTION('',(0.,0.,1.));
#4592 = ORIENTED_EDGE('',*,*,#4556,.F.);
#4593 = PLANE('',#4594);
#4594 = AXIS2_PLACEMENT_3D('',#4595,#4596,#4597);
#4595 = CARTESIAN_POINT('',(370.,5.,150.));
#4596 = DIRECTION('',(1.,0.,0.));
#4597 = DIRECTION('',(0.,0.,1.));
#4598 = ADVANCED_FACE('',(#4599),#4625,.F.);
#4599 = FACE_BOUND('',#4600,.F.);
#4600 = EDGE_LOOP('',(#4601,#4611,#4617,#4618,#4619));
#4601 = ORIENTED_EDGE('',*,*,#4602,.F.);
#4602 = EDGE_CURVE('',#4603,#4605,#4607,.T.);
#4603 = VERTEX_POINT('',#4604);
#4604 = CARTESIAN_POINT('',(360.,5.,150.));
#4605 = VERTEX_POINT('',#4606);
#4606 = CARTESIAN_POINT('',(360.,11.,150.));
#4607 = LINE('',#4608,#4609);
#4608 = CARTESIAN_POINT('',(360.,5.,150.));
#4609 = VECTOR('',#4610,1.);
#4610 = DIRECTION('',(0.,1.,0.));
#4611 = ORIENTED_EDGE('',*,*,#4612,.T.);
#4612 = EDGE_CURVE('',#4603,#3769,#4613,.T.);
#4613 = LINE('',#4614,#4615);
#4614 = CARTESIAN_POINT('',(360.,5.,150.));
#4615 = VECTOR('',#4616,1.);
#4616 = DIRECTION('',(1.,0.,0.));
#4617 = ORIENTED_EDGE('',*,*,#3776,.T.);
#4618 = ORIENTED_EDGE('',*,*,#4579,.T.);
#4619 = ORIENTED_EDGE('',*,*,#4620,.F.);
#4620 = EDGE_CURVE('',#4605,#4580,#4621,.T.);
#4621 = LINE('',#4622,#4623);
#4622 = CARTESIAN_POINT('',(360.,11.,150.));
#4623 = VECTOR('',#4624,1.);
#4624 = DIRECTION('',(1.,0.,0.));
#4625 = PLANE('',#4626);
#4626 = AXIS2_PLACEMENT_3D('',#4627,#4628,#4629);
#4627 = CARTESIAN_POINT('',(360.,5.,150.));
#4628 = DIRECTION('',(0.,0.,1.));
#4629 = DIRECTION('',(1.,0.,0.));
#4630 = ADVANCED_FACE('',(#4631),#4664,.F.);
#4631 = FACE_BOUND('',#4632,.F.);
#4632 = EDGE_LOOP('',(#4633,#4641,#4642,#4650,#4658));
#4633 = ORIENTED_EDGE('',*,*,#4634,.F.);
#4634 = EDGE_CURVE('',#3737,#4635,#4637,.T.);
#4635 = VERTEX_POINT('',#4636);
#4636 = CARTESIAN_POINT('',(33.,17.,186.));
#4637 = LINE('',#4638,#4639);
#4638 = CARTESIAN_POINT('',(33.,5.,186.));
#4639 = VECTOR('',#4640,1.);
#4640 = DIRECTION('',(0.,1.,0.));
#4641 = ORIENTED_EDGE('',*,*,#3744,.T.);
#4642 = ORIENTED_EDGE('',*,*,#4643,.T.);
#4643 = EDGE_CURVE('',#3745,#4644,#4646,.T.);
#4644 = VERTEX_POINT('',#4645);
#4645 = CARTESIAN_POINT('',(55.,5.,186.));
#4646 = LINE('',#4647,#4648);
#4647 = CARTESIAN_POINT('',(33.,5.,186.));
#4648 = VECTOR('',#4649,1.);
#4649 = DIRECTION('',(1.,0.,0.));
#4650 = ORIENTED_EDGE('',*,*,#4651,.T.);
#4651 = EDGE_CURVE('',#4644,#4652,#4654,.T.);
#4652 = VERTEX_POINT('',#4653);
#4653 = CARTESIAN_POINT('',(55.,17.,186.));
#4654 = LINE('',#4655,#4656);
#4655 = CARTESIAN_POINT('',(55.,5.,186.));
#4656 = VECTOR('',#4657,1.);
#4657 = DIRECTION('',(0.,1.,0.));
#4658 = ORIENTED_EDGE('',*,*,#4659,.F.);
#4659 = EDGE_CURVE('',#4635,#4652,#4660,.T.);
#4660 = LINE('',#4661,#4662);
#4661 = CARTESIAN_POINT('',(33.,17.,186.));
#4662 = VECTOR('',#4663,1.);
#4663 = DIRECTION('',(1.,0.,0.));
#4664 = PLANE('',#4665);
#4665 = AXIS2_PLACEMENT_3D('',#4666,#4667,#4668);
#4666 = CARTESIAN_POINT('',(33.,5.,186.));
#4667 = DIRECTION('',(0.,0.,1.));
#4668 = DIRECTION('',(1.,0.,0.));
#4669 = ADVANCED_FACE('',(#4670),#4688,.F.);
#4670 = FACE_BOUND('',#4671,.F.);
#4671 = EDGE_LOOP('',(#4672,#4673,#4674,#4682));
#4672 = ORIENTED_EDGE('',*,*,#3736,.F.);
#4673 = ORIENTED_EDGE('',*,*,#4634,.T.);
#4674 = ORIENTED_EDGE('',*,*,#4675,.T.);
#4675 = EDGE_CURVE('',#4635,#4676,#4678,.T.);
#4676 = VERTEX_POINT('',#4677);
#4677 = CARTESIAN_POINT('',(33.,17.,214.));
#4678 = LINE('',#4679,#4680);
#4679 = CARTESIAN_POINT('',(33.,17.,186.));
#4680 = VECTOR('',#4681,1.);
#4681 = DIRECTION('',(0.,0.,1.));
#4682 = ORIENTED_EDGE('',*,*,#4683,.F.);
#4683 = EDGE_CURVE('',#3729,#4676,#4684,.T.);
#4684 = LINE('',#4685,#4686);
#4685 = CARTESIAN_POINT('',(33.,5.,214.));
#4686 = VECTOR('',#4687,1.);
#4687 = DIRECTION('',(0.,1.,0.));
#4688 = PLANE('',#4689);
#4689 = AXIS2_PLACEMENT_3D('',#4690,#4691,#4692);
#4690 = CARTESIAN_POINT('',(33.,5.,186.));
#4691 = DIRECTION('',(1.,0.,0.));
#4692 = DIRECTION('',(0.,0.,1.));
#4693 = ADVANCED_FACE('',(#4694),#4720,.T.);
#4694 = FACE_BOUND('',#4695,.T.);
#4695 = EDGE_LOOP('',(#4696,#4697,#4698,#4706,#4714));
#4696 = ORIENTED_EDGE('',*,*,#4683,.F.);
#4697 = ORIENTED_EDGE('',*,*,#3728,.T.);
#4698 = ORIENTED_EDGE('',*,*,#4699,.T.);
#4699 = EDGE_CURVE('',#3721,#4700,#4702,.T.);
#4700 = VERTEX_POINT('',#4701);
#4701 = CARTESIAN_POINT('',(55.,5.,214.));
#4702 = LINE('',#4703,#4704);
#4703 = CARTESIAN_POINT('',(33.,5.,214.));
#4704 = VECTOR('',#4705,1.);
#4705 = DIRECTION('',(1.,0.,0.));
#4706 = ORIENTED_EDGE('',*,*,#4707,.T.);
#4707 = EDGE_CURVE('',#4700,#4708,#4710,.T.);
#4708 = VERTEX_POINT('',#4709);
#4709 = CARTESIAN_POINT('',(55.,17.,214.));
#4710 = LINE('',#4711,#4712);
#4711 = CARTESIAN_POINT('',(55.,5.,214.));
#4712 = VECTOR('',#4713,1.);
#4713 = DIRECTION('',(0.,1.,0.));
#4714 = ORIENTED_EDGE('',*,*,#4715,.F.);
#4715 = EDGE_CURVE('',#4676,#4708,#4716,.T.);
#4716 = LINE('',#4717,#4718);
#4717 = CARTESIAN_POINT('',(33.,17.,214.));
#4718 = VECTOR('',#4719,1.);
#4719 = DIRECTION('',(1.,0.,0.));
#4720 = PLANE('',#4721);
#4721 = AXIS2_PLACEMENT_3D('',#4722,#4723,#4724);
#4722 = CARTESIAN_POINT('',(33.,5.,214.));
#4723 = DIRECTION('',(0.,0.,1.));
#4724 = DIRECTION('',(1.,0.,0.));
#4725 = ADVANCED_FACE('',(#4726),#4759,.F.);
#4726 = FACE_BOUND('',#4727,.F.);
#4727 = EDGE_LOOP('',(#4728,#4736,#4737,#4745,#4753));
#4728 = ORIENTED_EDGE('',*,*,#4729,.F.);
#4729 = EDGE_CURVE('',#3705,#4730,#4732,.T.);
#4730 = VERTEX_POINT('',#4731);
#4731 = CARTESIAN_POINT('',(33.,17.,421.));
#4732 = LINE('',#4733,#4734);
#4733 = CARTESIAN_POINT('',(33.,5.,421.));
#4734 = VECTOR('',#4735,1.);
#4735 = DIRECTION('',(0.,1.,0.));
#4736 = ORIENTED_EDGE('',*,*,#3712,.T.);
#4737 = ORIENTED_EDGE('',*,*,#4738,.T.);
#4738 = EDGE_CURVE('',#3713,#4739,#4741,.T.);
#4739 = VERTEX_POINT('',#4740);
#4740 = CARTESIAN_POINT('',(55.,5.,421.));
#4741 = LINE('',#4742,#4743);
#4742 = CARTESIAN_POINT('',(33.,5.,421.));
#4743 = VECTOR('',#4744,1.);
#4744 = DIRECTION('',(1.,0.,0.));
#4745 = ORIENTED_EDGE('',*,*,#4746,.T.);
#4746 = EDGE_CURVE('',#4739,#4747,#4749,.T.);
#4747 = VERTEX_POINT('',#4748);
#4748 = CARTESIAN_POINT('',(55.,17.,421.));
#4749 = LINE('',#4750,#4751);
#4750 = CARTESIAN_POINT('',(55.,5.,421.));
#4751 = VECTOR('',#4752,1.);
#4752 = DIRECTION('',(0.,1.,0.));
#4753 = ORIENTED_EDGE('',*,*,#4754,.F.);
#4754 = EDGE_CURVE('',#4730,#4747,#4755,.T.);
#4755 = LINE('',#4756,#4757);
#4756 = CARTESIAN_POINT('',(33.,17.,421.));
#4757 = VECTOR('',#4758,1.);
#4758 = DIRECTION('',(1.,0.,0.));
#4759 = PLANE('',#4760);
#4760 = AXIS2_PLACEMENT_3D('',#4761,#4762,#4763);
#4761 = CARTESIAN_POINT('',(33.,5.,421.));
#4762 = DIRECTION('',(0.,0.,1.));
#4763 = DIRECTION('',(1.,0.,0.));
#4764 = ADVANCED_FACE('',(#4765),#4783,.F.);
#4765 = FACE_BOUND('',#4766,.F.);
#4766 = EDGE_LOOP('',(#4767,#4768,#4769,#4777));
#4767 = ORIENTED_EDGE('',*,*,#3704,.F.);
#4768 = ORIENTED_EDGE('',*,*,#4729,.T.);
#4769 = ORIENTED_EDGE('',*,*,#4770,.T.);
#4770 = EDGE_CURVE('',#4730,#4771,#4773,.T.);
#4771 = VERTEX_POINT('',#4772);
#4772 = CARTESIAN_POINT('',(33.,17.,449.));
#4773 = LINE('',#4774,#4775);
#4774 = CARTESIAN_POINT('',(33.,17.,421.));
#4775 = VECTOR('',#4776,1.);
#4776 = DIRECTION('',(0.,0.,1.));
#4777 = ORIENTED_EDGE('',*,*,#4778,.F.);
#4778 = EDGE_CURVE('',#3697,#4771,#4779,.T.);
#4779 = LINE('',#4780,#4781);
#4780 = CARTESIAN_POINT('',(33.,5.,449.));
#4781 = VECTOR('',#4782,1.);
#4782 = DIRECTION('',(0.,1.,0.));
#4783 = PLANE('',#4784);
#4784 = AXIS2_PLACEMENT_3D('',#4785,#4786,#4787);
#4785 = CARTESIAN_POINT('',(33.,5.,421.));
#4786 = DIRECTION('',(1.,0.,0.));
#4787 = DIRECTION('',(0.,0.,1.));
#4788 = ADVANCED_FACE('',(#4789),#4815,.T.);
#4789 = FACE_BOUND('',#4790,.T.);
#4790 = EDGE_LOOP('',(#4791,#4792,#4793,#4801,#4809));
#4791 = ORIENTED_EDGE('',*,*,#4778,.F.);
#4792 = ORIENTED_EDGE('',*,*,#3696,.T.);
#4793 = ORIENTED_EDGE('',*,*,#4794,.T.);
#4794 = EDGE_CURVE('',#3689,#4795,#4797,.T.);
#4795 = VERTEX_POINT('',#4796);
#4796 = CARTESIAN_POINT('',(55.,5.,449.));
#4797 = LINE('',#4798,#4799);
#4798 = CARTESIAN_POINT('',(33.,5.,449.));
#4799 = VECTOR('',#4800,1.);
#4800 = DIRECTION('',(1.,0.,0.));
#4801 = ORIENTED_EDGE('',*,*,#4802,.T.);
#4802 = EDGE_CURVE('',#4795,#4803,#4805,.T.);
#4803 = VERTEX_POINT('',#4804);
#4804 = CARTESIAN_POINT('',(55.,17.,449.));
#4805 = LINE('',#4806,#4807);
#4806 = CARTESIAN_POINT('',(55.,5.,449.));
#4807 = VECTOR('',#4808,1.);
#4808 = DIRECTION('',(0.,1.,0.));
#4809 = ORIENTED_EDGE('',*,*,#4810,.F.);
#4810 = EDGE_CURVE('',#4771,#4803,#4811,.T.);
#4811 = LINE('',#4812,#4813);
#4812 = CARTESIAN_POINT('',(33.,17.,449.));
#4813 = VECTOR('',#4814,1.);
#4814 = DIRECTION('',(1.,0.,0.));
#4815 = PLANE('',#4816);
#4816 = AXIS2_PLACEMENT_3D('',#4817,#4818,#4819);
#4817 = CARTESIAN_POINT('',(33.,5.,449.));
#4818 = DIRECTION('',(0.,0.,1.));
#4819 = DIRECTION('',(1.,0.,0.));
#4820 = ADVANCED_FACE('',(#4821),#4854,.F.);
#4821 = FACE_BOUND('',#4822,.F.);
#4822 = EDGE_LOOP('',(#4823,#4831,#4832,#4840,#4848));
#4823 = ORIENTED_EDGE('',*,*,#4824,.F.);
#4824 = EDGE_CURVE('',#3673,#4825,#4827,.T.);
#4825 = VERTEX_POINT('',#4826);
#4826 = CARTESIAN_POINT('',(33.,17.,656.));
#4827 = LINE('',#4828,#4829);
#4828 = CARTESIAN_POINT('',(33.,5.,656.));
#4829 = VECTOR('',#4830,1.);
#4830 = DIRECTION('',(0.,1.,0.));
#4831 = ORIENTED_EDGE('',*,*,#3680,.T.);
#4832 = ORIENTED_EDGE('',*,*,#4833,.T.);
#4833 = EDGE_CURVE('',#3681,#4834,#4836,.T.);
#4834 = VERTEX_POINT('',#4835);
#4835 = CARTESIAN_POINT('',(55.,5.,656.));
#4836 = LINE('',#4837,#4838);
#4837 = CARTESIAN_POINT('',(33.,5.,656.));
#4838 = VECTOR('',#4839,1.);
#4839 = DIRECTION('',(1.,0.,0.));
#4840 = ORIENTED_EDGE('',*,*,#4841,.T.);
#4841 = EDGE_CURVE('',#4834,#4842,#4844,.T.);
#4842 = VERTEX_POINT('',#4843);
#4843 = CARTESIAN_POINT('',(55.,17.,656.));
#4844 = LINE('',#4845,#4846);
#4845 = CARTESIAN_POINT('',(55.,5.,656.));
#4846 = VECTOR('',#4847,1.);
#4847 = DIRECTION('',(0.,1.,0.));
#4848 = ORIENTED_EDGE('',*,*,#4849,.F.);
#4849 = EDGE_CURVE('',#4825,#4842,#4850,.T.);
#4850 = LINE('',#4851,#4852);
#4851 = CARTESIAN_POINT('',(33.,17.,656.));
#4852 = VECTOR('',#4853,1.);
#4853 = DIRECTION('',(1.,0.,0.));
#4854 = PLANE('',#4855);
#4855 = AXIS2_PLACEMENT_3D('',#4856,#4857,#4858);
#4856 = CARTESIAN_POINT('',(33.,5.,656.));
#4857 = DIRECTION('',(0.,0.,1.));
#4858 = DIRECTION('',(1.,0.,0.));
#4859 = ADVANCED_FACE('',(#4860),#4878,.F.);
#4860 = FACE_BOUND('',#4861,.F.);
#4861 = EDGE_LOOP('',(#4862,#4863,#4864,#4872));
#4862 = ORIENTED_EDGE('',*,*,#3672,.F.);
#4863 = ORIENTED_EDGE('',*,*,#4824,.T.);
#4864 = ORIENTED_EDGE('',*,*,#4865,.T.);
#4865 = EDGE_CURVE('',#4825,#4866,#4868,.T.);
#4866 = VERTEX_POINT('',#4867);
#4867 = CARTESIAN_POINT('',(33.,17.,684.));
#4868 = LINE('',#4869,#4870);
#4869 = CARTESIAN_POINT('',(33.,17.,656.));
#4870 = VECTOR('',#4871,1.);
#4871 = DIRECTION('',(0.,0.,1.));
#4872 = ORIENTED_EDGE('',*,*,#4873,.F.);
#4873 = EDGE_CURVE('',#3665,#4866,#4874,.T.);
#4874 = LINE('',#4875,#4876);
#4875 = CARTESIAN_POINT('',(33.,5.,684.));
#4876 = VECTOR('',#4877,1.);
#4877 = DIRECTION('',(0.,1.,0.));
#4878 = PLANE('',#4879);
#4879 = AXIS2_PLACEMENT_3D('',#4880,#4881,#4882);
#4880 = CARTESIAN_POINT('',(33.,5.,656.));
#4881 = DIRECTION('',(1.,0.,0.));
#4882 = DIRECTION('',(0.,0.,1.));
#4883 = ADVANCED_FACE('',(#4884),#4910,.T.);
#4884 = FACE_BOUND('',#4885,.T.);
#4885 = EDGE_LOOP('',(#4886,#4887,#4888,#4896,#4904));
#4886 = ORIENTED_EDGE('',*,*,#4873,.F.);
#4887 = ORIENTED_EDGE('',*,*,#3664,.T.);
#4888 = ORIENTED_EDGE('',*,*,#4889,.T.);
#4889 = EDGE_CURVE('',#3657,#4890,#4892,.T.);
#4890 = VERTEX_POINT('',#4891);
#4891 = CARTESIAN_POINT('',(55.,5.,684.));
#4892 = LINE('',#4893,#4894);
#4893 = CARTESIAN_POINT('',(33.,5.,684.));
#4894 = VECTOR('',#4895,1.);
#4895 = DIRECTION('',(1.,0.,0.));
#4896 = ORIENTED_EDGE('',*,*,#4897,.T.);
#4897 = EDGE_CURVE('',#4890,#4898,#4900,.T.);
#4898 = VERTEX_POINT('',#4899);
#4899 = CARTESIAN_POINT('',(55.,17.,684.));
#4900 = LINE('',#4901,#4902);
#4901 = CARTESIAN_POINT('',(55.,5.,684.));
#4902 = VECTOR('',#4903,1.);
#4903 = DIRECTION('',(0.,1.,0.));
#4904 = ORIENTED_EDGE('',*,*,#4905,.F.);
#4905 = EDGE_CURVE('',#4866,#4898,#4906,.T.);
#4906 = LINE('',#4907,#4908);
#4907 = CARTESIAN_POINT('',(33.,17.,684.));
#4908 = VECTOR('',#4909,1.);
#4909 = DIRECTION('',(1.,0.,0.));
#4910 = PLANE('',#4911);
#4911 = AXIS2_PLACEMENT_3D('',#4912,#4913,#4914);
#4912 = CARTESIAN_POINT('',(33.,5.,684.));
#4913 = DIRECTION('',(0.,0.,1.));
#4914 = DIRECTION('',(1.,0.,0.));
#4915 = ADVANCED_FACE('',(#4916),#4927,.F.);
#4916 = FACE_BOUND('',#4917,.F.);
#4917 = EDGE_LOOP('',(#4918,#4919,#4925,#4926));
#4918 = ORIENTED_EDGE('',*,*,#4327,.F.);
#4919 = ORIENTED_EDGE('',*,*,#4920,.T.);
#4920 = EDGE_CURVE('',#4318,#4255,#4921,.T.);
#4921 = LINE('',#4922,#4923);
#4922 = CARTESIAN_POINT('',(360.,5.,720.));
#4923 = VECTOR('',#4924,1.);
#4924 = DIRECTION('',(0.,0.,1.));
#4925 = ORIENTED_EDGE('',*,*,#4264,.T.);
#4926 = ORIENTED_EDGE('',*,*,#3991,.T.);
#4927 = PLANE('',#4928);
#4928 = AXIS2_PLACEMENT_3D('',#4929,#4930,#4931);
#4929 = CARTESIAN_POINT('',(360.,5.,720.));
#4930 = DIRECTION('',(0.,1.,0.));
#4931 = DIRECTION('',(0.,0.,1.));
#4932 = ADVANCED_FACE('',(#4933),#4944,.F.);
#4933 = FACE_BOUND('',#4934,.F.);
#4934 = EDGE_LOOP('',(#4935,#4936,#4942,#4943));
#4935 = ORIENTED_EDGE('',*,*,#4422,.F.);
#4936 = ORIENTED_EDGE('',*,*,#4937,.T.);
#4937 = EDGE_CURVE('',#4413,#4350,#4938,.T.);
#4938 = LINE('',#4939,#4940);
#4939 = CARTESIAN_POINT('',(360.,5.,530.));
#4940 = VECTOR('',#4941,1.);
#4941 = DIRECTION('',(0.,0.,1.));
#4942 = ORIENTED_EDGE('',*,*,#4359,.T.);
#4943 = ORIENTED_EDGE('',*,*,#3984,.T.);
#4944 = PLANE('',#4945);
#4945 = AXIS2_PLACEMENT_3D('',#4946,#4947,#4948);
#4946 = CARTESIAN_POINT('',(360.,5.,530.));
#4947 = DIRECTION('',(0.,1.,0.));
#4948 = DIRECTION('',(0.,0.,1.));
#4949 = ADVANCED_FACE('',(#4950),#4961,.F.);
#4950 = FACE_BOUND('',#4951,.F.);
#4951 = EDGE_LOOP('',(#4952,#4953,#4959,#4960));
#4952 = ORIENTED_EDGE('',*,*,#4517,.F.);
#4953 = ORIENTED_EDGE('',*,*,#4954,.T.);
#4954 = EDGE_CURVE('',#4508,#4445,#4955,.T.);
#4955 = LINE('',#4956,#4957);
#4956 = CARTESIAN_POINT('',(360.,5.,340.));
#4957 = VECTOR('',#4958,1.);
#4958 = DIRECTION('',(0.,0.,1.));
#4959 = ORIENTED_EDGE('',*,*,#4454,.T.);
#4960 = ORIENTED_EDGE('',*,*,#3977,.T.);
#4961 = PLANE('',#4962);
#4962 = AXIS2_PLACEMENT_3D('',#4963,#4964,#4965);
#4963 = CARTESIAN_POINT('',(360.,5.,340.));
#4964 = DIRECTION('',(0.,1.,0.));
#4965 = DIRECTION('',(0.,0.,1.));
#4966 = ADVANCED_FACE('',(#4967),#4978,.F.);
#4967 = FACE_BOUND('',#4968,.F.);
#4968 = EDGE_LOOP('',(#4969,#4970,#4976,#4977));
#4969 = ORIENTED_EDGE('',*,*,#4612,.F.);
#4970 = ORIENTED_EDGE('',*,*,#4971,.T.);
#4971 = EDGE_CURVE('',#4603,#4540,#4972,.T.);
#4972 = LINE('',#4973,#4974);
#4973 = CARTESIAN_POINT('',(360.,5.,150.));
#4974 = VECTOR('',#4975,1.);
#4975 = DIRECTION('',(0.,0.,1.));
#4976 = ORIENTED_EDGE('',*,*,#4549,.T.);
#4977 = ORIENTED_EDGE('',*,*,#3970,.T.);
#4978 = PLANE('',#4979);
#4979 = AXIS2_PLACEMENT_3D('',#4980,#4981,#4982);
#4980 = CARTESIAN_POINT('',(360.,5.,150.));
#4981 = DIRECTION('',(0.,1.,0.));
#4982 = DIRECTION('',(0.,0.,1.));
#4983 = ADVANCED_FACE('',(#4984),#4997,.F.);
#4984 = FACE_BOUND('',#4985,.F.);
#4985 = EDGE_LOOP('',(#4986,#4987,#4988,#4989,#4990,#4991));
#4986 = ORIENTED_EDGE('',*,*,#4643,.F.);
#4987 = ORIENTED_EDGE('',*,*,#4034,.F.);
#4988 = ORIENTED_EDGE('',*,*,#4072,.F.);
#4989 = ORIENTED_EDGE('',*,*,#4100,.F.);
#4990 = ORIENTED_EDGE('',*,*,#4699,.T.);
#4991 = ORIENTED_EDGE('',*,*,#4992,.F.);
#4992 = EDGE_CURVE('',#4644,#4700,#4993,.T.);
#4993 = LINE('',#4994,#4995);
#4994 = CARTESIAN_POINT('',(55.,5.,186.));
#4995 = VECTOR('',#4996,1.);
#4996 = DIRECTION('',(0.,0.,1.));
#4997 = PLANE('',#4998);
#4998 = AXIS2_PLACEMENT_3D('',#4999,#5000,#5001);
#4999 = CARTESIAN_POINT('',(33.,5.,186.));
#5000 = DIRECTION('',(0.,1.,0.));
#5001 = DIRECTION('',(0.,0.,1.));
#5002 = ADVANCED_FACE('',(#5003,#5014),#5017,.T.);
#5003 = FACE_BOUND('',#5004,.T.);
#5004 = EDGE_LOOP('',(#5005,#5006,#5007,#5008));
#5005 = ORIENTED_EDGE('',*,*,#4659,.F.);
#5006 = ORIENTED_EDGE('',*,*,#4675,.T.);
#5007 = ORIENTED_EDGE('',*,*,#4715,.T.);
#5008 = ORIENTED_EDGE('',*,*,#5009,.F.);
#5009 = EDGE_CURVE('',#4652,#4708,#5010,.T.);
#5010 = LINE('',#5011,#5012);
#5011 = CARTESIAN_POINT('',(55.,17.,186.));
#5012 = VECTOR('',#5013,1.);
#5013 = DIRECTION('',(0.,0.,1.));
#5014 = FACE_BOUND('',#5015,.T.);
#5015 = EDGE_LOOP('',(#5016));
#5016 = ORIENTED_EDGE('',*,*,#4048,.F.);
#5017 = PLANE('',#5018);
#5018 = AXIS2_PLACEMENT_3D('',#5019,#5020,#5021);
#5019 = CARTESIAN_POINT('',(33.,17.,186.));
#5020 = DIRECTION('',(0.,1.,0.));
#5021 = DIRECTION('',(0.,0.,1.));
#5022 = ADVANCED_FACE('',(#5023),#5036,.F.);
#5023 = FACE_BOUND('',#5024,.F.);
#5024 = EDGE_LOOP('',(#5025,#5026,#5027,#5028,#5029,#5030));
#5025 = ORIENTED_EDGE('',*,*,#4738,.F.);
#5026 = ORIENTED_EDGE('',*,*,#4107,.F.);
#5027 = ORIENTED_EDGE('',*,*,#4145,.F.);
#5028 = ORIENTED_EDGE('',*,*,#4173,.F.);
#5029 = ORIENTED_EDGE('',*,*,#4794,.T.);
#5030 = ORIENTED_EDGE('',*,*,#5031,.F.);
#5031 = EDGE_CURVE('',#4739,#4795,#5032,.T.);
#5032 = LINE('',#5033,#5034);
#5033 = CARTESIAN_POINT('',(55.,5.,421.));
#5034 = VECTOR('',#5035,1.);
#5035 = DIRECTION('',(0.,0.,1.));
#5036 = PLANE('',#5037);
#5037 = AXIS2_PLACEMENT_3D('',#5038,#5039,#5040);
#5038 = CARTESIAN_POINT('',(33.,5.,421.));
#5039 = DIRECTION('',(0.,1.,0.));
#5040 = DIRECTION('',(0.,0.,1.));
#5041 = ADVANCED_FACE('',(#5042,#5053),#5056,.T.);
#5042 = FACE_BOUND('',#5043,.T.);
#5043 = EDGE_LOOP('',(#5044,#5045,#5046,#5047));
#5044 = ORIENTED_EDGE('',*,*,#4754,.F.);
#5045 = ORIENTED_EDGE('',*,*,#4770,.T.);
#5046 = ORIENTED_EDGE('',*,*,#4810,.T.);
#5047 = ORIENTED_EDGE('',*,*,#5048,.F.);
#5048 = EDGE_CURVE('',#4747,#4803,#5049,.T.);
#5049 = LINE('',#5050,#5051);
#5050 = CARTESIAN_POINT('',(55.,17.,421.));
#5051 = VECTOR('',#5052,1.);
#5052 = DIRECTION('',(0.,0.,1.));
#5053 = FACE_BOUND('',#5054,.T.);
#5054 = EDGE_LOOP('',(#5055));
#5055 = ORIENTED_EDGE('',*,*,#4121,.F.);
#5056 = PLANE('',#5057);
#5057 = AXIS2_PLACEMENT_3D('',#5058,#5059,#5060);
#5058 = CARTESIAN_POINT('',(33.,17.,421.));
#5059 = DIRECTION('',(0.,1.,0.));
#5060 = DIRECTION('',(0.,0.,1.));
#5061 = ADVANCED_FACE('',(#5062),#5075,.F.);
#5062 = FACE_BOUND('',#5063,.F.);
#5063 = EDGE_LOOP('',(#5064,#5065,#5066,#5067,#5068,#5069));
#5064 = ORIENTED_EDGE('',*,*,#4833,.F.);
#5065 = ORIENTED_EDGE('',*,*,#4180,.F.);
#5066 = ORIENTED_EDGE('',*,*,#4218,.F.);
#5067 = ORIENTED_EDGE('',*,*,#4239,.F.);
#5068 = ORIENTED_EDGE('',*,*,#4889,.T.);
#5069 = ORIENTED_EDGE('',*,*,#5070,.F.);
#5070 = EDGE_CURVE('',#4834,#4890,#5071,.T.);
#5071 = LINE('',#5072,#5073);
#5072 = CARTESIAN_POINT('',(55.,5.,656.));
#5073 = VECTOR('',#5074,1.);
#5074 = DIRECTION('',(0.,0.,1.));
#5075 = PLANE('',#5076);
#5076 = AXIS2_PLACEMENT_3D('',#5077,#5078,#5079);
#5077 = CARTESIAN_POINT('',(33.,5.,656.));
#5078 = DIRECTION('',(0.,1.,0.));
#5079 = DIRECTION('',(0.,0.,1.));
#5080 = ADVANCED_FACE('',(#5081,#5092),#5095,.T.);
#5081 = FACE_BOUND('',#5082,.T.);
#5082 = EDGE_LOOP('',(#5083,#5084,#5085,#5086));
#5083 = ORIENTED_EDGE('',*,*,#4849,.F.);
#5084 = ORIENTED_EDGE('',*,*,#4865,.T.);
#5085 = ORIENTED_EDGE('',*,*,#4905,.T.);
#5086 = ORIENTED_EDGE('',*,*,#5087,.F.);
#5087 = EDGE_CURVE('',#4842,#4898,#5088,.T.);
#5088 = LINE('',#5089,#5090);
#5089 = CARTESIAN_POINT('',(55.,17.,656.));
#5090 = VECTOR('',#5091,1.);
#5091 = DIRECTION('',(0.,0.,1.));
#5092 = FACE_BOUND('',#5093,.T.);
#5093 = EDGE_LOOP('',(#5094));
#5094 = ORIENTED_EDGE('',*,*,#4194,.F.);
#5095 = PLANE('',#5096);
#5096 = AXIS2_PLACEMENT_3D('',#5097,#5098,#5099);
#5097 = CARTESIAN_POINT('',(33.,17.,656.));
#5098 = DIRECTION('',(0.,1.,0.));
#5099 = DIRECTION('',(0.,0.,1.));
#5100 = ADVANCED_FACE('',(#5101),#5112,.F.);
#5101 = FACE_BOUND('',#5102,.F.);
#5102 = EDGE_LOOP('',(#5103,#5104,#5105,#5111));
#5103 = ORIENTED_EDGE('',*,*,#4920,.F.);
#5104 = ORIENTED_EDGE('',*,*,#4317,.T.);
#5105 = ORIENTED_EDGE('',*,*,#5106,.T.);
#5106 = EDGE_CURVE('',#4320,#4257,#5107,.T.);
#5107 = LINE('',#5108,#5109);
#5108 = CARTESIAN_POINT('',(360.,11.,720.));
#5109 = VECTOR('',#5110,1.);
#5110 = DIRECTION('',(0.,0.,1.));
#5111 = ORIENTED_EDGE('',*,*,#4254,.F.);
#5112 = PLANE('',#5113);
#5113 = AXIS2_PLACEMENT_3D('',#5114,#5115,#5116);
#5114 = CARTESIAN_POINT('',(360.,5.,720.));
#5115 = DIRECTION('',(1.,0.,0.));
#5116 = DIRECTION('',(0.,0.,1.));
#5117 = ADVANCED_FACE('',(#5118),#5124,.T.);
#5118 = FACE_BOUND('',#5119,.T.);
#5119 = EDGE_LOOP('',(#5120,#5121,#5122,#5123));
#5120 = ORIENTED_EDGE('',*,*,#4335,.F.);
#5121 = ORIENTED_EDGE('',*,*,#5106,.T.);
#5122 = ORIENTED_EDGE('',*,*,#4279,.T.);
#5123 = ORIENTED_EDGE('',*,*,#4302,.F.);
#5124 = PLANE('',#5125);
#5125 = AXIS2_PLACEMENT_3D('',#5126,#5127,#5128);
#5126 = CARTESIAN_POINT('',(360.,11.,720.));
#5127 = DIRECTION('',(0.,1.,0.));
#5128 = DIRECTION('',(0.,0.,1.));
#5129 = ADVANCED_FACE('',(#5130),#5141,.F.);
#5130 = FACE_BOUND('',#5131,.F.);
#5131 = EDGE_LOOP('',(#5132,#5133,#5134,#5140));
#5132 = ORIENTED_EDGE('',*,*,#4937,.F.);
#5133 = ORIENTED_EDGE('',*,*,#4412,.T.);
#5134 = ORIENTED_EDGE('',*,*,#5135,.T.);
#5135 = EDGE_CURVE('',#4415,#4352,#5136,.T.);
#5136 = LINE('',#5137,#5138);
#5137 = CARTESIAN_POINT('',(360.,11.,530.));
#5138 = VECTOR('',#5139,1.);
#5139 = DIRECTION('',(0.,0.,1.));
#5140 = ORIENTED_EDGE('',*,*,#4349,.F.);
#5141 = PLANE('',#5142);
#5142 = AXIS2_PLACEMENT_3D('',#5143,#5144,#5145);
#5143 = CARTESIAN_POINT('',(360.,5.,530.));
#5144 = DIRECTION('',(1.,0.,0.));
#5145 = DIRECTION('',(0.,0.,1.));
#5146 = ADVANCED_FACE('',(#5147),#5153,.T.);
#5147 = FACE_BOUND('',#5148,.T.);
#5148 = EDGE_LOOP('',(#5149,#5150,#5151,#5152));
#5149 = ORIENTED_EDGE('',*,*,#4430,.F.);
#5150 = ORIENTED_EDGE('',*,*,#5135,.T.);
#5151 = ORIENTED_EDGE('',*,*,#4374,.T.);
#5152 = ORIENTED_EDGE('',*,*,#4397,.F.);
#5153 = PLANE('',#5154);
#5154 = AXIS2_PLACEMENT_3D('',#5155,#5156,#5157);
#5155 = CARTESIAN_POINT('',(360.,11.,530.));
#5156 = DIRECTION('',(0.,1.,0.));
#5157 = DIRECTION('',(0.,0.,1.));
#5158 = ADVANCED_FACE('',(#5159),#5170,.F.);
#5159 = FACE_BOUND('',#5160,.F.);
#5160 = EDGE_LOOP('',(#5161,#5162,#5163,#5169));
#5161 = ORIENTED_EDGE('',*,*,#4954,.F.);
#5162 = ORIENTED_EDGE('',*,*,#4507,.T.);
#5163 = ORIENTED_EDGE('',*,*,#5164,.T.);
#5164 = EDGE_CURVE('',#4510,#4447,#5165,.T.);
#5165 = LINE('',#5166,#5167);
#5166 = CARTESIAN_POINT('',(360.,11.,340.));
#5167 = VECTOR('',#5168,1.);
#5168 = DIRECTION('',(0.,0.,1.));
#5169 = ORIENTED_EDGE('',*,*,#4444,.F.);
#5170 = PLANE('',#5171);
#5171 = AXIS2_PLACEMENT_3D('',#5172,#5173,#5174);
#5172 = CARTESIAN_POINT('',(360.,5.,340.));
#5173 = DIRECTION('',(1.,0.,0.));
#5174 = DIRECTION('',(0.,0.,1.));
#5175 = ADVANCED_FACE('',(#5176),#5182,.T.);
#5176 = FACE_BOUND('',#5177,.T.);
#5177 = EDGE_LOOP('',(#5178,#5179,#5180,#5181));
#5178 = ORIENTED_EDGE('',*,*,#4525,.F.);
#5179 = ORIENTED_EDGE('',*,*,#5164,.T.);
#5180 = ORIENTED_EDGE('',*,*,#4469,.T.);
#5181 = ORIENTED_EDGE('',*,*,#4492,.F.);
#5182 = PLANE('',#5183);
#5183 = AXIS2_PLACEMENT_3D('',#5184,#5185,#5186);
#5184 = CARTESIAN_POINT('',(360.,11.,340.));
#5185 = DIRECTION('',(0.,1.,0.));
#5186 = DIRECTION('',(0.,0.,1.));
#5187 = ADVANCED_FACE('',(#5188),#5199,.F.);
#5188 = FACE_BOUND('',#5189,.F.);
#5189 = EDGE_LOOP('',(#5190,#5191,#5192,#5198));
#5190 = ORIENTED_EDGE('',*,*,#4971,.F.);
#5191 = ORIENTED_EDGE('',*,*,#4602,.T.);
#5192 = ORIENTED_EDGE('',*,*,#5193,.T.);
#5193 = EDGE_CURVE('',#4605,#4542,#5194,.T.);
#5194 = LINE('',#5195,#5196);
#5195 = CARTESIAN_POINT('',(360.,11.,150.));
#5196 = VECTOR('',#5197,1.);
#5197 = DIRECTION('',(0.,0.,1.));
#5198 = ORIENTED_EDGE('',*,*,#4539,.F.);
#5199 = PLANE('',#5200);
#5200 = AXIS2_PLACEMENT_3D('',#5201,#5202,#5203);
#5201 = CARTESIAN_POINT('',(360.,5.,150.));
#5202 = DIRECTION('',(1.,0.,0.));
#5203 = DIRECTION('',(0.,0.,1.));
#5204 = ADVANCED_FACE('',(#5205),#5211,.T.);
#5205 = FACE_BOUND('',#5206,.T.);
#5206 = EDGE_LOOP('',(#5207,#5208,#5209,#5210));
#5207 = ORIENTED_EDGE('',*,*,#4620,.F.);
#5208 = ORIENTED_EDGE('',*,*,#5193,.T.);
#5209 = ORIENTED_EDGE('',*,*,#4564,.T.);
#5210 = ORIENTED_EDGE('',*,*,#4587,.F.);
#5211 = PLANE('',#5212);
#5212 = AXIS2_PLACEMENT_3D('',#5213,#5214,#5215);
#5213 = CARTESIAN_POINT('',(360.,11.,150.));
#5214 = DIRECTION('',(0.,1.,0.));
#5215 = DIRECTION('',(0.,0.,1.));
#5216 = ADVANCED_FACE('',(#5217),#5223,.T.);
#5217 = FACE_BOUND('',#5218,.T.);
#5218 = EDGE_LOOP('',(#5219,#5220,#5221,#5222));
#5219 = ORIENTED_EDGE('',*,*,#4992,.F.);
#5220 = ORIENTED_EDGE('',*,*,#4651,.T.);
#5221 = ORIENTED_EDGE('',*,*,#5009,.T.);
#5222 = ORIENTED_EDGE('',*,*,#4707,.F.);
#5223 = PLANE('',#5224);
#5224 = AXIS2_PLACEMENT_3D('',#5225,#5226,#5227);
#5225 = CARTESIAN_POINT('',(55.,5.,186.));
#5226 = DIRECTION('',(1.,0.,0.));
#5227 = DIRECTION('',(0.,0.,1.));
#5228 = ADVANCED_FACE('',(#5229),#5235,.T.);
#5229 = FACE_BOUND('',#5230,.T.);
#5230 = EDGE_LOOP('',(#5231,#5232,#5233,#5234));
#5231 = ORIENTED_EDGE('',*,*,#5031,.F.);
#5232 = ORIENTED_EDGE('',*,*,#4746,.T.);
#5233 = ORIENTED_EDGE('',*,*,#5048,.T.);
#5234 = ORIENTED_EDGE('',*,*,#4802,.F.);
#5235 = PLANE('',#5236);
#5236 = AXIS2_PLACEMENT_3D('',#5237,#5238,#5239);
#5237 = CARTESIAN_POINT('',(55.,5.,421.));
#5238 = DIRECTION('',(1.,0.,0.));
#5239 = DIRECTION('',(0.,0.,1.));
#5240 = ADVANCED_FACE('',(#5241),#5247,.T.);
#5241 = FACE_BOUND('',#5242,.T.);
#5242 = EDGE_LOOP('',(#5243,#5244,#5245,#5246));
#5243 = ORIENTED_EDGE('',*,*,#5070,.F.);
#5244 = ORIENTED_EDGE('',*,*,#4841,.T.);
#5245 = ORIENTED_EDGE('',*,*,#5087,.T.);
#5246 = ORIENTED_EDGE('',*,*,#4897,.F.);
#5247 = PLANE('',#5248);
#5248 = AXIS2_PLACEMENT_3D('',#5249,#5250,#5251);
#5249 = CARTESIAN_POINT('',(55.,5.,656.));
#5250 = DIRECTION('',(1.,0.,0.));
#5251 = DIRECTION('',(0.,0.,1.));
#5252 = MANIFOLD_SOLID_BREP('',#5253);
#5253 = CLOSED_SHELL('',(#5254,#5294,#5325,#5356,#5387,#5418,#5449,#5480
    ,#5524,#5549,#5574,#5583,#5592,#5608));
#5254 = ADVANCED_FACE('',(#5255),#5289,.T.);
#5255 = FACE_BOUND('',#5256,.T.);
#5256 = EDGE_LOOP('',(#5257,#5267,#5275,#5283));
#5257 = ORIENTED_EDGE('',*,*,#5258,.F.);
#5258 = EDGE_CURVE('',#5259,#5261,#5263,.T.);
#5259 = VERTEX_POINT('',#5260);
#5260 = CARTESIAN_POINT('',(290.,354.,250.));
#5261 = VERTEX_POINT('',#5262);
#5262 = CARTESIAN_POINT('',(290.,354.,275.));
#5263 = LINE('',#5264,#5265);
#5264 = CARTESIAN_POINT('',(290.,354.,250.));
#5265 = VECTOR('',#5266,1.);
#5266 = DIRECTION('',(0.,0.,1.));
#5267 = ORIENTED_EDGE('',*,*,#5268,.F.);
#5268 = EDGE_CURVE('',#5269,#5259,#5271,.T.);
#5269 = VERTEX_POINT('',#5270);
#5270 = CARTESIAN_POINT('',(120.,354.,250.));
#5271 = LINE('',#5272,#5273);
#5272 = CARTESIAN_POINT('',(120.,354.,250.));
#5273 = VECTOR('',#5274,1.);
#5274 = DIRECTION('',(1.,0.,0.));
#5275 = ORIENTED_EDGE('',*,*,#5276,.T.);
#5276 = EDGE_CURVE('',#5269,#5277,#5279,.T.);
#5277 = VERTEX_POINT('',#5278);
#5278 = CARTESIAN_POINT('',(120.,354.,275.));
#5279 = LINE('',#5280,#5281);
#5280 = CARTESIAN_POINT('',(120.,354.,250.));
#5281 = VECTOR('',#5282,1.);
#5282 = DIRECTION('',(0.,0.,1.));
#5283 = ORIENTED_EDGE('',*,*,#5284,.T.);
#5284 = EDGE_CURVE('',#5277,#5261,#5285,.T.);
#5285 = LINE('',#5286,#5287);
#5286 = CARTESIAN_POINT('',(120.,354.,275.));
#5287 = VECTOR('',#5288,1.);
#5288 = DIRECTION('',(1.,0.,0.));
#5289 = PLANE('',#5290);
#5290 = AXIS2_PLACEMENT_3D('',#5291,#5292,#5293);
#5291 = CARTESIAN_POINT('',(120.,354.,250.));
#5292 = DIRECTION('',(0.,1.,0.));
#5293 = DIRECTION('',(0.,0.,1.));
#5294 = ADVANCED_FACE('',(#5295),#5320,.F.);
#5295 = FACE_BOUND('',#5296,.F.);
#5296 = EDGE_LOOP('',(#5297,#5305,#5313,#5319));
#5297 = ORIENTED_EDGE('',*,*,#5298,.F.);
#5298 = EDGE_CURVE('',#5299,#5269,#5301,.T.);
#5299 = VERTEX_POINT('',#5300);
#5300 = CARTESIAN_POINT('',(120.,350.,250.));
#5301 = LINE('',#5302,#5303);
#5302 = CARTESIAN_POINT('',(120.,350.,250.));
#5303 = VECTOR('',#5304,1.);
#5304 = DIRECTION('',(0.,1.,0.));
#5305 = ORIENTED_EDGE('',*,*,#5306,.T.);
#5306 = EDGE_CURVE('',#5299,#5307,#5309,.T.);
#5307 = VERTEX_POINT('',#5308);
#5308 = CARTESIAN_POINT('',(290.,350.,250.));
#5309 = LINE('',#5310,#5311);
#5310 = CARTESIAN_POINT('',(120.,350.,250.));
#5311 = VECTOR('',#5312,1.);
#5312 = DIRECTION('',(1.,0.,0.));
#5313 = ORIENTED_EDGE('',*,*,#5314,.T.);
#5314 = EDGE_CURVE('',#5307,#5259,#5315,.T.);
#5315 = LINE('',#5316,#5317);
#5316 = CARTESIAN_POINT('',(290.,350.,250.));
#5317 = VECTOR('',#5318,1.);
#5318 = DIRECTION('',(0.,1.,0.));
#5319 = ORIENTED_EDGE('',*,*,#5268,.F.);
#5320 = PLANE('',#5321);
#5321 = AXIS2_PLACEMENT_3D('',#5322,#5323,#5324);
#5322 = CARTESIAN_POINT('',(120.,350.,250.));
#5323 = DIRECTION('',(0.,0.,1.));
#5324 = DIRECTION('',(1.,0.,0.));
#5325 = ADVANCED_FACE('',(#5326),#5351,.F.);
#5326 = FACE_BOUND('',#5327,.F.);
#5327 = EDGE_LOOP('',(#5328,#5329,#5337,#5345));
#5328 = ORIENTED_EDGE('',*,*,#5306,.F.);
#5329 = ORIENTED_EDGE('',*,*,#5330,.T.);
#5330 = EDGE_CURVE('',#5299,#5331,#5333,.T.);
#5331 = VERTEX_POINT('',#5332);
#5332 = CARTESIAN_POINT('',(120.,350.,320.));
#5333 = LINE('',#5334,#5335);
#5334 = CARTESIAN_POINT('',(120.,350.,250.));
#5335 = VECTOR('',#5336,1.);
#5336 = DIRECTION('',(0.,0.,1.));
#5337 = ORIENTED_EDGE('',*,*,#5338,.T.);
#5338 = EDGE_CURVE('',#5331,#5339,#5341,.T.);
#5339 = VERTEX_POINT('',#5340);
#5340 = CARTESIAN_POINT('',(290.,350.,320.));
#5341 = LINE('',#5342,#5343);
#5342 = CARTESIAN_POINT('',(120.,350.,320.));
#5343 = VECTOR('',#5344,1.);
#5344 = DIRECTION('',(1.,0.,0.));
#5345 = ORIENTED_EDGE('',*,*,#5346,.F.);
#5346 = EDGE_CURVE('',#5307,#5339,#5347,.T.);
#5347 = LINE('',#5348,#5349);
#5348 = CARTESIAN_POINT('',(290.,350.,250.));
#5349 = VECTOR('',#5350,1.);
#5350 = DIRECTION('',(0.,0.,1.));
#5351 = PLANE('',#5352);
#5352 = AXIS2_PLACEMENT_3D('',#5353,#5354,#5355);
#5353 = CARTESIAN_POINT('',(120.,350.,250.));
#5354 = DIRECTION('',(0.,1.,0.));
#5355 = DIRECTION('',(0.,0.,1.));
#5356 = ADVANCED_FACE('',(#5357),#5382,.T.);
#5357 = FACE_BOUND('',#5358,.T.);
#5358 = EDGE_LOOP('',(#5359,#5367,#5368,#5376));
#5359 = ORIENTED_EDGE('',*,*,#5360,.F.);
#5360 = EDGE_CURVE('',#5331,#5361,#5363,.T.);
#5361 = VERTEX_POINT('',#5362);
#5362 = CARTESIAN_POINT('',(120.,354.,320.));
#5363 = LINE('',#5364,#5365);
#5364 = CARTESIAN_POINT('',(120.,350.,320.));
#5365 = VECTOR('',#5366,1.);
#5366 = DIRECTION('',(0.,1.,0.));
#5367 = ORIENTED_EDGE('',*,*,#5338,.T.);
#5368 = ORIENTED_EDGE('',*,*,#5369,.T.);
#5369 = EDGE_CURVE('',#5339,#5370,#5372,.T.);
#5370 = VERTEX_POINT('',#5371);
#5371 = CARTESIAN_POINT('',(290.,354.,320.));
#5372 = LINE('',#5373,#5374);
#5373 = CARTESIAN_POINT('',(290.,350.,320.));
#5374 = VECTOR('',#5375,1.);
#5375 = DIRECTION('',(0.,1.,0.));
#5376 = ORIENTED_EDGE('',*,*,#5377,.F.);
#5377 = EDGE_CURVE('',#5361,#5370,#5378,.T.);
#5378 = LINE('',#5379,#5380);
#5379 = CARTESIAN_POINT('',(120.,354.,320.));
#5380 = VECTOR('',#5381,1.);
#5381 = DIRECTION('',(1.,0.,0.));
#5382 = PLANE('',#5383);
#5383 = AXIS2_PLACEMENT_3D('',#5384,#5385,#5386);
#5384 = CARTESIAN_POINT('',(120.,350.,320.));
#5385 = DIRECTION('',(0.,0.,1.));
#5386 = DIRECTION('',(1.,0.,0.));
#5387 = ADVANCED_FACE('',(#5388),#5413,.T.);
#5388 = FACE_BOUND('',#5389,.T.);
#5389 = EDGE_LOOP('',(#5390,#5398,#5406,#5412));
#5390 = ORIENTED_EDGE('',*,*,#5391,.F.);
#5391 = EDGE_CURVE('',#5392,#5370,#5394,.T.);
#5392 = VERTEX_POINT('',#5393);
#5393 = CARTESIAN_POINT('',(290.,354.,295.));
#5394 = LINE('',#5395,#5396);
#5395 = CARTESIAN_POINT('',(290.,354.,250.));
#5396 = VECTOR('',#5397,1.);
#5397 = DIRECTION('',(0.,0.,1.));
#5398 = ORIENTED_EDGE('',*,*,#5399,.F.);
#5399 = EDGE_CURVE('',#5400,#5392,#5402,.T.);
#5400 = VERTEX_POINT('',#5401);
#5401 = CARTESIAN_POINT('',(120.,354.,295.));
#5402 = LINE('',#5403,#5404);
#5403 = CARTESIAN_POINT('',(120.,354.,295.));
#5404 = VECTOR('',#5405,1.);
#5405 = DIRECTION('',(1.,0.,0.));
#5406 = ORIENTED_EDGE('',*,*,#5407,.T.);
#5407 = EDGE_CURVE('',#5400,#5361,#5408,.T.);
#5408 = LINE('',#5409,#5410);
#5409 = CARTESIAN_POINT('',(120.,354.,250.));
#5410 = VECTOR('',#5411,1.);
#5411 = DIRECTION('',(0.,0.,1.));
#5412 = ORIENTED_EDGE('',*,*,#5377,.T.);
#5413 = PLANE('',#5414);
#5414 = AXIS2_PLACEMENT_3D('',#5415,#5416,#5417);
#5415 = CARTESIAN_POINT('',(120.,354.,250.));
#5416 = DIRECTION('',(0.,1.,0.));
#5417 = DIRECTION('',(0.,0.,1.));
#5418 = ADVANCED_FACE('',(#5419),#5444,.F.);
#5419 = FACE_BOUND('',#5420,.F.);
#5420 = EDGE_LOOP('',(#5421,#5429,#5430,#5438));
#5421 = ORIENTED_EDGE('',*,*,#5422,.F.);
#5422 = EDGE_CURVE('',#5277,#5423,#5425,.T.);
#5423 = VERTEX_POINT('',#5424);
#5424 = CARTESIAN_POINT('',(120.,384.,275.));
#5425 = LINE('',#5426,#5427);
#5426 = CARTESIAN_POINT('',(120.,354.,275.));
#5427 = VECTOR('',#5428,1.);
#5428 = DIRECTION('',(0.,1.,0.));
#5429 = ORIENTED_EDGE('',*,*,#5284,.T.);
#5430 = ORIENTED_EDGE('',*,*,#5431,.T.);
#5431 = EDGE_CURVE('',#5261,#5432,#5434,.T.);
#5432 = VERTEX_POINT('',#5433);
#5433 = CARTESIAN_POINT('',(290.,384.,275.));
#5434 = LINE('',#5435,#5436);
#5435 = CARTESIAN_POINT('',(290.,354.,275.));
#5436 = VECTOR('',#5437,1.);
#5437 = DIRECTION('',(0.,1.,0.));
#5438 = ORIENTED_EDGE('',*,*,#5439,.F.);
#5439 = EDGE_CURVE('',#5423,#5432,#5440,.T.);
#5440 = LINE('',#5441,#5442);
#5441 = CARTESIAN_POINT('',(120.,384.,275.));
#5442 = VECTOR('',#5443,1.);
#5443 = DIRECTION('',(1.,0.,0.));
#5444 = PLANE('',#5445);
#5445 = AXIS2_PLACEMENT_3D('',#5446,#5447,#5448);
#5446 = CARTESIAN_POINT('',(120.,354.,275.));
#5447 = DIRECTION('',(0.,0.,1.));
#5448 = DIRECTION('',(1.,0.,0.));
#5449 = ADVANCED_FACE('',(#5450),#5475,.T.);
#5450 = FACE_BOUND('',#5451,.T.);
#5451 = EDGE_LOOP('',(#5452,#5460,#5461,#5469));
#5452 = ORIENTED_EDGE('',*,*,#5453,.F.);
#5453 = EDGE_CURVE('',#5400,#5454,#5456,.T.);
#5454 = VERTEX_POINT('',#5455);
#5455 = CARTESIAN_POINT('',(120.,384.,295.));
#5456 = LINE('',#5457,#5458);
#5457 = CARTESIAN_POINT('',(120.,354.,295.));
#5458 = VECTOR('',#5459,1.);
#5459 = DIRECTION('',(0.,1.,0.));
#5460 = ORIENTED_EDGE('',*,*,#5399,.T.);
#5461 = ORIENTED_EDGE('',*,*,#5462,.T.);
#5462 = EDGE_CURVE('',#5392,#5463,#5465,.T.);
#5463 = VERTEX_POINT('',#5464);
#5464 = CARTESIAN_POINT('',(290.,384.,295.));
#5465 = LINE('',#5466,#5467);
#5466 = CARTESIAN_POINT('',(290.,354.,295.));
#5467 = VECTOR('',#5468,1.);
#5468 = DIRECTION('',(0.,1.,0.));
#5469 = ORIENTED_EDGE('',*,*,#5470,.F.);
#5470 = EDGE_CURVE('',#5454,#5463,#5471,.T.);
#5471 = LINE('',#5472,#5473);
#5472 = CARTESIAN_POINT('',(120.,384.,295.));
#5473 = VECTOR('',#5474,1.);
#5474 = DIRECTION('',(1.,0.,0.));
#5475 = PLANE('',#5476);
#5476 = AXIS2_PLACEMENT_3D('',#5477,#5478,#5479);
#5477 = CARTESIAN_POINT('',(120.,354.,295.));
#5478 = DIRECTION('',(0.,0.,1.));
#5479 = DIRECTION('',(1.,0.,0.));
#5480 = ADVANCED_FACE('',(#5481,#5497,#5508),#5519,.T.);
#5481 = FACE_BOUND('',#5482,.T.);
#5482 = EDGE_LOOP('',(#5483,#5484,#5490,#5491));
#5483 = ORIENTED_EDGE('',*,*,#5439,.F.);
#5484 = ORIENTED_EDGE('',*,*,#5485,.T.);
#5485 = EDGE_CURVE('',#5423,#5454,#5486,.T.);
#5486 = LINE('',#5487,#5488);
#5487 = CARTESIAN_POINT('',(120.,384.,275.));
#5488 = VECTOR('',#5489,1.);
#5489 = DIRECTION('',(0.,0.,1.));
#5490 = ORIENTED_EDGE('',*,*,#5470,.T.);
#5491 = ORIENTED_EDGE('',*,*,#5492,.F.);
#5492 = EDGE_CURVE('',#5432,#5463,#5493,.T.);
#5493 = LINE('',#5494,#5495);
#5494 = CARTESIAN_POINT('',(290.,384.,275.));
#5495 = VECTOR('',#5496,1.);
#5496 = DIRECTION('',(0.,0.,1.));
#5497 = FACE_BOUND('',#5498,.T.);
#5498 = EDGE_LOOP('',(#5499));
#5499 = ORIENTED_EDGE('',*,*,#5500,.F.);
#5500 = EDGE_CURVE('',#5501,#5501,#5503,.T.);
#5501 = VERTEX_POINT('',#5502);
#5502 = CARTESIAN_POINT('',(150.,384.,292.));
#5503 = CIRCLE('',#5504,7.);
#5504 = AXIS2_PLACEMENT_3D('',#5505,#5506,#5507);
#5505 = CARTESIAN_POINT('',(150.,384.,285.));
#5506 = DIRECTION('',(0.,1.,0.));
#5507 = DIRECTION('',(0.,0.,1.));
#5508 = FACE_BOUND('',#5509,.T.);
#5509 = EDGE_LOOP('',(#5510));
#5510 = ORIENTED_EDGE('',*,*,#5511,.F.);
#5511 = EDGE_CURVE('',#5512,#5512,#5514,.T.);
#5512 = VERTEX_POINT('',#5513);
#5513 = CARTESIAN_POINT('',(260.,384.,292.));
#5514 = CIRCLE('',#5515,7.);
#5515 = AXIS2_PLACEMENT_3D('',#5516,#5517,#5518);
#5516 = CARTESIAN_POINT('',(260.,384.,285.));
#5517 = DIRECTION('',(0.,1.,0.));
#5518 = DIRECTION('',(0.,0.,1.));
#5519 = PLANE('',#5520);
#5520 = AXIS2_PLACEMENT_3D('',#5521,#5522,#5523);
#5521 = CARTESIAN_POINT('',(120.,384.,275.));
#5522 = DIRECTION('',(0.,1.,0.));
#5523 = DIRECTION('',(0.,0.,1.));
#5524 = ADVANCED_FACE('',(#5525),#5544,.F.);
#5525 = FACE_BOUND('',#5526,.F.);
#5526 = EDGE_LOOP('',(#5527,#5528,#5536,#5543));
#5527 = ORIENTED_EDGE('',*,*,#5500,.F.);
#5528 = ORIENTED_EDGE('',*,*,#5529,.F.);
#5529 = EDGE_CURVE('',#5530,#5501,#5532,.T.);
#5530 = VERTEX_POINT('',#5531);
#5531 = CARTESIAN_POINT('',(150.,360.,292.));
#5532 = LINE('',#5533,#5534);
#5533 = CARTESIAN_POINT('',(150.,360.,292.));
#5534 = VECTOR('',#5535,1.);
#5535 = DIRECTION('',(0.,1.,0.));
#5536 = ORIENTED_EDGE('',*,*,#5537,.T.);
#5537 = EDGE_CURVE('',#5530,#5530,#5538,.T.);
#5538 = CIRCLE('',#5539,7.);
#5539 = AXIS2_PLACEMENT_3D('',#5540,#5541,#5542);
#5540 = CARTESIAN_POINT('',(150.,360.,285.));
#5541 = DIRECTION('',(0.,1.,0.));
#5542 = DIRECTION('',(0.,0.,1.));
#5543 = ORIENTED_EDGE('',*,*,#5529,.T.);
#5544 = CYLINDRICAL_SURFACE('',#5545,7.);
#5545 = AXIS2_PLACEMENT_3D('',#5546,#5547,#5548);
#5546 = CARTESIAN_POINT('',(150.,360.,285.));
#5547 = DIRECTION('',(0.,1.,0.));
#5548 = DIRECTION('',(0.,0.,1.));
#5549 = ADVANCED_FACE('',(#5550),#5569,.F.);
#5550 = FACE_BOUND('',#5551,.F.);
#5551 = EDGE_LOOP('',(#5552,#5553,#5561,#5568));
#5552 = ORIENTED_EDGE('',*,*,#5511,.F.);
#5553 = ORIENTED_EDGE('',*,*,#5554,.F.);
#5554 = EDGE_CURVE('',#5555,#5512,#5557,.T.);
#5555 = VERTEX_POINT('',#5556);
#5556 = CARTESIAN_POINT('',(260.,360.,292.));
#5557 = LINE('',#5558,#5559);
#5558 = CARTESIAN_POINT('',(260.,360.,292.));
#5559 = VECTOR('',#5560,1.);
#5560 = DIRECTION('',(0.,1.,0.));
#5561 = ORIENTED_EDGE('',*,*,#5562,.T.);
#5562 = EDGE_CURVE('',#5555,#5555,#5563,.T.);
#5563 = CIRCLE('',#5564,7.);
#5564 = AXIS2_PLACEMENT_3D('',#5565,#5566,#5567);
#5565 = CARTESIAN_POINT('',(260.,360.,285.));
#5566 = DIRECTION('',(0.,1.,0.));
#5567 = DIRECTION('',(0.,0.,1.));
#5568 = ORIENTED_EDGE('',*,*,#5554,.T.);
#5569 = CYLINDRICAL_SURFACE('',#5570,7.);
#5570 = AXIS2_PLACEMENT_3D('',#5571,#5572,#5573);
#5571 = CARTESIAN_POINT('',(260.,360.,285.));
#5572 = DIRECTION('',(0.,1.,0.));
#5573 = DIRECTION('',(0.,0.,1.));
#5574 = ADVANCED_FACE('',(#5575),#5578,.T.);
#5575 = FACE_BOUND('',#5576,.F.);
#5576 = EDGE_LOOP('',(#5577));
#5577 = ORIENTED_EDGE('',*,*,#5537,.F.);
#5578 = PLANE('',#5579);
#5579 = AXIS2_PLACEMENT_3D('',#5580,#5581,#5582);
#5580 = CARTESIAN_POINT('',(150.,360.,285.));
#5581 = DIRECTION('',(0.,1.,0.));
#5582 = DIRECTION('',(0.,0.,1.));
#5583 = ADVANCED_FACE('',(#5584),#5587,.T.);
#5584 = FACE_BOUND('',#5585,.F.);
#5585 = EDGE_LOOP('',(#5586));
#5586 = ORIENTED_EDGE('',*,*,#5562,.F.);
#5587 = PLANE('',#5588);
#5588 = AXIS2_PLACEMENT_3D('',#5589,#5590,#5591);
#5589 = CARTESIAN_POINT('',(260.,360.,285.));
#5590 = DIRECTION('',(0.,1.,0.));
#5591 = DIRECTION('',(0.,0.,1.));
#5592 = ADVANCED_FACE('',(#5593),#5603,.T.);
#5593 = FACE_BOUND('',#5594,.T.);
#5594 = EDGE_LOOP('',(#5595,#5596,#5597,#5598,#5599,#5600,#5601,#5602));
#5595 = ORIENTED_EDGE('',*,*,#5330,.T.);
#5596 = ORIENTED_EDGE('',*,*,#5360,.T.);
#5597 = ORIENTED_EDGE('',*,*,#5407,.F.);
#5598 = ORIENTED_EDGE('',*,*,#5453,.T.);
#5599 = ORIENTED_EDGE('',*,*,#5485,.F.);
#5600 = ORIENTED_EDGE('',*,*,#5422,.F.);
#5601 = ORIENTED_EDGE('',*,*,#5276,.F.);
#5602 = ORIENTED_EDGE('',*,*,#5298,.F.);
#5603 = PLANE('',#5604);
#5604 = AXIS2_PLACEMENT_3D('',#5605,#5606,#5607);
#5605 = CARTESIAN_POINT('',(120.,359.78846153846,285.));
#5606 = DIRECTION('',(-1.,-0.,-0.));
#5607 = DIRECTION('',(0.,0.,-1.));
#5608 = ADVANCED_FACE('',(#5609),#5619,.T.);
#5609 = FACE_BOUND('',#5610,.T.);
#5610 = EDGE_LOOP('',(#5611,#5612,#5613,#5614,#5615,#5616,#5617,#5618));
#5611 = ORIENTED_EDGE('',*,*,#5346,.F.);
#5612 = ORIENTED_EDGE('',*,*,#5314,.T.);
#5613 = ORIENTED_EDGE('',*,*,#5258,.T.);
#5614 = ORIENTED_EDGE('',*,*,#5431,.T.);
#5615 = ORIENTED_EDGE('',*,*,#5492,.T.);
#5616 = ORIENTED_EDGE('',*,*,#5462,.F.);
#5617 = ORIENTED_EDGE('',*,*,#5391,.T.);
#5618 = ORIENTED_EDGE('',*,*,#5369,.F.);
#5619 = PLANE('',#5620);
#5620 = AXIS2_PLACEMENT_3D('',#5621,#5622,#5623);
#5621 = CARTESIAN_POINT('',(290.,359.78846153846,285.));
#5622 = DIRECTION('',(1.,0.,0.));
#5623 = DIRECTION('',(0.,0.,1.));
#5624 = MANIFOLD_SOLID_BREP('',#5625);
#5625 = CLOSED_SHELL('',(#5626,#5666,#5697,#5728,#5759,#5790,#5821,#5852
    ,#5896,#5921,#5946,#5955,#5964,#5980));
#5626 = ADVANCED_FACE('',(#5627),#5661,.T.);
#5627 = FACE_BOUND('',#5628,.T.);
#5628 = EDGE_LOOP('',(#5629,#5639,#5647,#5655));
#5629 = ORIENTED_EDGE('',*,*,#5630,.F.);
#5630 = EDGE_CURVE('',#5631,#5633,#5635,.T.);
#5631 = VERTEX_POINT('',#5632);
#5632 = CARTESIAN_POINT('',(290.,354.,800.));
#5633 = VERTEX_POINT('',#5634);
#5634 = CARTESIAN_POINT('',(290.,354.,825.));
#5635 = LINE('',#5636,#5637);
#5636 = CARTESIAN_POINT('',(290.,354.,800.));
#5637 = VECTOR('',#5638,1.);
#5638 = DIRECTION('',(0.,0.,1.));
#5639 = ORIENTED_EDGE('',*,*,#5640,.F.);
#5640 = EDGE_CURVE('',#5641,#5631,#5643,.T.);
#5641 = VERTEX_POINT('',#5642);
#5642 = CARTESIAN_POINT('',(120.,354.,800.));
#5643 = LINE('',#5644,#5645);
#5644 = CARTESIAN_POINT('',(120.,354.,800.));
#5645 = VECTOR('',#5646,1.);
#5646 = DIRECTION('',(1.,0.,0.));
#5647 = ORIENTED_EDGE('',*,*,#5648,.T.);
#5648 = EDGE_CURVE('',#5641,#5649,#5651,.T.);
#5649 = VERTEX_POINT('',#5650);
#5650 = CARTESIAN_POINT('',(120.,354.,825.));
#5651 = LINE('',#5652,#5653);
#5652 = CARTESIAN_POINT('',(120.,354.,800.));
#5653 = VECTOR('',#5654,1.);
#5654 = DIRECTION('',(0.,0.,1.));
#5655 = ORIENTED_EDGE('',*,*,#5656,.T.);
#5656 = EDGE_CURVE('',#5649,#5633,#5657,.T.);
#5657 = LINE('',#5658,#5659);
#5658 = CARTESIAN_POINT('',(120.,354.,825.));
#5659 = VECTOR('',#5660,1.);
#5660 = DIRECTION('',(1.,0.,0.));
#5661 = PLANE('',#5662);
#5662 = AXIS2_PLACEMENT_3D('',#5663,#5664,#5665);
#5663 = CARTESIAN_POINT('',(120.,354.,800.));
#5664 = DIRECTION('',(0.,1.,0.));
#5665 = DIRECTION('',(0.,0.,1.));
#5666 = ADVANCED_FACE('',(#5667),#5692,.F.);
#5667 = FACE_BOUND('',#5668,.F.);
#5668 = EDGE_LOOP('',(#5669,#5677,#5685,#5691));
#5669 = ORIENTED_EDGE('',*,*,#5670,.F.);
#5670 = EDGE_CURVE('',#5671,#5641,#5673,.T.);
#5671 = VERTEX_POINT('',#5672);
#5672 = CARTESIAN_POINT('',(120.,350.,800.));
#5673 = LINE('',#5674,#5675);
#5674 = CARTESIAN_POINT('',(120.,350.,800.));
#5675 = VECTOR('',#5676,1.);
#5676 = DIRECTION('',(0.,1.,0.));
#5677 = ORIENTED_EDGE('',*,*,#5678,.T.);
#5678 = EDGE_CURVE('',#5671,#5679,#5681,.T.);
#5679 = VERTEX_POINT('',#5680);
#5680 = CARTESIAN_POINT('',(290.,350.,800.));
#5681 = LINE('',#5682,#5683);
#5682 = CARTESIAN_POINT('',(120.,350.,800.));
#5683 = VECTOR('',#5684,1.);
#5684 = DIRECTION('',(1.,0.,0.));
#5685 = ORIENTED_EDGE('',*,*,#5686,.T.);
#5686 = EDGE_CURVE('',#5679,#5631,#5687,.T.);
#5687 = LINE('',#5688,#5689);
#5688 = CARTESIAN_POINT('',(290.,350.,800.));
#5689 = VECTOR('',#5690,1.);
#5690 = DIRECTION('',(0.,1.,0.));
#5691 = ORIENTED_EDGE('',*,*,#5640,.F.);
#5692 = PLANE('',#5693);
#5693 = AXIS2_PLACEMENT_3D('',#5694,#5695,#5696);
#5694 = CARTESIAN_POINT('',(120.,350.,800.));
#5695 = DIRECTION('',(0.,0.,1.));
#5696 = DIRECTION('',(1.,0.,0.));
#5697 = ADVANCED_FACE('',(#5698),#5723,.F.);
#5698 = FACE_BOUND('',#5699,.F.);
#5699 = EDGE_LOOP('',(#5700,#5701,#5709,#5717));
#5700 = ORIENTED_EDGE('',*,*,#5678,.F.);
#5701 = ORIENTED_EDGE('',*,*,#5702,.T.);
#5702 = EDGE_CURVE('',#5671,#5703,#5705,.T.);
#5703 = VERTEX_POINT('',#5704);
#5704 = CARTESIAN_POINT('',(120.,350.,870.));
#5705 = LINE('',#5706,#5707);
#5706 = CARTESIAN_POINT('',(120.,350.,800.));
#5707 = VECTOR('',#5708,1.);
#5708 = DIRECTION('',(0.,0.,1.));
#5709 = ORIENTED_EDGE('',*,*,#5710,.T.);
#5710 = EDGE_CURVE('',#5703,#5711,#5713,.T.);
#5711 = VERTEX_POINT('',#5712);
#5712 = CARTESIAN_POINT('',(290.,350.,870.));
#5713 = LINE('',#5714,#5715);
#5714 = CARTESIAN_POINT('',(120.,350.,870.));
#5715 = VECTOR('',#5716,1.);
#5716 = DIRECTION('',(1.,0.,0.));
#5717 = ORIENTED_EDGE('',*,*,#5718,.F.);
#5718 = EDGE_CURVE('',#5679,#5711,#5719,.T.);
#5719 = LINE('',#5720,#5721);
#5720 = CARTESIAN_POINT('',(290.,350.,800.));
#5721 = VECTOR('',#5722,1.);
#5722 = DIRECTION('',(0.,0.,1.));
#5723 = PLANE('',#5724);
#5724 = AXIS2_PLACEMENT_3D('',#5725,#5726,#5727);
#5725 = CARTESIAN_POINT('',(120.,350.,800.));
#5726 = DIRECTION('',(0.,1.,0.));
#5727 = DIRECTION('',(0.,0.,1.));
#5728 = ADVANCED_FACE('',(#5729),#5754,.T.);
#5729 = FACE_BOUND('',#5730,.T.);
#5730 = EDGE_LOOP('',(#5731,#5739,#5740,#5748));
#5731 = ORIENTED_EDGE('',*,*,#5732,.F.);
#5732 = EDGE_CURVE('',#5703,#5733,#5735,.T.);
#5733 = VERTEX_POINT('',#5734);
#5734 = CARTESIAN_POINT('',(120.,354.,870.));
#5735 = LINE('',#5736,#5737);
#5736 = CARTESIAN_POINT('',(120.,350.,870.));
#5737 = VECTOR('',#5738,1.);
#5738 = DIRECTION('',(0.,1.,0.));
#5739 = ORIENTED_EDGE('',*,*,#5710,.T.);
#5740 = ORIENTED_EDGE('',*,*,#5741,.T.);
#5741 = EDGE_CURVE('',#5711,#5742,#5744,.T.);
#5742 = VERTEX_POINT('',#5743);
#5743 = CARTESIAN_POINT('',(290.,354.,870.));
#5744 = LINE('',#5745,#5746);
#5745 = CARTESIAN_POINT('',(290.,350.,870.));
#5746 = VECTOR('',#5747,1.);
#5747 = DIRECTION('',(0.,1.,0.));
#5748 = ORIENTED_EDGE('',*,*,#5749,.F.);
#5749 = EDGE_CURVE('',#5733,#5742,#5750,.T.);
#5750 = LINE('',#5751,#5752);
#5751 = CARTESIAN_POINT('',(120.,354.,870.));
#5752 = VECTOR('',#5753,1.);
#5753 = DIRECTION('',(1.,0.,0.));
#5754 = PLANE('',#5755);
#5755 = AXIS2_PLACEMENT_3D('',#5756,#5757,#5758);
#5756 = CARTESIAN_POINT('',(120.,350.,870.));
#5757 = DIRECTION('',(0.,0.,1.));
#5758 = DIRECTION('',(1.,0.,0.));
#5759 = ADVANCED_FACE('',(#5760),#5785,.T.);
#5760 = FACE_BOUND('',#5761,.T.);
#5761 = EDGE_LOOP('',(#5762,#5770,#5778,#5784));
#5762 = ORIENTED_EDGE('',*,*,#5763,.F.);
#5763 = EDGE_CURVE('',#5764,#5742,#5766,.T.);
#5764 = VERTEX_POINT('',#5765);
#5765 = CARTESIAN_POINT('',(290.,354.,845.));
#5766 = LINE('',#5767,#5768);
#5767 = CARTESIAN_POINT('',(290.,354.,800.));
#5768 = VECTOR('',#5769,1.);
#5769 = DIRECTION('',(0.,0.,1.));
#5770 = ORIENTED_EDGE('',*,*,#5771,.F.);
#5771 = EDGE_CURVE('',#5772,#5764,#5774,.T.);
#5772 = VERTEX_POINT('',#5773);
#5773 = CARTESIAN_POINT('',(120.,354.,845.));
#5774 = LINE('',#5775,#5776);
#5775 = CARTESIAN_POINT('',(120.,354.,845.));
#5776 = VECTOR('',#5777,1.);
#5777 = DIRECTION('',(1.,0.,0.));
#5778 = ORIENTED_EDGE('',*,*,#5779,.T.);
#5779 = EDGE_CURVE('',#5772,#5733,#5780,.T.);
#5780 = LINE('',#5781,#5782);
#5781 = CARTESIAN_POINT('',(120.,354.,800.));
#5782 = VECTOR('',#5783,1.);
#5783 = DIRECTION('',(0.,0.,1.));
#5784 = ORIENTED_EDGE('',*,*,#5749,.T.);
#5785 = PLANE('',#5786);
#5786 = AXIS2_PLACEMENT_3D('',#5787,#5788,#5789);
#5787 = CARTESIAN_POINT('',(120.,354.,800.));
#5788 = DIRECTION('',(0.,1.,0.));
#5789 = DIRECTION('',(0.,0.,1.));
#5790 = ADVANCED_FACE('',(#5791),#5816,.F.);
#5791 = FACE_BOUND('',#5792,.F.);
#5792 = EDGE_LOOP('',(#5793,#5801,#5802,#5810));
#5793 = ORIENTED_EDGE('',*,*,#5794,.F.);
#5794 = EDGE_CURVE('',#5649,#5795,#5797,.T.);
#5795 = VERTEX_POINT('',#5796);
#5796 = CARTESIAN_POINT('',(120.,384.,825.));
#5797 = LINE('',#5798,#5799);
#5798 = CARTESIAN_POINT('',(120.,354.,825.));
#5799 = VECTOR('',#5800,1.);
#5800 = DIRECTION('',(0.,1.,0.));
#5801 = ORIENTED_EDGE('',*,*,#5656,.T.);
#5802 = ORIENTED_EDGE('',*,*,#5803,.T.);
#5803 = EDGE_CURVE('',#5633,#5804,#5806,.T.);
#5804 = VERTEX_POINT('',#5805);
#5805 = CARTESIAN_POINT('',(290.,384.,825.));
#5806 = LINE('',#5807,#5808);
#5807 = CARTESIAN_POINT('',(290.,354.,825.));
#5808 = VECTOR('',#5809,1.);
#5809 = DIRECTION('',(0.,1.,0.));
#5810 = ORIENTED_EDGE('',*,*,#5811,.F.);
#5811 = EDGE_CURVE('',#5795,#5804,#5812,.T.);
#5812 = LINE('',#5813,#5814);
#5813 = CARTESIAN_POINT('',(120.,384.,825.));
#5814 = VECTOR('',#5815,1.);
#5815 = DIRECTION('',(1.,0.,0.));
#5816 = PLANE('',#5817);
#5817 = AXIS2_PLACEMENT_3D('',#5818,#5819,#5820);
#5818 = CARTESIAN_POINT('',(120.,354.,825.));
#5819 = DIRECTION('',(0.,0.,1.));
#5820 = DIRECTION('',(1.,0.,0.));
#5821 = ADVANCED_FACE('',(#5822),#5847,.T.);
#5822 = FACE_BOUND('',#5823,.T.);
#5823 = EDGE_LOOP('',(#5824,#5832,#5833,#5841));
#5824 = ORIENTED_EDGE('',*,*,#5825,.F.);
#5825 = EDGE_CURVE('',#5772,#5826,#5828,.T.);
#5826 = VERTEX_POINT('',#5827);
#5827 = CARTESIAN_POINT('',(120.,384.,845.));
#5828 = LINE('',#5829,#5830);
#5829 = CARTESIAN_POINT('',(120.,354.,845.));
#5830 = VECTOR('',#5831,1.);
#5831 = DIRECTION('',(0.,1.,0.));
#5832 = ORIENTED_EDGE('',*,*,#5771,.T.);
#5833 = ORIENTED_EDGE('',*,*,#5834,.T.);
#5834 = EDGE_CURVE('',#5764,#5835,#5837,.T.);
#5835 = VERTEX_POINT('',#5836);
#5836 = CARTESIAN_POINT('',(290.,384.,845.));
#5837 = LINE('',#5838,#5839);
#5838 = CARTESIAN_POINT('',(290.,354.,845.));
#5839 = VECTOR('',#5840,1.);
#5840 = DIRECTION('',(0.,1.,0.));
#5841 = ORIENTED_EDGE('',*,*,#5842,.F.);
#5842 = EDGE_CURVE('',#5826,#5835,#5843,.T.);
#5843 = LINE('',#5844,#5845);
#5844 = CARTESIAN_POINT('',(120.,384.,845.));
#5845 = VECTOR('',#5846,1.);
#5846 = DIRECTION('',(1.,0.,0.));
#5847 = PLANE('',#5848);
#5848 = AXIS2_PLACEMENT_3D('',#5849,#5850,#5851);
#5849 = CARTESIAN_POINT('',(120.,354.,845.));
#5850 = DIRECTION('',(0.,0.,1.));
#5851 = DIRECTION('',(1.,0.,0.));
#5852 = ADVANCED_FACE('',(#5853,#5869,#5880),#5891,.T.);
#5853 = FACE_BOUND('',#5854,.T.);
#5854 = EDGE_LOOP('',(#5855,#5856,#5862,#5863));
#5855 = ORIENTED_EDGE('',*,*,#5811,.F.);
#5856 = ORIENTED_EDGE('',*,*,#5857,.T.);
#5857 = EDGE_CURVE('',#5795,#5826,#5858,.T.);
#5858 = LINE('',#5859,#5860);
#5859 = CARTESIAN_POINT('',(120.,384.,825.));
#5860 = VECTOR('',#5861,1.);
#5861 = DIRECTION('',(0.,0.,1.));
#5862 = ORIENTED_EDGE('',*,*,#5842,.T.);
#5863 = ORIENTED_EDGE('',*,*,#5864,.F.);
#5864 = EDGE_CURVE('',#5804,#5835,#5865,.T.);
#5865 = LINE('',#5866,#5867);
#5866 = CARTESIAN_POINT('',(290.,384.,825.));
#5867 = VECTOR('',#5868,1.);
#5868 = DIRECTION('',(0.,0.,1.));
#5869 = FACE_BOUND('',#5870,.T.);
#5870 = EDGE_LOOP('',(#5871));
#5871 = ORIENTED_EDGE('',*,*,#5872,.F.);
#5872 = EDGE_CURVE('',#5873,#5873,#5875,.T.);
#5873 = VERTEX_POINT('',#5874);
#5874 = CARTESIAN_POINT('',(150.,384.,842.));
#5875 = CIRCLE('',#5876,7.);
#5876 = AXIS2_PLACEMENT_3D('',#5877,#5878,#5879);
#5877 = CARTESIAN_POINT('',(150.,384.,835.));
#5878 = DIRECTION('',(0.,1.,0.));
#5879 = DIRECTION('',(0.,0.,1.));
#5880 = FACE_BOUND('',#5881,.T.);
#5881 = EDGE_LOOP('',(#5882));
#5882 = ORIENTED_EDGE('',*,*,#5883,.F.);
#5883 = EDGE_CURVE('',#5884,#5884,#5886,.T.);
#5884 = VERTEX_POINT('',#5885);
#5885 = CARTESIAN_POINT('',(260.,384.,842.));
#5886 = CIRCLE('',#5887,7.);
#5887 = AXIS2_PLACEMENT_3D('',#5888,#5889,#5890);
#5888 = CARTESIAN_POINT('',(260.,384.,835.));
#5889 = DIRECTION('',(0.,1.,0.));
#5890 = DIRECTION('',(0.,0.,1.));
#5891 = PLANE('',#5892);
#5892 = AXIS2_PLACEMENT_3D('',#5893,#5894,#5895);
#5893 = CARTESIAN_POINT('',(120.,384.,825.));
#5894 = DIRECTION('',(0.,1.,0.));
#5895 = DIRECTION('',(0.,0.,1.));
#5896 = ADVANCED_FACE('',(#5897),#5916,.F.);
#5897 = FACE_BOUND('',#5898,.F.);
#5898 = EDGE_LOOP('',(#5899,#5900,#5908,#5915));
#5899 = ORIENTED_EDGE('',*,*,#5872,.F.);
#5900 = ORIENTED_EDGE('',*,*,#5901,.F.);
#5901 = EDGE_CURVE('',#5902,#5873,#5904,.T.);
#5902 = VERTEX_POINT('',#5903);
#5903 = CARTESIAN_POINT('',(150.,360.,842.));
#5904 = LINE('',#5905,#5906);
#5905 = CARTESIAN_POINT('',(150.,360.,842.));
#5906 = VECTOR('',#5907,1.);
#5907 = DIRECTION('',(0.,1.,0.));
#5908 = ORIENTED_EDGE('',*,*,#5909,.T.);
#5909 = EDGE_CURVE('',#5902,#5902,#5910,.T.);
#5910 = CIRCLE('',#5911,7.);
#5911 = AXIS2_PLACEMENT_3D('',#5912,#5913,#5914);
#5912 = CARTESIAN_POINT('',(150.,360.,835.));
#5913 = DIRECTION('',(0.,1.,0.));
#5914 = DIRECTION('',(0.,0.,1.));
#5915 = ORIENTED_EDGE('',*,*,#5901,.T.);
#5916 = CYLINDRICAL_SURFACE('',#5917,7.);
#5917 = AXIS2_PLACEMENT_3D('',#5918,#5919,#5920);
#5918 = CARTESIAN_POINT('',(150.,360.,835.));
#5919 = DIRECTION('',(0.,1.,0.));
#5920 = DIRECTION('',(0.,0.,1.));
#5921 = ADVANCED_FACE('',(#5922),#5941,.F.);
#5922 = FACE_BOUND('',#5923,.F.);
#5923 = EDGE_LOOP('',(#5924,#5925,#5933,#5940));
#5924 = ORIENTED_EDGE('',*,*,#5883,.F.);
#5925 = ORIENTED_EDGE('',*,*,#5926,.F.);
#5926 = EDGE_CURVE('',#5927,#5884,#5929,.T.);
#5927 = VERTEX_POINT('',#5928);
#5928 = CARTESIAN_POINT('',(260.,360.,842.));
#5929 = LINE('',#5930,#5931);
#5930 = CARTESIAN_POINT('',(260.,360.,842.));
#5931 = VECTOR('',#5932,1.);
#5932 = DIRECTION('',(0.,1.,0.));
#5933 = ORIENTED_EDGE('',*,*,#5934,.T.);
#5934 = EDGE_CURVE('',#5927,#5927,#5935,.T.);
#5935 = CIRCLE('',#5936,7.);
#5936 = AXIS2_PLACEMENT_3D('',#5937,#5938,#5939);
#5937 = CARTESIAN_POINT('',(260.,360.,835.));
#5938 = DIRECTION('',(0.,1.,0.));
#5939 = DIRECTION('',(0.,0.,1.));
#5940 = ORIENTED_EDGE('',*,*,#5926,.T.);
#5941 = CYLINDRICAL_SURFACE('',#5942,7.);
#5942 = AXIS2_PLACEMENT_3D('',#5943,#5944,#5945);
#5943 = CARTESIAN_POINT('',(260.,360.,835.));
#5944 = DIRECTION('',(0.,1.,0.));
#5945 = DIRECTION('',(0.,0.,1.));
#5946 = ADVANCED_FACE('',(#5947),#5950,.T.);
#5947 = FACE_BOUND('',#5948,.F.);
#5948 = EDGE_LOOP('',(#5949));
#5949 = ORIENTED_EDGE('',*,*,#5909,.F.);
#5950 = PLANE('',#5951);
#5951 = AXIS2_PLACEMENT_3D('',#5952,#5953,#5954);
#5952 = CARTESIAN_POINT('',(150.,360.,835.));
#5953 = DIRECTION('',(0.,1.,0.));
#5954 = DIRECTION('',(0.,0.,1.));
#5955 = ADVANCED_FACE('',(#5956),#5959,.T.);
#5956 = FACE_BOUND('',#5957,.F.);
#5957 = EDGE_LOOP('',(#5958));
#5958 = ORIENTED_EDGE('',*,*,#5934,.F.);
#5959 = PLANE('',#5960);
#5960 = AXIS2_PLACEMENT_3D('',#5961,#5962,#5963);
#5961 = CARTESIAN_POINT('',(260.,360.,835.));
#5962 = DIRECTION('',(0.,1.,0.));
#5963 = DIRECTION('',(0.,0.,1.));
#5964 = ADVANCED_FACE('',(#5965),#5975,.T.);
#5965 = FACE_BOUND('',#5966,.T.);
#5966 = EDGE_LOOP('',(#5967,#5968,#5969,#5970,#5971,#5972,#5973,#5974));
#5967 = ORIENTED_EDGE('',*,*,#5702,.T.);
#5968 = ORIENTED_EDGE('',*,*,#5732,.T.);
#5969 = ORIENTED_EDGE('',*,*,#5779,.F.);
#5970 = ORIENTED_EDGE('',*,*,#5825,.T.);
#5971 = ORIENTED_EDGE('',*,*,#5857,.F.);
#5972 = ORIENTED_EDGE('',*,*,#5794,.F.);
#5973 = ORIENTED_EDGE('',*,*,#5648,.F.);
#5974 = ORIENTED_EDGE('',*,*,#5670,.F.);
#5975 = PLANE('',#5976);
#5976 = AXIS2_PLACEMENT_3D('',#5977,#5978,#5979);
#5977 = CARTESIAN_POINT('',(120.,359.78846153846,835.));
#5978 = DIRECTION('',(-1.,-0.,-0.));
#5979 = DIRECTION('',(0.,0.,-1.));
#5980 = ADVANCED_FACE('',(#5981),#5991,.T.);
#5981 = FACE_BOUND('',#5982,.T.);
#5982 = EDGE_LOOP('',(#5983,#5984,#5985,#5986,#5987,#5988,#5989,#5990));
#5983 = ORIENTED_EDGE('',*,*,#5718,.F.);
#5984 = ORIENTED_EDGE('',*,*,#5686,.T.);
#5985 = ORIENTED_EDGE('',*,*,#5630,.T.);
#5986 = ORIENTED_EDGE('',*,*,#5803,.T.);
#5987 = ORIENTED_EDGE('',*,*,#5864,.T.);
#5988 = ORIENTED_EDGE('',*,*,#5834,.F.);
#5989 = ORIENTED_EDGE('',*,*,#5763,.T.);
#5990 = ORIENTED_EDGE('',*,*,#5741,.F.);
#5991 = PLANE('',#5992);
#5992 = AXIS2_PLACEMENT_3D('',#5993,#5994,#5995);
#5993 = CARTESIAN_POINT('',(290.,359.78846153846,835.));
#5994 = DIRECTION('',(1.,0.,0.));
#5995 = DIRECTION('',(0.,0.,1.));
#5996 = MANIFOLD_SOLID_BREP('',#5997);
#5997 = CLOSED_SHELL('',(#5998,#6038,#6069,#6127,#6151,#6202,#6214,#6245
    ,#6269,#6293,#6310,#6356,#6378,#6395,#6412));
#5998 = ADVANCED_FACE('',(#5999),#6033,.F.);
#5999 = FACE_BOUND('',#6000,.F.);
#6000 = EDGE_LOOP('',(#6001,#6011,#6019,#6027));
#6001 = ORIENTED_EDGE('',*,*,#6002,.F.);
#6002 = EDGE_CURVE('',#6003,#6005,#6007,.T.);
#6003 = VERTEX_POINT('',#6004);
#6004 = CARTESIAN_POINT('',(-2.,-2.,990.));
#6005 = VERTEX_POINT('',#6006);
#6006 = CARTESIAN_POINT('',(-2.,-2.,992.));
#6007 = LINE('',#6008,#6009);
#6008 = CARTESIAN_POINT('',(-2.,-2.,990.));
#6009 = VECTOR('',#6010,1.);
#6010 = DIRECTION('',(0.,0.,1.));
#6011 = ORIENTED_EDGE('',*,*,#6012,.T.);
#6012 = EDGE_CURVE('',#6003,#6013,#6015,.T.);
#6013 = VERTEX_POINT('',#6014);
#6014 = CARTESIAN_POINT('',(-2.,352.,990.));
#6015 = LINE('',#6016,#6017);
#6016 = CARTESIAN_POINT('',(-2.,-2.,990.));
#6017 = VECTOR('',#6018,1.);
#6018 = DIRECTION('',(0.,1.,0.));
#6019 = ORIENTED_EDGE('',*,*,#6020,.T.);
#6020 = EDGE_CURVE('',#6013,#6021,#6023,.T.);
#6021 = VERTEX_POINT('',#6022);
#6022 = CARTESIAN_POINT('',(-2.,352.,992.));
#6023 = LINE('',#6024,#6025);
#6024 = CARTESIAN_POINT('',(-2.,352.,990.));
#6025 = VECTOR('',#6026,1.);
#6026 = DIRECTION('',(0.,0.,1.));
#6027 = ORIENTED_EDGE('',*,*,#6028,.F.);
#6028 = EDGE_CURVE('',#6005,#6021,#6029,.T.);
#6029 = LINE('',#6030,#6031);
#6030 = CARTESIAN_POINT('',(-2.,-2.,992.));
#6031 = VECTOR('',#6032,1.);
#6032 = DIRECTION('',(0.,1.,0.));
#6033 = PLANE('',#6034);
#6034 = AXIS2_PLACEMENT_3D('',#6035,#6036,#6037);
#6035 = CARTESIAN_POINT('',(-2.,-2.,990.));
#6036 = DIRECTION('',(1.,0.,0.));
#6037 = DIRECTION('',(0.,0.,1.));
#6038 = ADVANCED_FACE('',(#6039),#6064,.F.);
#6039 = FACE_BOUND('',#6040,.F.);
#6040 = EDGE_LOOP('',(#6041,#6049,#6050,#6058));
#6041 = ORIENTED_EDGE('',*,*,#6042,.F.);
#6042 = EDGE_CURVE('',#6003,#6043,#6045,.T.);
#6043 = VERTEX_POINT('',#6044);
#6044 = CARTESIAN_POINT('',(412.,-2.,990.));
#6045 = LINE('',#6046,#6047);
#6046 = CARTESIAN_POINT('',(-2.,-2.,990.));
#6047 = VECTOR('',#6048,1.);
#6048 = DIRECTION('',(1.,0.,0.));
#6049 = ORIENTED_EDGE('',*,*,#6002,.T.);
#6050 = ORIENTED_EDGE('',*,*,#6051,.T.);
#6051 = EDGE_CURVE('',#6005,#6052,#6054,.T.);
#6052 = VERTEX_POINT('',#6053);
#6053 = CARTESIAN_POINT('',(412.,-2.,992.));
#6054 = LINE('',#6055,#6056);
#6055 = CARTESIAN_POINT('',(-2.,-2.,992.));
#6056 = VECTOR('',#6057,1.);
#6057 = DIRECTION('',(1.,0.,0.));
#6058 = ORIENTED_EDGE('',*,*,#6059,.F.);
#6059 = EDGE_CURVE('',#6043,#6052,#6060,.T.);
#6060 = LINE('',#6061,#6062);
#6061 = CARTESIAN_POINT('',(412.,-2.,990.));
#6062 = VECTOR('',#6063,1.);
#6063 = DIRECTION('',(0.,0.,1.));
#6064 = PLANE('',#6065);
#6065 = AXIS2_PLACEMENT_3D('',#6066,#6067,#6068);
#6066 = CARTESIAN_POINT('',(-2.,-2.,990.));
#6067 = DIRECTION('',(0.,1.,0.));
#6068 = DIRECTION('',(0.,0.,1.));
#6069 = ADVANCED_FACE('',(#6070,#6088),#6122,.T.);
#6070 = FACE_BOUND('',#6071,.T.);
#6071 = EDGE_LOOP('',(#6072,#6073,#6074,#6082));
#6072 = ORIENTED_EDGE('',*,*,#6028,.F.);
#6073 = ORIENTED_EDGE('',*,*,#6051,.T.);
#6074 = ORIENTED_EDGE('',*,*,#6075,.T.);
#6075 = EDGE_CURVE('',#6052,#6076,#6078,.T.);
#6076 = VERTEX_POINT('',#6077);
#6077 = CARTESIAN_POINT('',(412.,352.,992.));
#6078 = LINE('',#6079,#6080);
#6079 = CARTESIAN_POINT('',(412.,-2.,992.));
#6080 = VECTOR('',#6081,1.);
#6081 = DIRECTION('',(0.,1.,0.));
#6082 = ORIENTED_EDGE('',*,*,#6083,.F.);
#6083 = EDGE_CURVE('',#6021,#6076,#6084,.T.);
#6084 = LINE('',#6085,#6086);
#6085 = CARTESIAN_POINT('',(-2.,352.,992.));
#6086 = VECTOR('',#6087,1.);
#6087 = DIRECTION('',(1.,0.,0.));
#6088 = FACE_BOUND('',#6089,.T.);
#6089 = EDGE_LOOP('',(#6090,#6100,#6108,#6116));
#6090 = ORIENTED_EDGE('',*,*,#6091,.T.);
#6091 = EDGE_CURVE('',#6092,#6094,#6096,.T.);
#6092 = VERTEX_POINT('',#6093);
#6093 = CARTESIAN_POINT('',(383.,27.,992.));
#6094 = VERTEX_POINT('',#6095);
#6095 = CARTESIAN_POINT('',(27.,27.,992.));
#6096 = LINE('',#6097,#6098);
#6097 = CARTESIAN_POINT('',(12.5,27.,992.));
#6098 = VECTOR('',#6099,1.);
#6099 = DIRECTION('',(-1.,0.,0.));
#6100 = ORIENTED_EDGE('',*,*,#6101,.T.);
#6101 = EDGE_CURVE('',#6094,#6102,#6104,.T.);
#6102 = VERTEX_POINT('',#6103);
#6103 = CARTESIAN_POINT('',(27.,323.,992.));
#6104 = LINE('',#6105,#6106);
#6105 = CARTESIAN_POINT('',(27.,12.5,992.));
#6106 = VECTOR('',#6107,1.);
#6107 = DIRECTION('',(0.,1.,0.));
#6108 = ORIENTED_EDGE('',*,*,#6109,.F.);
#6109 = EDGE_CURVE('',#6110,#6102,#6112,.T.);
#6110 = VERTEX_POINT('',#6111);
#6111 = CARTESIAN_POINT('',(383.,323.,992.));
#6112 = LINE('',#6113,#6114);
#6113 = CARTESIAN_POINT('',(12.5,323.,992.));
#6114 = VECTOR('',#6115,1.);
#6115 = DIRECTION('',(-1.,0.,0.));
#6116 = ORIENTED_EDGE('',*,*,#6117,.F.);
#6117 = EDGE_CURVE('',#6092,#6110,#6118,.T.);
#6118 = LINE('',#6119,#6120);
#6119 = CARTESIAN_POINT('',(383.,12.5,992.));
#6120 = VECTOR('',#6121,1.);
#6121 = DIRECTION('',(0.,1.,0.));
#6122 = PLANE('',#6123);
#6123 = AXIS2_PLACEMENT_3D('',#6124,#6125,#6126);
#6124 = CARTESIAN_POINT('',(-2.,-2.,992.));
#6125 = DIRECTION('',(0.,0.,1.));
#6126 = DIRECTION('',(1.,0.,0.));
#6127 = ADVANCED_FACE('',(#6128),#6146,.T.);
#6128 = FACE_BOUND('',#6129,.T.);
#6129 = EDGE_LOOP('',(#6130,#6138,#6139,#6140));
#6130 = ORIENTED_EDGE('',*,*,#6131,.F.);
#6131 = EDGE_CURVE('',#6013,#6132,#6134,.T.);
#6132 = VERTEX_POINT('',#6133);
#6133 = CARTESIAN_POINT('',(412.,352.,990.));
#6134 = LINE('',#6135,#6136);
#6135 = CARTESIAN_POINT('',(-2.,352.,990.));
#6136 = VECTOR('',#6137,1.);
#6137 = DIRECTION('',(1.,0.,0.));
#6138 = ORIENTED_EDGE('',*,*,#6020,.T.);
#6139 = ORIENTED_EDGE('',*,*,#6083,.T.);
#6140 = ORIENTED_EDGE('',*,*,#6141,.F.);
#6141 = EDGE_CURVE('',#6132,#6076,#6142,.T.);
#6142 = LINE('',#6143,#6144);
#6143 = CARTESIAN_POINT('',(412.,352.,990.));
#6144 = VECTOR('',#6145,1.);
#6145 = DIRECTION('',(0.,0.,1.));
#6146 = PLANE('',#6147);
#6147 = AXIS2_PLACEMENT_3D('',#6148,#6149,#6150);
#6148 = CARTESIAN_POINT('',(-2.,352.,990.));
#6149 = DIRECTION('',(0.,1.,0.));
#6150 = DIRECTION('',(0.,0.,1.));
#6151 = ADVANCED_FACE('',(#6152,#6163),#6197,.F.);
#6152 = FACE_BOUND('',#6153,.F.);
#6153 = EDGE_LOOP('',(#6154,#6155,#6156,#6162));
#6154 = ORIENTED_EDGE('',*,*,#6012,.F.);
#6155 = ORIENTED_EDGE('',*,*,#6042,.T.);
#6156 = ORIENTED_EDGE('',*,*,#6157,.T.);
#6157 = EDGE_CURVE('',#6043,#6132,#6158,.T.);
#6158 = LINE('',#6159,#6160);
#6159 = CARTESIAN_POINT('',(412.,-2.,990.));
#6160 = VECTOR('',#6161,1.);
#6161 = DIRECTION('',(0.,1.,0.));
#6162 = ORIENTED_EDGE('',*,*,#6131,.F.);
#6163 = FACE_BOUND('',#6164,.F.);
#6164 = EDGE_LOOP('',(#6165,#6175,#6183,#6191));
#6165 = ORIENTED_EDGE('',*,*,#6166,.F.);
#6166 = EDGE_CURVE('',#6167,#6169,#6171,.T.);
#6167 = VERTEX_POINT('',#6168);
#6168 = CARTESIAN_POINT('',(25.,25.,990.));
#6169 = VERTEX_POINT('',#6170);
#6170 = CARTESIAN_POINT('',(385.,25.,990.));
#6171 = LINE('',#6172,#6173);
#6172 = CARTESIAN_POINT('',(25.,25.,990.));
#6173 = VECTOR('',#6174,1.);
#6174 = DIRECTION('',(1.,0.,0.));
#6175 = ORIENTED_EDGE('',*,*,#6176,.T.);
#6176 = EDGE_CURVE('',#6167,#6177,#6179,.T.);
#6177 = VERTEX_POINT('',#6178);
#6178 = CARTESIAN_POINT('',(25.,325.,990.));
#6179 = LINE('',#6180,#6181);
#6180 = CARTESIAN_POINT('',(25.,25.,990.));
#6181 = VECTOR('',#6182,1.);
#6182 = DIRECTION('',(0.,1.,0.));
#6183 = ORIENTED_EDGE('',*,*,#6184,.T.);
#6184 = EDGE_CURVE('',#6177,#6185,#6187,.T.);
#6185 = VERTEX_POINT('',#6186);
#6186 = CARTESIAN_POINT('',(385.,325.,990.));
#6187 = LINE('',#6188,#6189);
#6188 = CARTESIAN_POINT('',(25.,325.,990.));
#6189 = VECTOR('',#6190,1.);
#6190 = DIRECTION('',(1.,0.,0.));
#6191 = ORIENTED_EDGE('',*,*,#6192,.F.);
#6192 = EDGE_CURVE('',#6169,#6185,#6193,.T.);
#6193 = LINE('',#6194,#6195);
#6194 = CARTESIAN_POINT('',(385.,25.,990.));
#6195 = VECTOR('',#6196,1.);
#6196 = DIRECTION('',(0.,1.,0.));
#6197 = PLANE('',#6198);
#6198 = AXIS2_PLACEMENT_3D('',#6199,#6200,#6201);
#6199 = CARTESIAN_POINT('',(-2.,-2.,990.));
#6200 = DIRECTION('',(0.,0.,1.));
#6201 = DIRECTION('',(1.,0.,0.));
#6202 = ADVANCED_FACE('',(#6203),#6209,.T.);
#6203 = FACE_BOUND('',#6204,.T.);
#6204 = EDGE_LOOP('',(#6205,#6206,#6207,#6208));
#6205 = ORIENTED_EDGE('',*,*,#6059,.F.);
#6206 = ORIENTED_EDGE('',*,*,#6157,.T.);
#6207 = ORIENTED_EDGE('',*,*,#6141,.T.);
#6208 = ORIENTED_EDGE('',*,*,#6075,.F.);
#6209 = PLANE('',#6210);
#6210 = AXIS2_PLACEMENT_3D('',#6211,#6212,#6213);
#6211 = CARTESIAN_POINT('',(412.,-2.,990.));
#6212 = DIRECTION('',(1.,0.,0.));
#6213 = DIRECTION('',(0.,0.,1.));
#6214 = ADVANCED_FACE('',(#6215),#6240,.F.);
#6215 = FACE_BOUND('',#6216,.F.);
#6216 = EDGE_LOOP('',(#6217,#6227,#6233,#6234));
#6217 = ORIENTED_EDGE('',*,*,#6218,.F.);
#6218 = EDGE_CURVE('',#6219,#6221,#6223,.T.);
#6219 = VERTEX_POINT('',#6220);
#6220 = CARTESIAN_POINT('',(25.,25.,950.));
#6221 = VERTEX_POINT('',#6222);
#6222 = CARTESIAN_POINT('',(385.,25.,950.));
#6223 = LINE('',#6224,#6225);
#6224 = CARTESIAN_POINT('',(25.,25.,950.));
#6225 = VECTOR('',#6226,1.);
#6226 = DIRECTION('',(1.,0.,0.));
#6227 = ORIENTED_EDGE('',*,*,#6228,.T.);
#6228 = EDGE_CURVE('',#6219,#6167,#6229,.T.);
#6229 = LINE('',#6230,#6231);
#6230 = CARTESIAN_POINT('',(25.,25.,950.));
#6231 = VECTOR('',#6232,1.);
#6232 = DIRECTION('',(0.,0.,1.));
#6233 = ORIENTED_EDGE('',*,*,#6166,.T.);
#6234 = ORIENTED_EDGE('',*,*,#6235,.F.);
#6235 = EDGE_CURVE('',#6221,#6169,#6236,.T.);
#6236 = LINE('',#6237,#6238);
#6237 = CARTESIAN_POINT('',(385.,25.,950.));
#6238 = VECTOR('',#6239,1.);
#6239 = DIRECTION('',(0.,0.,1.));
#6240 = PLANE('',#6241);
#6241 = AXIS2_PLACEMENT_3D('',#6242,#6243,#6244);
#6242 = CARTESIAN_POINT('',(25.,25.,950.));
#6243 = DIRECTION('',(0.,1.,0.));
#6244 = DIRECTION('',(0.,0.,1.));
#6245 = ADVANCED_FACE('',(#6246),#6264,.T.);
#6246 = FACE_BOUND('',#6247,.T.);
#6247 = EDGE_LOOP('',(#6248,#6249,#6257,#6263));
#6248 = ORIENTED_EDGE('',*,*,#6235,.F.);
#6249 = ORIENTED_EDGE('',*,*,#6250,.T.);
#6250 = EDGE_CURVE('',#6221,#6251,#6253,.T.);
#6251 = VERTEX_POINT('',#6252);
#6252 = CARTESIAN_POINT('',(385.,325.,950.));
#6253 = LINE('',#6254,#6255);
#6254 = CARTESIAN_POINT('',(385.,25.,950.));
#6255 = VECTOR('',#6256,1.);
#6256 = DIRECTION('',(0.,1.,0.));
#6257 = ORIENTED_EDGE('',*,*,#6258,.T.);
#6258 = EDGE_CURVE('',#6251,#6185,#6259,.T.);
#6259 = LINE('',#6260,#6261);
#6260 = CARTESIAN_POINT('',(385.,325.,950.));
#6261 = VECTOR('',#6262,1.);
#6262 = DIRECTION('',(0.,0.,1.));
#6263 = ORIENTED_EDGE('',*,*,#6192,.F.);
#6264 = PLANE('',#6265);
#6265 = AXIS2_PLACEMENT_3D('',#6266,#6267,#6268);
#6266 = CARTESIAN_POINT('',(385.,25.,950.));
#6267 = DIRECTION('',(1.,0.,0.));
#6268 = DIRECTION('',(0.,0.,1.));
#6269 = ADVANCED_FACE('',(#6270),#6288,.T.);
#6270 = FACE_BOUND('',#6271,.T.);
#6271 = EDGE_LOOP('',(#6272,#6280,#6286,#6287));
#6272 = ORIENTED_EDGE('',*,*,#6273,.F.);
#6273 = EDGE_CURVE('',#6274,#6251,#6276,.T.);
#6274 = VERTEX_POINT('',#6275);
#6275 = CARTESIAN_POINT('',(25.,325.,950.));
#6276 = LINE('',#6277,#6278);
#6277 = CARTESIAN_POINT('',(25.,325.,950.));
#6278 = VECTOR('',#6279,1.);
#6279 = DIRECTION('',(1.,0.,0.));
#6280 = ORIENTED_EDGE('',*,*,#6281,.T.);
#6281 = EDGE_CURVE('',#6274,#6177,#6282,.T.);
#6282 = LINE('',#6283,#6284);
#6283 = CARTESIAN_POINT('',(25.,325.,950.));
#6284 = VECTOR('',#6285,1.);
#6285 = DIRECTION('',(0.,0.,1.));
#6286 = ORIENTED_EDGE('',*,*,#6184,.T.);
#6287 = ORIENTED_EDGE('',*,*,#6258,.F.);
#6288 = PLANE('',#6289);
#6289 = AXIS2_PLACEMENT_3D('',#6290,#6291,#6292);
#6290 = CARTESIAN_POINT('',(25.,325.,950.));
#6291 = DIRECTION('',(0.,1.,0.));
#6292 = DIRECTION('',(0.,0.,1.));
#6293 = ADVANCED_FACE('',(#6294),#6305,.F.);
#6294 = FACE_BOUND('',#6295,.F.);
#6295 = EDGE_LOOP('',(#6296,#6297,#6303,#6304));
#6296 = ORIENTED_EDGE('',*,*,#6228,.F.);
#6297 = ORIENTED_EDGE('',*,*,#6298,.T.);
#6298 = EDGE_CURVE('',#6219,#6274,#6299,.T.);
#6299 = LINE('',#6300,#6301);
#6300 = CARTESIAN_POINT('',(25.,25.,950.));
#6301 = VECTOR('',#6302,1.);
#6302 = DIRECTION('',(0.,1.,0.));
#6303 = ORIENTED_EDGE('',*,*,#6281,.T.);
#6304 = ORIENTED_EDGE('',*,*,#6176,.F.);
#6305 = PLANE('',#6306);
#6306 = AXIS2_PLACEMENT_3D('',#6307,#6308,#6309);
#6307 = CARTESIAN_POINT('',(25.,25.,950.));
#6308 = DIRECTION('',(1.,0.,0.));
#6309 = DIRECTION('',(0.,0.,1.));
#6310 = ADVANCED_FACE('',(#6311,#6317),#6351,.F.);
#6311 = FACE_BOUND('',#6312,.F.);
#6312 = EDGE_LOOP('',(#6313,#6314,#6315,#6316));
#6313 = ORIENTED_EDGE('',*,*,#6298,.F.);
#6314 = ORIENTED_EDGE('',*,*,#6218,.T.);
#6315 = ORIENTED_EDGE('',*,*,#6250,.T.);
#6316 = ORIENTED_EDGE('',*,*,#6273,.F.);
#6317 = FACE_BOUND('',#6318,.F.);
#6318 = EDGE_LOOP('',(#6319,#6329,#6337,#6345));
#6319 = ORIENTED_EDGE('',*,*,#6320,.T.);
#6320 = EDGE_CURVE('',#6321,#6323,#6325,.T.);
#6321 = VERTEX_POINT('',#6322);
#6322 = CARTESIAN_POINT('',(383.,27.,950.));
#6323 = VERTEX_POINT('',#6324);
#6324 = CARTESIAN_POINT('',(27.,27.,950.));
#6325 = LINE('',#6326,#6327);
#6326 = CARTESIAN_POINT('',(26.,27.,950.));
#6327 = VECTOR('',#6328,1.);
#6328 = DIRECTION('',(-1.,0.,0.));
#6329 = ORIENTED_EDGE('',*,*,#6330,.T.);
#6330 = EDGE_CURVE('',#6323,#6331,#6333,.T.);
#6331 = VERTEX_POINT('',#6332);
#6332 = CARTESIAN_POINT('',(27.,323.,950.));
#6333 = LINE('',#6334,#6335);
#6334 = CARTESIAN_POINT('',(27.,26.,950.));
#6335 = VECTOR('',#6336,1.);
#6336 = DIRECTION('',(0.,1.,0.));
#6337 = ORIENTED_EDGE('',*,*,#6338,.F.);
#6338 = EDGE_CURVE('',#6339,#6331,#6341,.T.);
#6339 = VERTEX_POINT('',#6340);
#6340 = CARTESIAN_POINT('',(383.,323.,950.));
#6341 = LINE('',#6342,#6343);
#6342 = CARTESIAN_POINT('',(26.,323.,950.));
#6343 = VECTOR('',#6344,1.);
#6344 = DIRECTION('',(-1.,0.,0.));
#6345 = ORIENTED_EDGE('',*,*,#6346,.F.);
#6346 = EDGE_CURVE('',#6321,#6339,#6347,.T.);
#6347 = LINE('',#6348,#6349);
#6348 = CARTESIAN_POINT('',(383.,26.,950.));
#6349 = VECTOR('',#6350,1.);
#6350 = DIRECTION('',(0.,1.,0.));
#6351 = PLANE('',#6352);
#6352 = AXIS2_PLACEMENT_3D('',#6353,#6354,#6355);
#6353 = CARTESIAN_POINT('',(25.,25.,950.));
#6354 = DIRECTION('',(0.,0.,1.));
#6355 = DIRECTION('',(1.,0.,0.));
#6356 = ADVANCED_FACE('',(#6357),#6373,.T.);
#6357 = FACE_BOUND('',#6358,.T.);
#6358 = EDGE_LOOP('',(#6359,#6365,#6366,#6372));
#6359 = ORIENTED_EDGE('',*,*,#6360,.F.);
#6360 = EDGE_CURVE('',#6321,#6092,#6361,.T.);
#6361 = LINE('',#6362,#6363);
#6362 = CARTESIAN_POINT('',(383.,27.,989.));
#6363 = VECTOR('',#6364,1.);
#6364 = DIRECTION('',(0.,0.,1.));
#6365 = ORIENTED_EDGE('',*,*,#6320,.T.);
#6366 = ORIENTED_EDGE('',*,*,#6367,.T.);
#6367 = EDGE_CURVE('',#6323,#6094,#6368,.T.);
#6368 = LINE('',#6369,#6370);
#6369 = CARTESIAN_POINT('',(27.,27.,949.));
#6370 = VECTOR('',#6371,1.);
#6371 = DIRECTION('',(0.,0.,1.));
#6372 = ORIENTED_EDGE('',*,*,#6091,.F.);
#6373 = PLANE('',#6374);
#6374 = AXIS2_PLACEMENT_3D('',#6375,#6376,#6377);
#6375 = CARTESIAN_POINT('',(205.,27.,971.));
#6376 = DIRECTION('',(0.,1.,0.));
#6377 = DIRECTION('',(0.,0.,1.));
#6378 = ADVANCED_FACE('',(#6379),#6390,.T.);
#6379 = FACE_BOUND('',#6380,.T.);
#6380 = EDGE_LOOP('',(#6381,#6382,#6383,#6389));
#6381 = ORIENTED_EDGE('',*,*,#6360,.T.);
#6382 = ORIENTED_EDGE('',*,*,#6117,.T.);
#6383 = ORIENTED_EDGE('',*,*,#6384,.F.);
#6384 = EDGE_CURVE('',#6339,#6110,#6385,.T.);
#6385 = LINE('',#6386,#6387);
#6386 = CARTESIAN_POINT('',(383.,323.,989.));
#6387 = VECTOR('',#6388,1.);
#6388 = DIRECTION('',(0.,0.,1.));
#6389 = ORIENTED_EDGE('',*,*,#6346,.F.);
#6390 = PLANE('',#6391);
#6391 = AXIS2_PLACEMENT_3D('',#6392,#6393,#6394);
#6392 = CARTESIAN_POINT('',(383.,175.,971.));
#6393 = DIRECTION('',(-1.,-0.,-0.));
#6394 = DIRECTION('',(0.,0.,-1.));
#6395 = ADVANCED_FACE('',(#6396),#6407,.T.);
#6396 = FACE_BOUND('',#6397,.T.);
#6397 = EDGE_LOOP('',(#6398,#6399,#6400,#6406));
#6398 = ORIENTED_EDGE('',*,*,#6384,.T.);
#6399 = ORIENTED_EDGE('',*,*,#6109,.T.);
#6400 = ORIENTED_EDGE('',*,*,#6401,.F.);
#6401 = EDGE_CURVE('',#6331,#6102,#6402,.T.);
#6402 = LINE('',#6403,#6404);
#6403 = CARTESIAN_POINT('',(27.,323.,989.));
#6404 = VECTOR('',#6405,1.);
#6405 = DIRECTION('',(0.,0.,1.));
#6406 = ORIENTED_EDGE('',*,*,#6338,.F.);
#6407 = PLANE('',#6408);
#6408 = AXIS2_PLACEMENT_3D('',#6409,#6410,#6411);
#6409 = CARTESIAN_POINT('',(205.,323.,971.));
#6410 = DIRECTION('',(-0.,-1.,-0.));
#6411 = DIRECTION('',(0.,0.,-1.));
#6412 = ADVANCED_FACE('',(#6413),#6419,.T.);
#6413 = FACE_BOUND('',#6414,.T.);
#6414 = EDGE_LOOP('',(#6415,#6416,#6417,#6418));
#6415 = ORIENTED_EDGE('',*,*,#6367,.F.);
#6416 = ORIENTED_EDGE('',*,*,#6330,.T.);
#6417 = ORIENTED_EDGE('',*,*,#6401,.T.);
#6418 = ORIENTED_EDGE('',*,*,#6101,.F.);
#6419 = PLANE('',#6420);
#6420 = AXIS2_PLACEMENT_3D('',#6421,#6422,#6423);
#6421 = CARTESIAN_POINT('',(27.,175.,971.));
#6422 = DIRECTION('',(1.,0.,0.));
#6423 = DIRECTION('',(0.,0.,1.));
#6424 = MANIFOLD_SOLID_BREP('',#6425);
#6425 = CLOSED_SHELL('',(#6426,#6466,#6497,#6528,#6545,#6594,#6659,#6690
    ,#6714,#6738,#6755,#6767,#6791,#6815,#6832));
#6426 = ADVANCED_FACE('',(#6427),#6461,.F.);
#6427 = FACE_BOUND('',#6428,.F.);
#6428 = EDGE_LOOP('',(#6429,#6439,#6447,#6455));
#6429 = ORIENTED_EDGE('',*,*,#6430,.F.);
#6430 = EDGE_CURVE('',#6431,#6433,#6435,.T.);
#6431 = VERTEX_POINT('',#6432);
#6432 = CARTESIAN_POINT('',(-16.,-16.,992.));
#6433 = VERTEX_POINT('',#6434);
#6434 = CARTESIAN_POINT('',(-16.,368.,992.));
#6435 = LINE('',#6436,#6437);
#6436 = CARTESIAN_POINT('',(-16.,-18.,992.));
#6437 = VECTOR('',#6438,1.);
#6438 = DIRECTION('',(0.,1.,0.));
#6439 = ORIENTED_EDGE('',*,*,#6440,.T.);
#6440 = EDGE_CURVE('',#6431,#6441,#6443,.T.);
#6441 = VERTEX_POINT('',#6442);
#6442 = CARTESIAN_POINT('',(426.,-16.,992.));
#6443 = LINE('',#6444,#6445);
#6444 = CARTESIAN_POINT('',(-18.,-16.,992.));
#6445 = VECTOR('',#6446,1.);
#6446 = DIRECTION('',(1.,0.,0.));
#6447 = ORIENTED_EDGE('',*,*,#6448,.T.);
#6448 = EDGE_CURVE('',#6441,#6449,#6451,.T.);
#6449 = VERTEX_POINT('',#6450);
#6450 = CARTESIAN_POINT('',(426.,368.,992.));
#6451 = LINE('',#6452,#6453);
#6452 = CARTESIAN_POINT('',(426.,-18.,992.));
#6453 = VECTOR('',#6454,1.);
#6454 = DIRECTION('',(0.,1.,0.));
#6455 = ORIENTED_EDGE('',*,*,#6456,.F.);
#6456 = EDGE_CURVE('',#6433,#6449,#6457,.T.);
#6457 = LINE('',#6458,#6459);
#6458 = CARTESIAN_POINT('',(-18.,368.,992.));
#6459 = VECTOR('',#6460,1.);
#6460 = DIRECTION('',(1.,0.,0.));
#6461 = PLANE('',#6462);
#6462 = AXIS2_PLACEMENT_3D('',#6463,#6464,#6465);
#6463 = CARTESIAN_POINT('',(-18.,-18.,992.));
#6464 = DIRECTION('',(0.,0.,1.));
#6465 = DIRECTION('',(1.,0.,0.));
#6466 = ADVANCED_FACE('',(#6467),#6492,.T.);
#6467 = FACE_BOUND('',#6468,.T.);
#6468 = EDGE_LOOP('',(#6469,#6477,#6485,#6491));
#6469 = ORIENTED_EDGE('',*,*,#6470,.T.);
#6470 = EDGE_CURVE('',#6431,#6471,#6473,.T.);
#6471 = VERTEX_POINT('',#6472);
#6472 = CARTESIAN_POINT('',(-16.,-16.,978.));
#6473 = LINE('',#6474,#6475);
#6474 = CARTESIAN_POINT('',(-16.,-16.,978.));
#6475 = VECTOR('',#6476,1.);
#6476 = DIRECTION('',(0.,0.,-1.));
#6477 = ORIENTED_EDGE('',*,*,#6478,.T.);
#6478 = EDGE_CURVE('',#6471,#6479,#6481,.T.);
#6479 = VERTEX_POINT('',#6480);
#6480 = CARTESIAN_POINT('',(-16.,368.,978.));
#6481 = LINE('',#6482,#6483);
#6482 = CARTESIAN_POINT('',(-16.,-18.,978.));
#6483 = VECTOR('',#6484,1.);
#6484 = DIRECTION('',(0.,1.,0.));
#6485 = ORIENTED_EDGE('',*,*,#6486,.T.);
#6486 = EDGE_CURVE('',#6479,#6433,#6487,.T.);
#6487 = LINE('',#6488,#6489);
#6488 = CARTESIAN_POINT('',(-16.,368.,978.));
#6489 = VECTOR('',#6490,1.);
#6490 = DIRECTION('',(0.,0.,1.));
#6491 = ORIENTED_EDGE('',*,*,#6430,.F.);
#6492 = PLANE('',#6493);
#6493 = AXIS2_PLACEMENT_3D('',#6494,#6495,#6496);
#6494 = CARTESIAN_POINT('',(-16.,-18.,978.));
#6495 = DIRECTION('',(1.,0.,0.));
#6496 = DIRECTION('',(0.,0.,1.));
#6497 = ADVANCED_FACE('',(#6498),#6523,.F.);
#6498 = FACE_BOUND('',#6499,.F.);
#6499 = EDGE_LOOP('',(#6500,#6508,#6516,#6522));
#6500 = ORIENTED_EDGE('',*,*,#6501,.T.);
#6501 = EDGE_CURVE('',#6441,#6502,#6504,.T.);
#6502 = VERTEX_POINT('',#6503);
#6503 = CARTESIAN_POINT('',(426.,-16.,978.));
#6504 = LINE('',#6505,#6506);
#6505 = CARTESIAN_POINT('',(426.,-16.,978.));
#6506 = VECTOR('',#6507,1.);
#6507 = DIRECTION('',(0.,0.,-1.));
#6508 = ORIENTED_EDGE('',*,*,#6509,.T.);
#6509 = EDGE_CURVE('',#6502,#6510,#6512,.T.);
#6510 = VERTEX_POINT('',#6511);
#6511 = CARTESIAN_POINT('',(426.,368.,978.));
#6512 = LINE('',#6513,#6514);
#6513 = CARTESIAN_POINT('',(426.,-18.,978.));
#6514 = VECTOR('',#6515,1.);
#6515 = DIRECTION('',(0.,1.,0.));
#6516 = ORIENTED_EDGE('',*,*,#6517,.T.);
#6517 = EDGE_CURVE('',#6510,#6449,#6518,.T.);
#6518 = LINE('',#6519,#6520);
#6519 = CARTESIAN_POINT('',(426.,368.,978.));
#6520 = VECTOR('',#6521,1.);
#6521 = DIRECTION('',(0.,0.,1.));
#6522 = ORIENTED_EDGE('',*,*,#6448,.F.);
#6523 = PLANE('',#6524);
#6524 = AXIS2_PLACEMENT_3D('',#6525,#6526,#6527);
#6525 = CARTESIAN_POINT('',(426.,-18.,978.));
#6526 = DIRECTION('',(1.,0.,0.));
#6527 = DIRECTION('',(0.,0.,1.));
#6528 = ADVANCED_FACE('',(#6529),#6540,.T.);
#6529 = FACE_BOUND('',#6530,.T.);
#6530 = EDGE_LOOP('',(#6531,#6537,#6538,#6539));
#6531 = ORIENTED_EDGE('',*,*,#6532,.F.);
#6532 = EDGE_CURVE('',#6471,#6502,#6533,.T.);
#6533 = LINE('',#6534,#6535);
#6534 = CARTESIAN_POINT('',(-18.,-16.,978.));
#6535 = VECTOR('',#6536,1.);
#6536 = DIRECTION('',(1.,0.,0.));
#6537 = ORIENTED_EDGE('',*,*,#6470,.F.);
#6538 = ORIENTED_EDGE('',*,*,#6440,.T.);
#6539 = ORIENTED_EDGE('',*,*,#6501,.T.);
#6540 = PLANE('',#6541);
#6541 = AXIS2_PLACEMENT_3D('',#6542,#6543,#6544);
#6542 = CARTESIAN_POINT('',(-18.,-16.,978.));
#6543 = DIRECTION('',(0.,1.,0.));
#6544 = DIRECTION('',(0.,0.,1.));
#6545 = ADVANCED_FACE('',(#6546),#6589,.T.);
#6546 = FACE_BOUND('',#6547,.T.);
#6547 = EDGE_LOOP('',(#6548,#6549,#6550,#6558,#6566,#6574,#6582,#6588));
#6548 = ORIENTED_EDGE('',*,*,#6456,.F.);
#6549 = ORIENTED_EDGE('',*,*,#6486,.F.);
#6550 = ORIENTED_EDGE('',*,*,#6551,.F.);
#6551 = EDGE_CURVE('',#6552,#6479,#6554,.T.);
#6552 = VERTEX_POINT('',#6553);
#6553 = CARTESIAN_POINT('',(-18.,368.,978.));
#6554 = LINE('',#6555,#6556);
#6555 = CARTESIAN_POINT('',(-18.,368.,978.));
#6556 = VECTOR('',#6557,1.);
#6557 = DIRECTION('',(1.,0.,0.));
#6558 = ORIENTED_EDGE('',*,*,#6559,.T.);
#6559 = EDGE_CURVE('',#6552,#6560,#6562,.T.);
#6560 = VERTEX_POINT('',#6561);
#6561 = CARTESIAN_POINT('',(-18.,368.,995.));
#6562 = LINE('',#6563,#6564);
#6563 = CARTESIAN_POINT('',(-18.,368.,978.));
#6564 = VECTOR('',#6565,1.);
#6565 = DIRECTION('',(0.,0.,1.));
#6566 = ORIENTED_EDGE('',*,*,#6567,.T.);
#6567 = EDGE_CURVE('',#6560,#6568,#6570,.T.);
#6568 = VERTEX_POINT('',#6569);
#6569 = CARTESIAN_POINT('',(428.,368.,995.));
#6570 = LINE('',#6571,#6572);
#6571 = CARTESIAN_POINT('',(-18.,368.,995.));
#6572 = VECTOR('',#6573,1.);
#6573 = DIRECTION('',(1.,0.,0.));
#6574 = ORIENTED_EDGE('',*,*,#6575,.F.);
#6575 = EDGE_CURVE('',#6576,#6568,#6578,.T.);
#6576 = VERTEX_POINT('',#6577);
#6577 = CARTESIAN_POINT('',(428.,368.,978.));
#6578 = LINE('',#6579,#6580);
#6579 = CARTESIAN_POINT('',(428.,368.,992.));
#6580 = VECTOR('',#6581,1.);
#6581 = DIRECTION('',(0.,0.,1.));
#6582 = ORIENTED_EDGE('',*,*,#6583,.F.);
#6583 = EDGE_CURVE('',#6510,#6576,#6584,.T.);
#6584 = LINE('',#6585,#6586);
#6585 = CARTESIAN_POINT('',(426.,368.,978.));
#6586 = VECTOR('',#6587,1.);
#6587 = DIRECTION('',(1.,0.,0.));
#6588 = ORIENTED_EDGE('',*,*,#6517,.T.);
#6589 = PLANE('',#6590);
#6590 = AXIS2_PLACEMENT_3D('',#6591,#6592,#6593);
#6591 = CARTESIAN_POINT('',(205.,368.,992.94234800838));
#6592 = DIRECTION('',(0.,1.,0.));
#6593 = DIRECTION('',(0.,0.,1.));
#6594 = ADVANCED_FACE('',(#6595,#6620),#6654,.T.);
#6595 = FACE_BOUND('',#6596,.T.);
#6596 = EDGE_LOOP('',(#6597,#6605,#6613,#6619));
#6597 = ORIENTED_EDGE('',*,*,#6598,.F.);
#6598 = EDGE_CURVE('',#6599,#6560,#6601,.T.);
#6599 = VERTEX_POINT('',#6600);
#6600 = CARTESIAN_POINT('',(-18.,-18.,995.));
#6601 = LINE('',#6602,#6603);
#6602 = CARTESIAN_POINT('',(-18.,-18.,995.));
#6603 = VECTOR('',#6604,1.);
#6604 = DIRECTION('',(0.,1.,0.));
#6605 = ORIENTED_EDGE('',*,*,#6606,.T.);
#6606 = EDGE_CURVE('',#6599,#6607,#6609,.T.);
#6607 = VERTEX_POINT('',#6608);
#6608 = CARTESIAN_POINT('',(428.,-18.,995.));
#6609 = LINE('',#6610,#6611);
#6610 = CARTESIAN_POINT('',(-18.,-18.,995.));
#6611 = VECTOR('',#6612,1.);
#6612 = DIRECTION('',(1.,0.,0.));
#6613 = ORIENTED_EDGE('',*,*,#6614,.T.);
#6614 = EDGE_CURVE('',#6607,#6568,#6615,.T.);
#6615 = LINE('',#6616,#6617);
#6616 = CARTESIAN_POINT('',(428.,-18.,995.));
#6617 = VECTOR('',#6618,1.);
#6618 = DIRECTION('',(0.,1.,0.));
#6619 = ORIENTED_EDGE('',*,*,#6567,.F.);
#6620 = FACE_BOUND('',#6621,.T.);
#6621 = EDGE_LOOP('',(#6622,#6632,#6640,#6648));
#6622 = ORIENTED_EDGE('',*,*,#6623,.F.);
#6623 = EDGE_CURVE('',#6624,#6626,#6628,.T.);
#6624 = VERTEX_POINT('',#6625);
#6625 = CARTESIAN_POINT('',(60.,40.,995.));
#6626 = VERTEX_POINT('',#6627);
#6627 = CARTESIAN_POINT('',(350.,40.,995.));
#6628 = LINE('',#6629,#6630);
#6629 = CARTESIAN_POINT('',(60.,40.,995.));
#6630 = VECTOR('',#6631,1.);
#6631 = DIRECTION('',(1.,0.,0.));
#6632 = ORIENTED_EDGE('',*,*,#6633,.T.);
#6633 = EDGE_CURVE('',#6624,#6634,#6636,.T.);
#6634 = VERTEX_POINT('',#6635);
#6635 = CARTESIAN_POINT('',(60.,310.,995.));
#6636 = LINE('',#6637,#6638);
#6637 = CARTESIAN_POINT('',(60.,40.,995.));
#6638 = VECTOR('',#6639,1.);
#6639 = DIRECTION('',(0.,1.,0.));
#6640 = ORIENTED_EDGE('',*,*,#6641,.T.);
#6641 = EDGE_CURVE('',#6634,#6642,#6644,.T.);
#6642 = VERTEX_POINT('',#6643);
#6643 = CARTESIAN_POINT('',(350.,310.,995.));
#6644 = LINE('',#6645,#6646);
#6645 = CARTESIAN_POINT('',(60.,310.,995.));
#6646 = VECTOR('',#6647,1.);
#6647 = DIRECTION('',(1.,0.,0.));
#6648 = ORIENTED_EDGE('',*,*,#6649,.F.);
#6649 = EDGE_CURVE('',#6626,#6642,#6650,.T.);
#6650 = LINE('',#6651,#6652);
#6651 = CARTESIAN_POINT('',(350.,40.,995.));
#6652 = VECTOR('',#6653,1.);
#6653 = DIRECTION('',(0.,1.,0.));
#6654 = PLANE('',#6655);
#6655 = AXIS2_PLACEMENT_3D('',#6656,#6657,#6658);
#6656 = CARTESIAN_POINT('',(-18.,-18.,995.));
#6657 = DIRECTION('',(0.,0.,1.));
#6658 = DIRECTION('',(1.,0.,0.));
#6659 = ADVANCED_FACE('',(#6660),#6685,.F.);
#6660 = FACE_BOUND('',#6661,.F.);
#6661 = EDGE_LOOP('',(#6662,#6663,#6671,#6679));
#6662 = ORIENTED_EDGE('',*,*,#6623,.F.);
#6663 = ORIENTED_EDGE('',*,*,#6664,.T.);
#6664 = EDGE_CURVE('',#6624,#6665,#6667,.T.);
#6665 = VERTEX_POINT('',#6666);
#6666 = CARTESIAN_POINT('',(60.,40.,998.));
#6667 = LINE('',#6668,#6669);
#6668 = CARTESIAN_POINT('',(60.,40.,995.));
#6669 = VECTOR('',#6670,1.);
#6670 = DIRECTION('',(0.,0.,1.));
#6671 = ORIENTED_EDGE('',*,*,#6672,.T.);
#6672 = EDGE_CURVE('',#6665,#6673,#6675,.T.);
#6673 = VERTEX_POINT('',#6674);
#6674 = CARTESIAN_POINT('',(350.,40.,998.));
#6675 = LINE('',#6676,#6677);
#6676 = CARTESIAN_POINT('',(60.,40.,998.));
#6677 = VECTOR('',#6678,1.);
#6678 = DIRECTION('',(1.,0.,0.));
#6679 = ORIENTED_EDGE('',*,*,#6680,.F.);
#6680 = EDGE_CURVE('',#6626,#6673,#6681,.T.);
#6681 = LINE('',#6682,#6683);
#6682 = CARTESIAN_POINT('',(350.,40.,995.));
#6683 = VECTOR('',#6684,1.);
#6684 = DIRECTION('',(0.,0.,1.));
#6685 = PLANE('',#6686);
#6686 = AXIS2_PLACEMENT_3D('',#6687,#6688,#6689);
#6687 = CARTESIAN_POINT('',(60.,40.,995.));
#6688 = DIRECTION('',(0.,1.,0.));
#6689 = DIRECTION('',(0.,0.,1.));
#6690 = ADVANCED_FACE('',(#6691),#6709,.T.);
#6691 = FACE_BOUND('',#6692,.T.);
#6692 = EDGE_LOOP('',(#6693,#6694,#6695,#6703));
#6693 = ORIENTED_EDGE('',*,*,#6680,.F.);
#6694 = ORIENTED_EDGE('',*,*,#6649,.T.);
#6695 = ORIENTED_EDGE('',*,*,#6696,.T.);
#6696 = EDGE_CURVE('',#6642,#6697,#6699,.T.);
#6697 = VERTEX_POINT('',#6698);
#6698 = CARTESIAN_POINT('',(350.,310.,998.));
#6699 = LINE('',#6700,#6701);
#6700 = CARTESIAN_POINT('',(350.,310.,995.));
#6701 = VECTOR('',#6702,1.);
#6702 = DIRECTION('',(0.,0.,1.));
#6703 = ORIENTED_EDGE('',*,*,#6704,.F.);
#6704 = EDGE_CURVE('',#6673,#6697,#6705,.T.);
#6705 = LINE('',#6706,#6707);
#6706 = CARTESIAN_POINT('',(350.,40.,998.));
#6707 = VECTOR('',#6708,1.);
#6708 = DIRECTION('',(0.,1.,0.));
#6709 = PLANE('',#6710);
#6710 = AXIS2_PLACEMENT_3D('',#6711,#6712,#6713);
#6711 = CARTESIAN_POINT('',(350.,40.,995.));
#6712 = DIRECTION('',(1.,0.,0.));
#6713 = DIRECTION('',(0.,0.,1.));
#6714 = ADVANCED_FACE('',(#6715),#6733,.T.);
#6715 = FACE_BOUND('',#6716,.T.);
#6716 = EDGE_LOOP('',(#6717,#6718,#6726,#6732));
#6717 = ORIENTED_EDGE('',*,*,#6641,.F.);
#6718 = ORIENTED_EDGE('',*,*,#6719,.T.);
#6719 = EDGE_CURVE('',#6634,#6720,#6722,.T.);
#6720 = VERTEX_POINT('',#6721);
#6721 = CARTESIAN_POINT('',(60.,310.,998.));
#6722 = LINE('',#6723,#6724);
#6723 = CARTESIAN_POINT('',(60.,310.,995.));
#6724 = VECTOR('',#6725,1.);
#6725 = DIRECTION('',(0.,0.,1.));
#6726 = ORIENTED_EDGE('',*,*,#6727,.T.);
#6727 = EDGE_CURVE('',#6720,#6697,#6728,.T.);
#6728 = LINE('',#6729,#6730);
#6729 = CARTESIAN_POINT('',(60.,310.,998.));
#6730 = VECTOR('',#6731,1.);
#6731 = DIRECTION('',(1.,0.,0.));
#6732 = ORIENTED_EDGE('',*,*,#6696,.F.);
#6733 = PLANE('',#6734);
#6734 = AXIS2_PLACEMENT_3D('',#6735,#6736,#6737);
#6735 = CARTESIAN_POINT('',(60.,310.,995.));
#6736 = DIRECTION('',(0.,1.,0.));
#6737 = DIRECTION('',(0.,0.,1.));
#6738 = ADVANCED_FACE('',(#6739),#6750,.F.);
#6739 = FACE_BOUND('',#6740,.F.);
#6740 = EDGE_LOOP('',(#6741,#6742,#6743,#6744));
#6741 = ORIENTED_EDGE('',*,*,#6664,.F.);
#6742 = ORIENTED_EDGE('',*,*,#6633,.T.);
#6743 = ORIENTED_EDGE('',*,*,#6719,.T.);
#6744 = ORIENTED_EDGE('',*,*,#6745,.F.);
#6745 = EDGE_CURVE('',#6665,#6720,#6746,.T.);
#6746 = LINE('',#6747,#6748);
#6747 = CARTESIAN_POINT('',(60.,40.,998.));
#6748 = VECTOR('',#6749,1.);
#6749 = DIRECTION('',(0.,1.,0.));
#6750 = PLANE('',#6751);
#6751 = AXIS2_PLACEMENT_3D('',#6752,#6753,#6754);
#6752 = CARTESIAN_POINT('',(60.,40.,995.));
#6753 = DIRECTION('',(1.,0.,0.));
#6754 = DIRECTION('',(0.,0.,1.));
#6755 = ADVANCED_FACE('',(#6756),#6762,.T.);
#6756 = FACE_BOUND('',#6757,.T.);
#6757 = EDGE_LOOP('',(#6758,#6759,#6760,#6761));
#6758 = ORIENTED_EDGE('',*,*,#6745,.F.);
#6759 = ORIENTED_EDGE('',*,*,#6672,.T.);
#6760 = ORIENTED_EDGE('',*,*,#6704,.T.);
#6761 = ORIENTED_EDGE('',*,*,#6727,.F.);
#6762 = PLANE('',#6763);
#6763 = AXIS2_PLACEMENT_3D('',#6764,#6765,#6766);
#6764 = CARTESIAN_POINT('',(60.,40.,998.));
#6765 = DIRECTION('',(0.,0.,1.));
#6766 = DIRECTION('',(1.,0.,0.));
#6767 = ADVANCED_FACE('',(#6768),#6786,.T.);
#6768 = FACE_BOUND('',#6769,.T.);
#6769 = EDGE_LOOP('',(#6770,#6771,#6772,#6780));
#6770 = ORIENTED_EDGE('',*,*,#6598,.T.);
#6771 = ORIENTED_EDGE('',*,*,#6559,.F.);
#6772 = ORIENTED_EDGE('',*,*,#6773,.F.);
#6773 = EDGE_CURVE('',#6774,#6552,#6776,.T.);
#6774 = VERTEX_POINT('',#6775);
#6775 = CARTESIAN_POINT('',(-18.,-18.,978.));
#6776 = LINE('',#6777,#6778);
#6777 = CARTESIAN_POINT('',(-18.,-18.,978.));
#6778 = VECTOR('',#6779,1.);
#6779 = DIRECTION('',(0.,1.,0.));
#6780 = ORIENTED_EDGE('',*,*,#6781,.T.);
#6781 = EDGE_CURVE('',#6774,#6599,#6782,.T.);
#6782 = LINE('',#6783,#6784);
#6783 = CARTESIAN_POINT('',(-18.,-18.,978.));
#6784 = VECTOR('',#6785,1.);
#6785 = DIRECTION('',(0.,0.,1.));
#6786 = PLANE('',#6787);
#6787 = AXIS2_PLACEMENT_3D('',#6788,#6789,#6790);
#6788 = CARTESIAN_POINT('',(-18.,175.,986.5));
#6789 = DIRECTION('',(-1.,-0.,-0.));
#6790 = DIRECTION('',(0.,0.,-1.));
#6791 = ADVANCED_FACE('',(#6792),#6810,.T.);
#6792 = FACE_BOUND('',#6793,.T.);
#6793 = EDGE_LOOP('',(#6794,#6795,#6796,#6804));
#6794 = ORIENTED_EDGE('',*,*,#6606,.F.);
#6795 = ORIENTED_EDGE('',*,*,#6781,.F.);
#6796 = ORIENTED_EDGE('',*,*,#6797,.T.);
#6797 = EDGE_CURVE('',#6774,#6798,#6800,.T.);
#6798 = VERTEX_POINT('',#6799);
#6799 = CARTESIAN_POINT('',(428.,-18.,978.));
#6800 = LINE('',#6801,#6802);
#6801 = CARTESIAN_POINT('',(-18.,-18.,978.));
#6802 = VECTOR('',#6803,1.);
#6803 = DIRECTION('',(1.,0.,0.));
#6804 = ORIENTED_EDGE('',*,*,#6805,.T.);
#6805 = EDGE_CURVE('',#6798,#6607,#6806,.T.);
#6806 = LINE('',#6807,#6808);
#6807 = CARTESIAN_POINT('',(428.,-18.,978.));
#6808 = VECTOR('',#6809,1.);
#6809 = DIRECTION('',(0.,0.,1.));
#6810 = PLANE('',#6811);
#6811 = AXIS2_PLACEMENT_3D('',#6812,#6813,#6814);
#6812 = CARTESIAN_POINT('',(205.,-18.,986.5));
#6813 = DIRECTION('',(-0.,-1.,-0.));
#6814 = DIRECTION('',(0.,0.,-1.));
#6815 = ADVANCED_FACE('',(#6816),#6827,.T.);
#6816 = FACE_BOUND('',#6817,.T.);
#6817 = EDGE_LOOP('',(#6818,#6819,#6825,#6826));
#6818 = ORIENTED_EDGE('',*,*,#6805,.F.);
#6819 = ORIENTED_EDGE('',*,*,#6820,.T.);
#6820 = EDGE_CURVE('',#6798,#6576,#6821,.T.);
#6821 = LINE('',#6822,#6823);
#6822 = CARTESIAN_POINT('',(428.,-18.,978.));
#6823 = VECTOR('',#6824,1.);
#6824 = DIRECTION('',(0.,1.,0.));
#6825 = ORIENTED_EDGE('',*,*,#6575,.T.);
#6826 = ORIENTED_EDGE('',*,*,#6614,.F.);
#6827 = PLANE('',#6828);
#6828 = AXIS2_PLACEMENT_3D('',#6829,#6830,#6831);
#6829 = CARTESIAN_POINT('',(428.,175.,986.5));
#6830 = DIRECTION('',(1.,0.,0.));
#6831 = DIRECTION('',(0.,0.,1.));
#6832 = ADVANCED_FACE('',(#6833),#6843,.T.);
#6833 = FACE_BOUND('',#6834,.T.);
#6834 = EDGE_LOOP('',(#6835,#6836,#6837,#6838,#6839,#6840,#6841,#6842));
#6835 = ORIENTED_EDGE('',*,*,#6773,.T.);
#6836 = ORIENTED_EDGE('',*,*,#6551,.T.);
#6837 = ORIENTED_EDGE('',*,*,#6478,.F.);
#6838 = ORIENTED_EDGE('',*,*,#6532,.T.);
#6839 = ORIENTED_EDGE('',*,*,#6509,.T.);
#6840 = ORIENTED_EDGE('',*,*,#6583,.T.);
#6841 = ORIENTED_EDGE('',*,*,#6820,.F.);
#6842 = ORIENTED_EDGE('',*,*,#6797,.F.);
#6843 = PLANE('',#6844);
#6844 = AXIS2_PLACEMENT_3D('',#6845,#6846,#6847);
#6845 = CARTESIAN_POINT('',(205.,105.52631578947,978.));
#6846 = DIRECTION('',(-0.,-0.,-1.));
#6847 = DIRECTION('',(-1.,0.,0.));
#6848 = MANIFOLD_SOLID_BREP('',#6849);
#6849 = CLOSED_SHELL('',(#6850,#6891,#6922,#6953,#6984,#7001,#7019,#7182
    ,#7198,#7237,#7248,#7271,#7302,#7326,#7350,#7373,#7404,#7420,#7443,
    #7467,#7498,#7530,#7546,#7569,#7601,#7625,#7642,#7665,#7681,#7705,
    #7728,#7745,#7757,#7784,#7800,#7831,#7856,#7888,#7912,#7937,#7954,
    #7971,#8002,#8019,#8037,#8062,#8078,#8103,#8120,#8132,#8149));
#6850 = ADVANCED_FACE('',(#6851),#6886,.F.);
#6851 = FACE_BOUND('',#6852,.F.);
#6852 = EDGE_LOOP('',(#6853,#6863,#6871,#6879));
#6853 = ORIENTED_EDGE('',*,*,#6854,.F.);
#6854 = EDGE_CURVE('',#6855,#6857,#6859,.T.);
#6855 = VERTEX_POINT('',#6856);
#6856 = CARTESIAN_POINT('',(70.,366.,992.));
#6857 = VERTEX_POINT('',#6858);
#6858 = CARTESIAN_POINT('',(70.,366.,994.53589838486));
#6859 = LINE('',#6860,#6861);
#6860 = CARTESIAN_POINT('',(70.,366.,992.));
#6861 = VECTOR('',#6862,1.);
#6862 = DIRECTION('',(0.,0.,1.));
#6863 = ORIENTED_EDGE('',*,*,#6864,.T.);
#6864 = EDGE_CURVE('',#6855,#6865,#6867,.T.);
#6865 = VERTEX_POINT('',#6866);
#6866 = CARTESIAN_POINT('',(70.,370.,992.));
#6867 = LINE('',#6868,#6869);
#6868 = CARTESIAN_POINT('',(70.,366.,992.));
#6869 = VECTOR('',#6870,1.);
#6870 = DIRECTION('',(0.,1.,0.));
#6871 = ORIENTED_EDGE('',*,*,#6872,.T.);
#6872 = EDGE_CURVE('',#6865,#6873,#6875,.T.);
#6873 = VERTEX_POINT('',#6874);
#6874 = CARTESIAN_POINT('',(70.,370.,994.53589838486));
#6875 = LINE('',#6876,#6877);
#6876 = CARTESIAN_POINT('',(70.,370.,992.));
#6877 = VECTOR('',#6878,1.);
#6878 = DIRECTION('',(0.,0.,1.));
#6879 = ORIENTED_EDGE('',*,*,#6880,.F.);
#6880 = EDGE_CURVE('',#6857,#6873,#6881,.T.);
#6881 = CIRCLE('',#6882,4.);
#6882 = AXIS2_PLACEMENT_3D('',#6883,#6884,#6885);
#6883 = CARTESIAN_POINT('',(70.,368.,998.));
#6884 = DIRECTION('',(1.,0.,-0.));
#6885 = DIRECTION('',(0.,0.,1.));
#6886 = PLANE('',#6887);
#6887 = AXIS2_PLACEMENT_3D('',#6888,#6889,#6890);
#6888 = CARTESIAN_POINT('',(70.,366.,992.));
#6889 = DIRECTION('',(1.,0.,0.));
#6890 = DIRECTION('',(0.,0.,1.));
#6891 = ADVANCED_FACE('',(#6892),#6917,.F.);
#6892 = FACE_BOUND('',#6893,.F.);
#6893 = EDGE_LOOP('',(#6894,#6904,#6910,#6911));
#6894 = ORIENTED_EDGE('',*,*,#6895,.F.);
#6895 = EDGE_CURVE('',#6896,#6898,#6900,.T.);
#6896 = VERTEX_POINT('',#6897);
#6897 = CARTESIAN_POINT('',(150.,366.,992.));
#6898 = VERTEX_POINT('',#6899);
#6899 = CARTESIAN_POINT('',(150.,366.,994.53589838486));
#6900 = LINE('',#6901,#6902);
#6901 = CARTESIAN_POINT('',(150.,366.,992.));
#6902 = VECTOR('',#6903,1.);
#6903 = DIRECTION('',(0.,0.,1.));
#6904 = ORIENTED_EDGE('',*,*,#6905,.F.);
#6905 = EDGE_CURVE('',#6855,#6896,#6906,.T.);
#6906 = LINE('',#6907,#6908);
#6907 = CARTESIAN_POINT('',(70.,366.,992.));
#6908 = VECTOR('',#6909,1.);
#6909 = DIRECTION('',(1.,0.,0.));
#6910 = ORIENTED_EDGE('',*,*,#6854,.T.);
#6911 = ORIENTED_EDGE('',*,*,#6912,.T.);
#6912 = EDGE_CURVE('',#6857,#6898,#6913,.T.);
#6913 = LINE('',#6914,#6915);
#6914 = CARTESIAN_POINT('',(70.,366.,994.53589838486));
#6915 = VECTOR('',#6916,1.);
#6916 = DIRECTION('',(1.,0.,0.));
#6917 = PLANE('',#6918);
#6918 = AXIS2_PLACEMENT_3D('',#6919,#6920,#6921);
#6919 = CARTESIAN_POINT('',(70.,366.,992.));
#6920 = DIRECTION('',(0.,1.,0.));
#6921 = DIRECTION('',(0.,0.,1.));
#6922 = ADVANCED_FACE('',(#6923),#6948,.F.);
#6923 = FACE_BOUND('',#6924,.F.);
#6924 = EDGE_LOOP('',(#6925,#6933,#6934,#6942));
#6925 = ORIENTED_EDGE('',*,*,#6926,.F.);
#6926 = EDGE_CURVE('',#6857,#6927,#6929,.T.);
#6927 = VERTEX_POINT('',#6928);
#6928 = CARTESIAN_POINT('',(70.,366.,998.));
#6929 = LINE('',#6930,#6931);
#6930 = CARTESIAN_POINT('',(70.,366.,992.));
#6931 = VECTOR('',#6932,1.);
#6932 = DIRECTION('',(0.,0.,1.));
#6933 = ORIENTED_EDGE('',*,*,#6880,.T.);
#6934 = ORIENTED_EDGE('',*,*,#6935,.T.);
#6935 = EDGE_CURVE('',#6873,#6936,#6938,.T.);
#6936 = VERTEX_POINT('',#6937);
#6937 = CARTESIAN_POINT('',(70.,370.,998.));
#6938 = LINE('',#6939,#6940);
#6939 = CARTESIAN_POINT('',(70.,370.,992.));
#6940 = VECTOR('',#6941,1.);
#6941 = DIRECTION('',(0.,0.,1.));
#6942 = ORIENTED_EDGE('',*,*,#6943,.F.);
#6943 = EDGE_CURVE('',#6927,#6936,#6944,.T.);
#6944 = LINE('',#6945,#6946);
#6945 = CARTESIAN_POINT('',(70.,362.,998.));
#6946 = VECTOR('',#6947,1.);
#6947 = DIRECTION('',(0.,1.,0.));
#6948 = PLANE('',#6949);
#6949 = AXIS2_PLACEMENT_3D('',#6950,#6951,#6952);
#6950 = CARTESIAN_POINT('',(70.,366.,992.));
#6951 = DIRECTION('',(1.,0.,0.));
#6952 = DIRECTION('',(0.,0.,1.));
#6953 = ADVANCED_FACE('',(#6954),#6979,.T.);
#6954 = FACE_BOUND('',#6955,.T.);
#6955 = EDGE_LOOP('',(#6956,#6966,#6972,#6973));
#6956 = ORIENTED_EDGE('',*,*,#6957,.F.);
#6957 = EDGE_CURVE('',#6958,#6960,#6962,.T.);
#6958 = VERTEX_POINT('',#6959);
#6959 = CARTESIAN_POINT('',(150.,370.,992.));
#6960 = VERTEX_POINT('',#6961);
#6961 = CARTESIAN_POINT('',(150.,370.,994.53589838486));
#6962 = LINE('',#6963,#6964);
#6963 = CARTESIAN_POINT('',(150.,370.,992.));
#6964 = VECTOR('',#6965,1.);
#6965 = DIRECTION('',(0.,0.,1.));
#6966 = ORIENTED_EDGE('',*,*,#6967,.F.);
#6967 = EDGE_CURVE('',#6865,#6958,#6968,.T.);
#6968 = LINE('',#6969,#6970);
#6969 = CARTESIAN_POINT('',(70.,370.,992.));
#6970 = VECTOR('',#6971,1.);
#6971 = DIRECTION('',(1.,0.,0.));
#6972 = ORIENTED_EDGE('',*,*,#6872,.T.);
#6973 = ORIENTED_EDGE('',*,*,#6974,.T.);
#6974 = EDGE_CURVE('',#6873,#6960,#6975,.T.);
#6975 = LINE('',#6976,#6977);
#6976 = CARTESIAN_POINT('',(70.,370.,994.53589838486));
#6977 = VECTOR('',#6978,1.);
#6978 = DIRECTION('',(1.,0.,0.));
#6979 = PLANE('',#6980);
#6980 = AXIS2_PLACEMENT_3D('',#6981,#6982,#6983);
#6981 = CARTESIAN_POINT('',(70.,370.,992.));
#6982 = DIRECTION('',(0.,1.,0.));
#6983 = DIRECTION('',(0.,0.,1.));
#6984 = ADVANCED_FACE('',(#6985),#6996,.F.);
#6985 = FACE_BOUND('',#6986,.F.);
#6986 = EDGE_LOOP('',(#6987,#6988,#6989,#6995));
#6987 = ORIENTED_EDGE('',*,*,#6864,.F.);
#6988 = ORIENTED_EDGE('',*,*,#6905,.T.);
#6989 = ORIENTED_EDGE('',*,*,#6990,.T.);
#6990 = EDGE_CURVE('',#6896,#6958,#6991,.T.);
#6991 = LINE('',#6992,#6993);
#6992 = CARTESIAN_POINT('',(150.,366.,992.));
#6993 = VECTOR('',#6994,1.);
#6994 = DIRECTION('',(0.,1.,0.));
#6995 = ORIENTED_EDGE('',*,*,#6967,.F.);
#6996 = PLANE('',#6997);
#6997 = AXIS2_PLACEMENT_3D('',#6998,#6999,#7000);
#6998 = CARTESIAN_POINT('',(70.,366.,992.));
#6999 = DIRECTION('',(0.,0.,1.));
#7000 = DIRECTION('',(1.,0.,0.));
#7001 = ADVANCED_FACE('',(#7002),#7014,.T.);
#7002 = FACE_BOUND('',#7003,.T.);
#7003 = EDGE_LOOP('',(#7004,#7005,#7006,#7007));
#7004 = ORIENTED_EDGE('',*,*,#6895,.F.);
#7005 = ORIENTED_EDGE('',*,*,#6990,.T.);
#7006 = ORIENTED_EDGE('',*,*,#6957,.T.);
#7007 = ORIENTED_EDGE('',*,*,#7008,.F.);
#7008 = EDGE_CURVE('',#6898,#6960,#7009,.T.);
#7009 = CIRCLE('',#7010,4.);
#7010 = AXIS2_PLACEMENT_3D('',#7011,#7012,#7013);
#7011 = CARTESIAN_POINT('',(150.,368.,998.));
#7012 = DIRECTION('',(1.,0.,-0.));
#7013 = DIRECTION('',(0.,0.,1.));
#7014 = PLANE('',#7015);
#7015 = AXIS2_PLACEMENT_3D('',#7016,#7017,#7018);
#7016 = CARTESIAN_POINT('',(150.,366.,992.));
#7017 = DIRECTION('',(1.,0.,0.));
#7018 = DIRECTION('',(0.,0.,1.));
#7019 = ADVANCED_FACE('',(#7020),#7177,.T.);
#7020 = FACE_BOUND('',#7021,.T.);
#7021 = EDGE_LOOP('',(#7022,#7033,#7041,#7050,#7059,#7067,#7076,#7085,
    #7093,#7100,#7101,#7102,#7103,#7112,#7120,#7127,#7128,#7137,#7145,
    #7154,#7162,#7171));
#7022 = ORIENTED_EDGE('',*,*,#7023,.F.);
#7023 = EDGE_CURVE('',#7024,#7026,#7028,.T.);
#7024 = VERTEX_POINT('',#7025);
#7025 = CARTESIAN_POINT('',(340.,364.,998.));
#7026 = VERTEX_POINT('',#7027);
#7027 = CARTESIAN_POINT('',(340.,366.,994.53589838486));
#7028 = CIRCLE('',#7029,4.);
#7029 = AXIS2_PLACEMENT_3D('',#7030,#7031,#7032);
#7030 = CARTESIAN_POINT('',(340.,368.,998.));
#7031 = DIRECTION('',(1.,0.,-0.));
#7032 = DIRECTION('',(0.,0.,1.));
#7033 = ORIENTED_EDGE('',*,*,#7034,.F.);
#7034 = EDGE_CURVE('',#7035,#7024,#7037,.T.);
#7035 = VERTEX_POINT('',#7036);
#7036 = CARTESIAN_POINT('',(260.,364.,998.));
#7037 = LINE('',#7038,#7039);
#7038 = CARTESIAN_POINT('',(70.,364.,998.));
#7039 = VECTOR('',#7040,1.);
#7040 = DIRECTION('',(1.,0.,0.));
#7041 = ORIENTED_EDGE('',*,*,#7042,.F.);
#7042 = EDGE_CURVE('',#7043,#7035,#7045,.T.);
#7043 = VERTEX_POINT('',#7044);
#7044 = CARTESIAN_POINT('',(260.,366.,1.001464101615E+03));
#7045 = CIRCLE('',#7046,4.);
#7046 = AXIS2_PLACEMENT_3D('',#7047,#7048,#7049);
#7047 = CARTESIAN_POINT('',(260.,368.,998.));
#7048 = DIRECTION('',(1.,0.,-0.));
#7049 = DIRECTION('',(0.,0.,1.));
#7050 = ORIENTED_EDGE('',*,*,#7051,.F.);
#7051 = EDGE_CURVE('',#7052,#7043,#7054,.T.);
#7052 = VERTEX_POINT('',#7053);
#7053 = CARTESIAN_POINT('',(260.,368.,1.002E+03));
#7054 = CIRCLE('',#7055,4.);
#7055 = AXIS2_PLACEMENT_3D('',#7056,#7057,#7058);
#7056 = CARTESIAN_POINT('',(260.,368.,998.));
#7057 = DIRECTION('',(1.,0.,-0.));
#7058 = DIRECTION('',(0.,0.,1.));
#7059 = ORIENTED_EDGE('',*,*,#7060,.F.);
#7060 = EDGE_CURVE('',#7061,#7052,#7063,.T.);
#7061 = VERTEX_POINT('',#7062);
#7062 = CARTESIAN_POINT('',(150.,368.,1.002E+03));
#7063 = LINE('',#7064,#7065);
#7064 = CARTESIAN_POINT('',(70.,368.,1.002E+03));
#7065 = VECTOR('',#7066,1.);
#7066 = DIRECTION('',(1.,0.,0.));
#7067 = ORIENTED_EDGE('',*,*,#7068,.T.);
#7068 = EDGE_CURVE('',#7061,#7069,#7071,.T.);
#7069 = VERTEX_POINT('',#7070);
#7070 = CARTESIAN_POINT('',(150.,366.,1.001464101615E+03));
#7071 = CIRCLE('',#7072,4.);
#7072 = AXIS2_PLACEMENT_3D('',#7073,#7074,#7075);
#7073 = CARTESIAN_POINT('',(150.,368.,998.));
#7074 = DIRECTION('',(1.,0.,-0.));
#7075 = DIRECTION('',(0.,0.,1.));
#7076 = ORIENTED_EDGE('',*,*,#7077,.T.);
#7077 = EDGE_CURVE('',#7069,#7078,#7080,.T.);
#7078 = VERTEX_POINT('',#7079);
#7079 = CARTESIAN_POINT('',(150.,364.,998.));
#7080 = CIRCLE('',#7081,4.);
#7081 = AXIS2_PLACEMENT_3D('',#7082,#7083,#7084);
#7082 = CARTESIAN_POINT('',(150.,368.,998.));
#7083 = DIRECTION('',(1.,0.,-0.));
#7084 = DIRECTION('',(0.,0.,1.));
#7085 = ORIENTED_EDGE('',*,*,#7086,.F.);
#7086 = EDGE_CURVE('',#7087,#7078,#7089,.T.);
#7087 = VERTEX_POINT('',#7088);
#7088 = CARTESIAN_POINT('',(70.,364.,998.));
#7089 = LINE('',#7090,#7091);
#7090 = CARTESIAN_POINT('',(70.,364.,998.));
#7091 = VECTOR('',#7092,1.);
#7092 = DIRECTION('',(1.,0.,0.));
#7093 = ORIENTED_EDGE('',*,*,#7094,.T.);
#7094 = EDGE_CURVE('',#7087,#6857,#7095,.T.);
#7095 = CIRCLE('',#7096,4.);
#7096 = AXIS2_PLACEMENT_3D('',#7097,#7098,#7099);
#7097 = CARTESIAN_POINT('',(70.,368.,998.));
#7098 = DIRECTION('',(1.,0.,-0.));
#7099 = DIRECTION('',(0.,0.,1.));
#7100 = ORIENTED_EDGE('',*,*,#6912,.T.);
#7101 = ORIENTED_EDGE('',*,*,#7008,.T.);
#7102 = ORIENTED_EDGE('',*,*,#6974,.F.);
#7103 = ORIENTED_EDGE('',*,*,#7104,.T.);
#7104 = EDGE_CURVE('',#6873,#7105,#7107,.T.);
#7105 = VERTEX_POINT('',#7106);
#7106 = CARTESIAN_POINT('',(70.,370.,1.001464101615E+03));
#7107 = CIRCLE('',#7108,4.);
#7108 = AXIS2_PLACEMENT_3D('',#7109,#7110,#7111);
#7109 = CARTESIAN_POINT('',(70.,368.,998.));
#7110 = DIRECTION('',(1.,0.,-0.));
#7111 = DIRECTION('',(0.,0.,1.));
#7112 = ORIENTED_EDGE('',*,*,#7113,.T.);
#7113 = EDGE_CURVE('',#7105,#7114,#7116,.T.);
#7114 = VERTEX_POINT('',#7115);
#7115 = CARTESIAN_POINT('',(150.,370.,1.001464101615E+03));
#7116 = LINE('',#7117,#7118);
#7117 = CARTESIAN_POINT('',(70.,370.,1.001464101615E+03));
#7118 = VECTOR('',#7119,1.);
#7119 = DIRECTION('',(1.,0.,0.));
#7120 = ORIENTED_EDGE('',*,*,#7121,.T.);
#7121 = EDGE_CURVE('',#7114,#7061,#7122,.T.);
#7122 = CIRCLE('',#7123,4.);
#7123 = AXIS2_PLACEMENT_3D('',#7124,#7125,#7126);
#7124 = CARTESIAN_POINT('',(150.,368.,998.));
#7125 = DIRECTION('',(1.,0.,-0.));
#7126 = DIRECTION('',(0.,0.,1.));
#7127 = ORIENTED_EDGE('',*,*,#7060,.T.);
#7128 = ORIENTED_EDGE('',*,*,#7129,.F.);
#7129 = EDGE_CURVE('',#7130,#7052,#7132,.T.);
#7130 = VERTEX_POINT('',#7131);
#7131 = CARTESIAN_POINT('',(260.,370.,1.001464101615E+03));
#7132 = CIRCLE('',#7133,4.);
#7133 = AXIS2_PLACEMENT_3D('',#7134,#7135,#7136);
#7134 = CARTESIAN_POINT('',(260.,368.,998.));
#7135 = DIRECTION('',(1.,0.,-0.));
#7136 = DIRECTION('',(0.,0.,1.));
#7137 = ORIENTED_EDGE('',*,*,#7138,.T.);
#7138 = EDGE_CURVE('',#7130,#7139,#7141,.T.);
#7139 = VERTEX_POINT('',#7140);
#7140 = CARTESIAN_POINT('',(340.,370.,1.001464101615E+03));
#7141 = LINE('',#7142,#7143);
#7142 = CARTESIAN_POINT('',(70.,370.,1.001464101615E+03));
#7143 = VECTOR('',#7144,1.);
#7144 = DIRECTION('',(1.,0.,0.));
#7145 = ORIENTED_EDGE('',*,*,#7146,.F.);
#7146 = EDGE_CURVE('',#7147,#7139,#7149,.T.);
#7147 = VERTEX_POINT('',#7148);
#7148 = CARTESIAN_POINT('',(340.,370.,994.53589838486));
#7149 = CIRCLE('',#7150,4.);
#7150 = AXIS2_PLACEMENT_3D('',#7151,#7152,#7153);
#7151 = CARTESIAN_POINT('',(340.,368.,998.));
#7152 = DIRECTION('',(1.,0.,-0.));
#7153 = DIRECTION('',(0.,0.,1.));
#7154 = ORIENTED_EDGE('',*,*,#7155,.F.);
#7155 = EDGE_CURVE('',#7156,#7147,#7158,.T.);
#7156 = VERTEX_POINT('',#7157);
#7157 = CARTESIAN_POINT('',(260.,370.,994.53589838486));
#7158 = LINE('',#7159,#7160);
#7159 = CARTESIAN_POINT('',(70.,370.,994.53589838486));
#7160 = VECTOR('',#7161,1.);
#7161 = DIRECTION('',(1.,0.,0.));
#7162 = ORIENTED_EDGE('',*,*,#7163,.F.);
#7163 = EDGE_CURVE('',#7164,#7156,#7166,.T.);
#7164 = VERTEX_POINT('',#7165);
#7165 = CARTESIAN_POINT('',(260.,366.,994.53589838486));
#7166 = CIRCLE('',#7167,4.);
#7167 = AXIS2_PLACEMENT_3D('',#7168,#7169,#7170);
#7168 = CARTESIAN_POINT('',(260.,368.,998.));
#7169 = DIRECTION('',(1.,0.,-0.));
#7170 = DIRECTION('',(0.,0.,1.));
#7171 = ORIENTED_EDGE('',*,*,#7172,.T.);
#7172 = EDGE_CURVE('',#7164,#7026,#7173,.T.);
#7173 = LINE('',#7174,#7175);
#7174 = CARTESIAN_POINT('',(70.,366.,994.53589838486));
#7175 = VECTOR('',#7176,1.);
#7176 = DIRECTION('',(1.,0.,0.));
#7177 = CYLINDRICAL_SURFACE('',#7178,4.);
#7178 = AXIS2_PLACEMENT_3D('',#7179,#7180,#7181);
#7179 = CARTESIAN_POINT('',(70.,368.,998.));
#7180 = DIRECTION('',(1.,0.,0.));
#7181 = DIRECTION('',(0.,0.,1.));
#7182 = ADVANCED_FACE('',(#7183),#7193,.F.);
#7183 = FACE_BOUND('',#7184,.F.);
#7184 = EDGE_LOOP('',(#7185,#7186,#7187));
#7185 = ORIENTED_EDGE('',*,*,#7094,.T.);
#7186 = ORIENTED_EDGE('',*,*,#6926,.T.);
#7187 = ORIENTED_EDGE('',*,*,#7188,.F.);
#7188 = EDGE_CURVE('',#7087,#6927,#7189,.T.);
#7189 = LINE('',#7190,#7191);
#7190 = CARTESIAN_POINT('',(70.,362.,998.));
#7191 = VECTOR('',#7192,1.);
#7192 = DIRECTION('',(0.,1.,0.));
#7193 = PLANE('',#7194);
#7194 = AXIS2_PLACEMENT_3D('',#7195,#7196,#7197);
#7195 = CARTESIAN_POINT('',(70.,368.,998.));
#7196 = DIRECTION('',(1.,0.,0.));
#7197 = DIRECTION('',(0.,0.,1.));
#7198 = ADVANCED_FACE('',(#7199),#7232,.F.);
#7199 = FACE_BOUND('',#7200,.F.);
#7200 = EDGE_LOOP('',(#7201,#7209,#7210,#7216,#7225));
#7201 = ORIENTED_EDGE('',*,*,#7202,.F.);
#7202 = EDGE_CURVE('',#6927,#7203,#7205,.T.);
#7203 = VERTEX_POINT('',#7204);
#7204 = CARTESIAN_POINT('',(70.,366.,1.001464101615E+03));
#7205 = LINE('',#7206,#7207);
#7206 = CARTESIAN_POINT('',(70.,366.,992.));
#7207 = VECTOR('',#7208,1.);
#7208 = DIRECTION('',(0.,0.,1.));
#7209 = ORIENTED_EDGE('',*,*,#6943,.T.);
#7210 = ORIENTED_EDGE('',*,*,#7211,.T.);
#7211 = EDGE_CURVE('',#6936,#7105,#7212,.T.);
#7212 = LINE('',#7213,#7214);
#7213 = CARTESIAN_POINT('',(70.,370.,992.));
#7214 = VECTOR('',#7215,1.);
#7215 = DIRECTION('',(0.,0.,1.));
#7216 = ORIENTED_EDGE('',*,*,#7217,.T.);
#7217 = EDGE_CURVE('',#7105,#7218,#7220,.T.);
#7218 = VERTEX_POINT('',#7219);
#7219 = CARTESIAN_POINT('',(70.,368.,1.002E+03));
#7220 = CIRCLE('',#7221,4.);
#7221 = AXIS2_PLACEMENT_3D('',#7222,#7223,#7224);
#7222 = CARTESIAN_POINT('',(70.,368.,998.));
#7223 = DIRECTION('',(1.,0.,-0.));
#7224 = DIRECTION('',(0.,0.,1.));
#7225 = ORIENTED_EDGE('',*,*,#7226,.T.);
#7226 = EDGE_CURVE('',#7218,#7203,#7227,.T.);
#7227 = CIRCLE('',#7228,4.);
#7228 = AXIS2_PLACEMENT_3D('',#7229,#7230,#7231);
#7229 = CARTESIAN_POINT('',(70.,368.,998.));
#7230 = DIRECTION('',(1.,0.,-0.));
#7231 = DIRECTION('',(0.,0.,1.));
#7232 = PLANE('',#7233);
#7233 = AXIS2_PLACEMENT_3D('',#7234,#7235,#7236);
#7234 = CARTESIAN_POINT('',(70.,366.,992.));
#7235 = DIRECTION('',(1.,0.,0.));
#7236 = DIRECTION('',(0.,0.,1.));
#7237 = ADVANCED_FACE('',(#7238),#7243,.F.);
#7238 = FACE_BOUND('',#7239,.F.);
#7239 = EDGE_LOOP('',(#7240,#7241,#7242));
#7240 = ORIENTED_EDGE('',*,*,#7104,.T.);
#7241 = ORIENTED_EDGE('',*,*,#7211,.F.);
#7242 = ORIENTED_EDGE('',*,*,#6935,.F.);
#7243 = PLANE('',#7244);
#7244 = AXIS2_PLACEMENT_3D('',#7245,#7246,#7247);
#7245 = CARTESIAN_POINT('',(70.,368.,998.));
#7246 = DIRECTION('',(1.,0.,0.));
#7247 = DIRECTION('',(0.,0.,1.));
#7248 = ADVANCED_FACE('',(#7249),#7266,.T.);
#7249 = FACE_BOUND('',#7250,.T.);
#7250 = EDGE_LOOP('',(#7251,#7252,#7260));
#7251 = ORIENTED_EDGE('',*,*,#7023,.T.);
#7252 = ORIENTED_EDGE('',*,*,#7253,.T.);
#7253 = EDGE_CURVE('',#7026,#7254,#7256,.T.);
#7254 = VERTEX_POINT('',#7255);
#7255 = CARTESIAN_POINT('',(340.,366.,998.));
#7256 = LINE('',#7257,#7258);
#7257 = CARTESIAN_POINT('',(340.,366.,992.));
#7258 = VECTOR('',#7259,1.);
#7259 = DIRECTION('',(0.,0.,1.));
#7260 = ORIENTED_EDGE('',*,*,#7261,.F.);
#7261 = EDGE_CURVE('',#7024,#7254,#7262,.T.);
#7262 = LINE('',#7263,#7264);
#7263 = CARTESIAN_POINT('',(340.,362.,998.));
#7264 = VECTOR('',#7265,1.);
#7265 = DIRECTION('',(0.,1.,0.));
#7266 = PLANE('',#7267);
#7267 = AXIS2_PLACEMENT_3D('',#7268,#7269,#7270);
#7268 = CARTESIAN_POINT('',(340.,368.,998.));
#7269 = DIRECTION('',(1.,0.,0.));
#7270 = DIRECTION('',(0.,0.,1.));
#7271 = ADVANCED_FACE('',(#7272),#7297,.F.);
#7272 = FACE_BOUND('',#7273,.F.);
#7273 = EDGE_LOOP('',(#7274,#7282,#7290,#7296));
#7274 = ORIENTED_EDGE('',*,*,#7275,.F.);
#7275 = EDGE_CURVE('',#7276,#7026,#7278,.T.);
#7276 = VERTEX_POINT('',#7277);
#7277 = CARTESIAN_POINT('',(340.,366.,992.));
#7278 = LINE('',#7279,#7280);
#7279 = CARTESIAN_POINT('',(340.,366.,992.));
#7280 = VECTOR('',#7281,1.);
#7281 = DIRECTION('',(0.,0.,1.));
#7282 = ORIENTED_EDGE('',*,*,#7283,.F.);
#7283 = EDGE_CURVE('',#7284,#7276,#7286,.T.);
#7284 = VERTEX_POINT('',#7285);
#7285 = CARTESIAN_POINT('',(260.,366.,992.));
#7286 = LINE('',#7287,#7288);
#7287 = CARTESIAN_POINT('',(260.,366.,992.));
#7288 = VECTOR('',#7289,1.);
#7289 = DIRECTION('',(1.,0.,0.));
#7290 = ORIENTED_EDGE('',*,*,#7291,.T.);
#7291 = EDGE_CURVE('',#7284,#7164,#7292,.T.);
#7292 = LINE('',#7293,#7294);
#7293 = CARTESIAN_POINT('',(260.,366.,992.));
#7294 = VECTOR('',#7295,1.);
#7295 = DIRECTION('',(0.,0.,1.));
#7296 = ORIENTED_EDGE('',*,*,#7172,.T.);
#7297 = PLANE('',#7298);
#7298 = AXIS2_PLACEMENT_3D('',#7299,#7300,#7301);
#7299 = CARTESIAN_POINT('',(260.,366.,992.));
#7300 = DIRECTION('',(0.,1.,0.));
#7301 = DIRECTION('',(0.,0.,1.));
#7302 = ADVANCED_FACE('',(#7303),#7321,.F.);
#7303 = FACE_BOUND('',#7304,.F.);
#7304 = EDGE_LOOP('',(#7305,#7306,#7314,#7320));
#7305 = ORIENTED_EDGE('',*,*,#7291,.F.);
#7306 = ORIENTED_EDGE('',*,*,#7307,.T.);
#7307 = EDGE_CURVE('',#7284,#7308,#7310,.T.);
#7308 = VERTEX_POINT('',#7309);
#7309 = CARTESIAN_POINT('',(260.,370.,992.));
#7310 = LINE('',#7311,#7312);
#7311 = CARTESIAN_POINT('',(260.,366.,992.));
#7312 = VECTOR('',#7313,1.);
#7313 = DIRECTION('',(0.,1.,0.));
#7314 = ORIENTED_EDGE('',*,*,#7315,.T.);
#7315 = EDGE_CURVE('',#7308,#7156,#7316,.T.);
#7316 = LINE('',#7317,#7318);
#7317 = CARTESIAN_POINT('',(260.,370.,992.));
#7318 = VECTOR('',#7319,1.);
#7319 = DIRECTION('',(0.,0.,1.));
#7320 = ORIENTED_EDGE('',*,*,#7163,.F.);
#7321 = PLANE('',#7322);
#7322 = AXIS2_PLACEMENT_3D('',#7323,#7324,#7325);
#7323 = CARTESIAN_POINT('',(260.,366.,992.));
#7324 = DIRECTION('',(1.,0.,0.));
#7325 = DIRECTION('',(0.,0.,1.));
#7326 = ADVANCED_FACE('',(#7327),#7345,.T.);
#7327 = FACE_BOUND('',#7328,.T.);
#7328 = EDGE_LOOP('',(#7329,#7337,#7343,#7344));
#7329 = ORIENTED_EDGE('',*,*,#7330,.F.);
#7330 = EDGE_CURVE('',#7331,#7147,#7333,.T.);
#7331 = VERTEX_POINT('',#7332);
#7332 = CARTESIAN_POINT('',(340.,370.,992.));
#7333 = LINE('',#7334,#7335);
#7334 = CARTESIAN_POINT('',(340.,370.,992.));
#7335 = VECTOR('',#7336,1.);
#7336 = DIRECTION('',(0.,0.,1.));
#7337 = ORIENTED_EDGE('',*,*,#7338,.F.);
#7338 = EDGE_CURVE('',#7308,#7331,#7339,.T.);
#7339 = LINE('',#7340,#7341);
#7340 = CARTESIAN_POINT('',(260.,370.,992.));
#7341 = VECTOR('',#7342,1.);
#7342 = DIRECTION('',(1.,0.,0.));
#7343 = ORIENTED_EDGE('',*,*,#7315,.T.);
#7344 = ORIENTED_EDGE('',*,*,#7155,.T.);
#7345 = PLANE('',#7346);
#7346 = AXIS2_PLACEMENT_3D('',#7347,#7348,#7349);
#7347 = CARTESIAN_POINT('',(260.,370.,992.));
#7348 = DIRECTION('',(0.,1.,0.));
#7349 = DIRECTION('',(0.,0.,1.));
#7350 = ADVANCED_FACE('',(#7351),#7368,.T.);
#7351 = FACE_BOUND('',#7352,.T.);
#7352 = EDGE_LOOP('',(#7353,#7354,#7362));
#7353 = ORIENTED_EDGE('',*,*,#7146,.T.);
#7354 = ORIENTED_EDGE('',*,*,#7355,.F.);
#7355 = EDGE_CURVE('',#7356,#7139,#7358,.T.);
#7356 = VERTEX_POINT('',#7357);
#7357 = CARTESIAN_POINT('',(340.,370.,998.));
#7358 = LINE('',#7359,#7360);
#7359 = CARTESIAN_POINT('',(340.,370.,992.));
#7360 = VECTOR('',#7361,1.);
#7361 = DIRECTION('',(0.,0.,1.));
#7362 = ORIENTED_EDGE('',*,*,#7363,.F.);
#7363 = EDGE_CURVE('',#7147,#7356,#7364,.T.);
#7364 = LINE('',#7365,#7366);
#7365 = CARTESIAN_POINT('',(340.,370.,992.));
#7366 = VECTOR('',#7367,1.);
#7367 = DIRECTION('',(0.,0.,1.));
#7368 = PLANE('',#7369);
#7369 = AXIS2_PLACEMENT_3D('',#7370,#7371,#7372);
#7370 = CARTESIAN_POINT('',(340.,368.,998.));
#7371 = DIRECTION('',(1.,0.,0.));
#7372 = DIRECTION('',(0.,0.,1.));
#7373 = ADVANCED_FACE('',(#7374),#7399,.T.);
#7374 = FACE_BOUND('',#7375,.T.);
#7375 = EDGE_LOOP('',(#7376,#7384,#7385,#7393));
#7376 = ORIENTED_EDGE('',*,*,#7377,.F.);
#7377 = EDGE_CURVE('',#7139,#7378,#7380,.T.);
#7378 = VERTEX_POINT('',#7379);
#7379 = CARTESIAN_POINT('',(340.,370.,1.002E+03));
#7380 = LINE('',#7381,#7382);
#7381 = CARTESIAN_POINT('',(340.,370.,992.));
#7382 = VECTOR('',#7383,1.);
#7383 = DIRECTION('',(0.,0.,1.));
#7384 = ORIENTED_EDGE('',*,*,#7138,.F.);
#7385 = ORIENTED_EDGE('',*,*,#7386,.T.);
#7386 = EDGE_CURVE('',#7130,#7387,#7389,.T.);
#7387 = VERTEX_POINT('',#7388);
#7388 = CARTESIAN_POINT('',(260.,370.,1.002E+03));
#7389 = LINE('',#7390,#7391);
#7390 = CARTESIAN_POINT('',(260.,370.,992.));
#7391 = VECTOR('',#7392,1.);
#7392 = DIRECTION('',(0.,0.,1.));
#7393 = ORIENTED_EDGE('',*,*,#7394,.T.);
#7394 = EDGE_CURVE('',#7387,#7378,#7395,.T.);
#7395 = LINE('',#7396,#7397);
#7396 = CARTESIAN_POINT('',(260.,370.,1.002E+03));
#7397 = VECTOR('',#7398,1.);
#7398 = DIRECTION('',(1.,0.,0.));
#7399 = PLANE('',#7400);
#7400 = AXIS2_PLACEMENT_3D('',#7401,#7402,#7403);
#7401 = CARTESIAN_POINT('',(260.,370.,992.));
#7402 = DIRECTION('',(0.,1.,0.));
#7403 = DIRECTION('',(0.,0.,1.));
#7404 = ADVANCED_FACE('',(#7405),#7415,.F.);
#7405 = FACE_BOUND('',#7406,.F.);
#7406 = EDGE_LOOP('',(#7407,#7413,#7414));
#7407 = ORIENTED_EDGE('',*,*,#7408,.F.);
#7408 = EDGE_CURVE('',#7052,#7387,#7409,.T.);
#7409 = LINE('',#7410,#7411);
#7410 = CARTESIAN_POINT('',(260.,362.,1.002E+03));
#7411 = VECTOR('',#7412,1.);
#7412 = DIRECTION('',(0.,1.,0.));
#7413 = ORIENTED_EDGE('',*,*,#7129,.F.);
#7414 = ORIENTED_EDGE('',*,*,#7386,.T.);
#7415 = PLANE('',#7416);
#7416 = AXIS2_PLACEMENT_3D('',#7417,#7418,#7419);
#7417 = CARTESIAN_POINT('',(260.,366.,992.));
#7418 = DIRECTION('',(1.,0.,0.));
#7419 = DIRECTION('',(0.,0.,1.));
#7420 = ADVANCED_FACE('',(#7421),#7438,.T.);
#7421 = FACE_BOUND('',#7422,.T.);
#7422 = EDGE_LOOP('',(#7423,#7431,#7432));
#7423 = ORIENTED_EDGE('',*,*,#7424,.F.);
#7424 = EDGE_CURVE('',#7061,#7425,#7427,.T.);
#7425 = VERTEX_POINT('',#7426);
#7426 = CARTESIAN_POINT('',(150.,370.,1.002E+03));
#7427 = LINE('',#7428,#7429);
#7428 = CARTESIAN_POINT('',(150.,362.,1.002E+03));
#7429 = VECTOR('',#7430,1.);
#7430 = DIRECTION('',(0.,1.,0.));
#7431 = ORIENTED_EDGE('',*,*,#7121,.F.);
#7432 = ORIENTED_EDGE('',*,*,#7433,.T.);
#7433 = EDGE_CURVE('',#7114,#7425,#7434,.T.);
#7434 = LINE('',#7435,#7436);
#7435 = CARTESIAN_POINT('',(150.,370.,992.));
#7436 = VECTOR('',#7437,1.);
#7437 = DIRECTION('',(0.,0.,1.));
#7438 = PLANE('',#7439);
#7439 = AXIS2_PLACEMENT_3D('',#7440,#7441,#7442);
#7440 = CARTESIAN_POINT('',(150.,366.,992.));
#7441 = DIRECTION('',(1.,0.,0.));
#7442 = DIRECTION('',(0.,0.,1.));
#7443 = ADVANCED_FACE('',(#7444),#7462,.T.);
#7444 = FACE_BOUND('',#7445,.T.);
#7445 = EDGE_LOOP('',(#7446,#7447,#7448,#7456));
#7446 = ORIENTED_EDGE('',*,*,#7433,.F.);
#7447 = ORIENTED_EDGE('',*,*,#7113,.F.);
#7448 = ORIENTED_EDGE('',*,*,#7449,.T.);
#7449 = EDGE_CURVE('',#7105,#7450,#7452,.T.);
#7450 = VERTEX_POINT('',#7451);
#7451 = CARTESIAN_POINT('',(70.,370.,1.002E+03));
#7452 = LINE('',#7453,#7454);
#7453 = CARTESIAN_POINT('',(70.,370.,992.));
#7454 = VECTOR('',#7455,1.);
#7455 = DIRECTION('',(0.,0.,1.));
#7456 = ORIENTED_EDGE('',*,*,#7457,.T.);
#7457 = EDGE_CURVE('',#7450,#7425,#7458,.T.);
#7458 = LINE('',#7459,#7460);
#7459 = CARTESIAN_POINT('',(70.,370.,1.002E+03));
#7460 = VECTOR('',#7461,1.);
#7461 = DIRECTION('',(1.,0.,0.));
#7462 = PLANE('',#7463);
#7463 = AXIS2_PLACEMENT_3D('',#7464,#7465,#7466);
#7464 = CARTESIAN_POINT('',(70.,370.,992.));
#7465 = DIRECTION('',(0.,1.,0.));
#7466 = DIRECTION('',(0.,0.,1.));
#7467 = ADVANCED_FACE('',(#7468),#7493,.F.);
#7468 = FACE_BOUND('',#7469,.F.);
#7469 = EDGE_LOOP('',(#7470,#7478,#7486,#7492));
#7470 = ORIENTED_EDGE('',*,*,#7471,.F.);
#7471 = EDGE_CURVE('',#7472,#7087,#7474,.T.);
#7472 = VERTEX_POINT('',#7473);
#7473 = CARTESIAN_POINT('',(70.,362.,998.));
#7474 = LINE('',#7475,#7476);
#7475 = CARTESIAN_POINT('',(70.,362.,998.));
#7476 = VECTOR('',#7477,1.);
#7477 = DIRECTION('',(0.,1.,0.));
#7478 = ORIENTED_EDGE('',*,*,#7479,.T.);
#7479 = EDGE_CURVE('',#7472,#7480,#7482,.T.);
#7480 = VERTEX_POINT('',#7481);
#7481 = CARTESIAN_POINT('',(150.,362.,998.));
#7482 = LINE('',#7483,#7484);
#7483 = CARTESIAN_POINT('',(70.,362.,998.));
#7484 = VECTOR('',#7485,1.);
#7485 = DIRECTION('',(1.,0.,0.));
#7486 = ORIENTED_EDGE('',*,*,#7487,.T.);
#7487 = EDGE_CURVE('',#7480,#7078,#7488,.T.);
#7488 = LINE('',#7489,#7490);
#7489 = CARTESIAN_POINT('',(150.,362.,998.));
#7490 = VECTOR('',#7491,1.);
#7491 = DIRECTION('',(0.,1.,0.));
#7492 = ORIENTED_EDGE('',*,*,#7086,.F.);
#7493 = PLANE('',#7494);
#7494 = AXIS2_PLACEMENT_3D('',#7495,#7496,#7497);
#7495 = CARTESIAN_POINT('',(70.,362.,998.));
#7496 = DIRECTION('',(0.,0.,1.));
#7497 = DIRECTION('',(1.,0.,0.));
#7498 = ADVANCED_FACE('',(#7499),#7525,.T.);
#7499 = FACE_BOUND('',#7500,.T.);
#7500 = EDGE_LOOP('',(#7501,#7511,#7517,#7518,#7519));
#7501 = ORIENTED_EDGE('',*,*,#7502,.F.);
#7502 = EDGE_CURVE('',#7503,#7505,#7507,.T.);
#7503 = VERTEX_POINT('',#7504);
#7504 = CARTESIAN_POINT('',(150.,362.,1.002E+03));
#7505 = VERTEX_POINT('',#7506);
#7506 = CARTESIAN_POINT('',(150.,366.,1.002E+03));
#7507 = LINE('',#7508,#7509);
#7508 = CARTESIAN_POINT('',(150.,362.,1.002E+03));
#7509 = VECTOR('',#7510,1.);
#7510 = DIRECTION('',(0.,1.,0.));
#7511 = ORIENTED_EDGE('',*,*,#7512,.F.);
#7512 = EDGE_CURVE('',#7480,#7503,#7513,.T.);
#7513 = LINE('',#7514,#7515);
#7514 = CARTESIAN_POINT('',(150.,362.,998.));
#7515 = VECTOR('',#7516,1.);
#7516 = DIRECTION('',(0.,0.,1.));
#7517 = ORIENTED_EDGE('',*,*,#7487,.T.);
#7518 = ORIENTED_EDGE('',*,*,#7077,.F.);
#7519 = ORIENTED_EDGE('',*,*,#7520,.T.);
#7520 = EDGE_CURVE('',#7069,#7505,#7521,.T.);
#7521 = LINE('',#7522,#7523);
#7522 = CARTESIAN_POINT('',(150.,366.,992.));
#7523 = VECTOR('',#7524,1.);
#7524 = DIRECTION('',(0.,0.,1.));
#7525 = PLANE('',#7526);
#7526 = AXIS2_PLACEMENT_3D('',#7527,#7528,#7529);
#7527 = CARTESIAN_POINT('',(150.,362.,998.));
#7528 = DIRECTION('',(1.,0.,0.));
#7529 = DIRECTION('',(0.,0.,1.));
#7530 = ADVANCED_FACE('',(#7531),#7541,.T.);
#7531 = FACE_BOUND('',#7532,.T.);
#7532 = EDGE_LOOP('',(#7533,#7534,#7535));
#7533 = ORIENTED_EDGE('',*,*,#7520,.F.);
#7534 = ORIENTED_EDGE('',*,*,#7068,.F.);
#7535 = ORIENTED_EDGE('',*,*,#7536,.F.);
#7536 = EDGE_CURVE('',#7505,#7061,#7537,.T.);
#7537 = LINE('',#7538,#7539);
#7538 = CARTESIAN_POINT('',(150.,362.,1.002E+03));
#7539 = VECTOR('',#7540,1.);
#7540 = DIRECTION('',(0.,1.,0.));
#7541 = PLANE('',#7542);
#7542 = AXIS2_PLACEMENT_3D('',#7543,#7544,#7545);
#7543 = CARTESIAN_POINT('',(150.,366.,992.));
#7544 = DIRECTION('',(1.,0.,0.));
#7545 = DIRECTION('',(0.,0.,1.));
#7546 = ADVANCED_FACE('',(#7547),#7564,.F.);
#7547 = FACE_BOUND('',#7548,.F.);
#7548 = EDGE_LOOP('',(#7549,#7557,#7558));
#7549 = ORIENTED_EDGE('',*,*,#7550,.F.);
#7550 = EDGE_CURVE('',#7043,#7551,#7553,.T.);
#7551 = VERTEX_POINT('',#7552);
#7552 = CARTESIAN_POINT('',(260.,366.,1.002E+03));
#7553 = LINE('',#7554,#7555);
#7554 = CARTESIAN_POINT('',(260.,366.,992.));
#7555 = VECTOR('',#7556,1.);
#7556 = DIRECTION('',(0.,0.,1.));
#7557 = ORIENTED_EDGE('',*,*,#7051,.F.);
#7558 = ORIENTED_EDGE('',*,*,#7559,.F.);
#7559 = EDGE_CURVE('',#7551,#7052,#7560,.T.);
#7560 = LINE('',#7561,#7562);
#7561 = CARTESIAN_POINT('',(260.,362.,1.002E+03));
#7562 = VECTOR('',#7563,1.);
#7563 = DIRECTION('',(0.,1.,0.));
#7564 = PLANE('',#7565);
#7565 = AXIS2_PLACEMENT_3D('',#7566,#7567,#7568);
#7566 = CARTESIAN_POINT('',(260.,366.,992.));
#7567 = DIRECTION('',(1.,0.,0.));
#7568 = DIRECTION('',(0.,0.,1.));
#7569 = ADVANCED_FACE('',(#7570),#7596,.F.);
#7570 = FACE_BOUND('',#7571,.F.);
#7571 = EDGE_LOOP('',(#7572,#7580,#7588,#7594,#7595));
#7572 = ORIENTED_EDGE('',*,*,#7573,.F.);
#7573 = EDGE_CURVE('',#7574,#7551,#7576,.T.);
#7574 = VERTEX_POINT('',#7575);
#7575 = CARTESIAN_POINT('',(260.,362.,1.002E+03));
#7576 = LINE('',#7577,#7578);
#7577 = CARTESIAN_POINT('',(260.,362.,1.002E+03));
#7578 = VECTOR('',#7579,1.);
#7579 = DIRECTION('',(0.,1.,0.));
#7580 = ORIENTED_EDGE('',*,*,#7581,.F.);
#7581 = EDGE_CURVE('',#7582,#7574,#7584,.T.);
#7582 = VERTEX_POINT('',#7583);
#7583 = CARTESIAN_POINT('',(260.,362.,998.));
#7584 = LINE('',#7585,#7586);
#7585 = CARTESIAN_POINT('',(260.,362.,998.));
#7586 = VECTOR('',#7587,1.);
#7587 = DIRECTION('',(0.,0.,1.));
#7588 = ORIENTED_EDGE('',*,*,#7589,.T.);
#7589 = EDGE_CURVE('',#7582,#7035,#7590,.T.);
#7590 = LINE('',#7591,#7592);
#7591 = CARTESIAN_POINT('',(260.,362.,998.));
#7592 = VECTOR('',#7593,1.);
#7593 = DIRECTION('',(0.,1.,0.));
#7594 = ORIENTED_EDGE('',*,*,#7042,.F.);
#7595 = ORIENTED_EDGE('',*,*,#7550,.T.);
#7596 = PLANE('',#7597);
#7597 = AXIS2_PLACEMENT_3D('',#7598,#7599,#7600);
#7598 = CARTESIAN_POINT('',(260.,362.,998.));
#7599 = DIRECTION('',(1.,0.,0.));
#7600 = DIRECTION('',(0.,0.,1.));
#7601 = ADVANCED_FACE('',(#7602),#7620,.F.);
#7602 = FACE_BOUND('',#7603,.F.);
#7603 = EDGE_LOOP('',(#7604,#7605,#7613,#7619));
#7604 = ORIENTED_EDGE('',*,*,#7589,.F.);
#7605 = ORIENTED_EDGE('',*,*,#7606,.T.);
#7606 = EDGE_CURVE('',#7582,#7607,#7609,.T.);
#7607 = VERTEX_POINT('',#7608);
#7608 = CARTESIAN_POINT('',(340.,362.,998.));
#7609 = LINE('',#7610,#7611);
#7610 = CARTESIAN_POINT('',(260.,362.,998.));
#7611 = VECTOR('',#7612,1.);
#7612 = DIRECTION('',(1.,0.,0.));
#7613 = ORIENTED_EDGE('',*,*,#7614,.T.);
#7614 = EDGE_CURVE('',#7607,#7024,#7615,.T.);
#7615 = LINE('',#7616,#7617);
#7616 = CARTESIAN_POINT('',(340.,362.,998.));
#7617 = VECTOR('',#7618,1.);
#7618 = DIRECTION('',(0.,1.,0.));
#7619 = ORIENTED_EDGE('',*,*,#7034,.F.);
#7620 = PLANE('',#7621);
#7621 = AXIS2_PLACEMENT_3D('',#7622,#7623,#7624);
#7622 = CARTESIAN_POINT('',(260.,362.,998.));
#7623 = DIRECTION('',(0.,0.,1.));
#7624 = DIRECTION('',(1.,0.,0.));
#7625 = ADVANCED_FACE('',(#7626),#7637,.F.);
#7626 = FACE_BOUND('',#7627,.F.);
#7627 = EDGE_LOOP('',(#7628,#7629,#7630));
#7628 = ORIENTED_EDGE('',*,*,#7188,.T.);
#7629 = ORIENTED_EDGE('',*,*,#7202,.T.);
#7630 = ORIENTED_EDGE('',*,*,#7631,.T.);
#7631 = EDGE_CURVE('',#7203,#7087,#7632,.T.);
#7632 = CIRCLE('',#7633,4.);
#7633 = AXIS2_PLACEMENT_3D('',#7634,#7635,#7636);
#7634 = CARTESIAN_POINT('',(70.,368.,998.));
#7635 = DIRECTION('',(1.,0.,-0.));
#7636 = DIRECTION('',(0.,0.,1.));
#7637 = PLANE('',#7638);
#7638 = AXIS2_PLACEMENT_3D('',#7639,#7640,#7641);
#7639 = CARTESIAN_POINT('',(70.,368.,998.));
#7640 = DIRECTION('',(1.,0.,0.));
#7641 = DIRECTION('',(0.,0.,1.));
#7642 = ADVANCED_FACE('',(#7643),#7660,.F.);
#7643 = FACE_BOUND('',#7644,.F.);
#7644 = EDGE_LOOP('',(#7645,#7653,#7654));
#7645 = ORIENTED_EDGE('',*,*,#7646,.F.);
#7646 = EDGE_CURVE('',#7203,#7647,#7649,.T.);
#7647 = VERTEX_POINT('',#7648);
#7648 = CARTESIAN_POINT('',(70.,366.,1.002E+03));
#7649 = LINE('',#7650,#7651);
#7650 = CARTESIAN_POINT('',(70.,366.,992.));
#7651 = VECTOR('',#7652,1.);
#7652 = DIRECTION('',(0.,0.,1.));
#7653 = ORIENTED_EDGE('',*,*,#7226,.F.);
#7654 = ORIENTED_EDGE('',*,*,#7655,.F.);
#7655 = EDGE_CURVE('',#7647,#7218,#7656,.T.);
#7656 = LINE('',#7657,#7658);
#7657 = CARTESIAN_POINT('',(70.,362.,1.002E+03));
#7658 = VECTOR('',#7659,1.);
#7659 = DIRECTION('',(0.,1.,0.));
#7660 = PLANE('',#7661);
#7661 = AXIS2_PLACEMENT_3D('',#7662,#7663,#7664);
#7662 = CARTESIAN_POINT('',(70.,366.,992.));
#7663 = DIRECTION('',(1.,0.,0.));
#7664 = DIRECTION('',(0.,0.,1.));
#7665 = ADVANCED_FACE('',(#7666),#7676,.F.);
#7666 = FACE_BOUND('',#7667,.F.);
#7667 = EDGE_LOOP('',(#7668,#7674,#7675));
#7668 = ORIENTED_EDGE('',*,*,#7669,.F.);
#7669 = EDGE_CURVE('',#7218,#7450,#7670,.T.);
#7670 = LINE('',#7671,#7672);
#7671 = CARTESIAN_POINT('',(70.,362.,1.002E+03));
#7672 = VECTOR('',#7673,1.);
#7673 = DIRECTION('',(0.,1.,0.));
#7674 = ORIENTED_EDGE('',*,*,#7217,.F.);
#7675 = ORIENTED_EDGE('',*,*,#7449,.T.);
#7676 = PLANE('',#7677);
#7677 = AXIS2_PLACEMENT_3D('',#7678,#7679,#7680);
#7678 = CARTESIAN_POINT('',(70.,366.,992.));
#7679 = DIRECTION('',(1.,0.,0.));
#7680 = DIRECTION('',(0.,0.,1.));
#7681 = ADVANCED_FACE('',(#7682),#7700,.T.);
#7682 = FACE_BOUND('',#7683,.T.);
#7683 = EDGE_LOOP('',(#7684,#7685,#7693));
#7684 = ORIENTED_EDGE('',*,*,#7261,.T.);
#7685 = ORIENTED_EDGE('',*,*,#7686,.T.);
#7686 = EDGE_CURVE('',#7254,#7687,#7689,.T.);
#7687 = VERTEX_POINT('',#7688);
#7688 = CARTESIAN_POINT('',(340.,366.,1.001464101615E+03));
#7689 = LINE('',#7690,#7691);
#7690 = CARTESIAN_POINT('',(340.,366.,992.));
#7691 = VECTOR('',#7692,1.);
#7692 = DIRECTION('',(0.,0.,1.));
#7693 = ORIENTED_EDGE('',*,*,#7694,.T.);
#7694 = EDGE_CURVE('',#7687,#7024,#7695,.T.);
#7695 = CIRCLE('',#7696,4.);
#7696 = AXIS2_PLACEMENT_3D('',#7697,#7698,#7699);
#7697 = CARTESIAN_POINT('',(340.,368.,998.));
#7698 = DIRECTION('',(1.,0.,-0.));
#7699 = DIRECTION('',(0.,0.,1.));
#7700 = PLANE('',#7701);
#7701 = AXIS2_PLACEMENT_3D('',#7702,#7703,#7704);
#7702 = CARTESIAN_POINT('',(340.,368.,998.));
#7703 = DIRECTION('',(1.,0.,0.));
#7704 = DIRECTION('',(0.,0.,1.));
#7705 = ADVANCED_FACE('',(#7706),#7723,.T.);
#7706 = FACE_BOUND('',#7707,.T.);
#7707 = EDGE_LOOP('',(#7708,#7709,#7716,#7717));
#7708 = ORIENTED_EDGE('',*,*,#7253,.F.);
#7709 = ORIENTED_EDGE('',*,*,#7710,.T.);
#7710 = EDGE_CURVE('',#7026,#7147,#7711,.T.);
#7711 = CIRCLE('',#7712,4.);
#7712 = AXIS2_PLACEMENT_3D('',#7713,#7714,#7715);
#7713 = CARTESIAN_POINT('',(340.,368.,998.));
#7714 = DIRECTION('',(1.,0.,-0.));
#7715 = DIRECTION('',(0.,0.,1.));
#7716 = ORIENTED_EDGE('',*,*,#7363,.T.);
#7717 = ORIENTED_EDGE('',*,*,#7718,.F.);
#7718 = EDGE_CURVE('',#7254,#7356,#7719,.T.);
#7719 = LINE('',#7720,#7721);
#7720 = CARTESIAN_POINT('',(340.,362.,998.));
#7721 = VECTOR('',#7722,1.);
#7722 = DIRECTION('',(0.,1.,0.));
#7723 = PLANE('',#7724);
#7724 = AXIS2_PLACEMENT_3D('',#7725,#7726,#7727);
#7725 = CARTESIAN_POINT('',(340.,366.,992.));
#7726 = DIRECTION('',(1.,0.,0.));
#7727 = DIRECTION('',(0.,0.,1.));
#7728 = ADVANCED_FACE('',(#7729),#7740,.T.);
#7729 = FACE_BOUND('',#7730,.T.);
#7730 = EDGE_LOOP('',(#7731,#7732,#7738,#7739));
#7731 = ORIENTED_EDGE('',*,*,#7275,.F.);
#7732 = ORIENTED_EDGE('',*,*,#7733,.T.);
#7733 = EDGE_CURVE('',#7276,#7331,#7734,.T.);
#7734 = LINE('',#7735,#7736);
#7735 = CARTESIAN_POINT('',(340.,366.,992.));
#7736 = VECTOR('',#7737,1.);
#7737 = DIRECTION('',(0.,1.,0.));
#7738 = ORIENTED_EDGE('',*,*,#7330,.T.);
#7739 = ORIENTED_EDGE('',*,*,#7710,.F.);
#7740 = PLANE('',#7741);
#7741 = AXIS2_PLACEMENT_3D('',#7742,#7743,#7744);
#7742 = CARTESIAN_POINT('',(340.,366.,992.));
#7743 = DIRECTION('',(1.,0.,0.));
#7744 = DIRECTION('',(0.,0.,1.));
#7745 = ADVANCED_FACE('',(#7746),#7752,.F.);
#7746 = FACE_BOUND('',#7747,.F.);
#7747 = EDGE_LOOP('',(#7748,#7749,#7750,#7751));
#7748 = ORIENTED_EDGE('',*,*,#7307,.F.);
#7749 = ORIENTED_EDGE('',*,*,#7283,.T.);
#7750 = ORIENTED_EDGE('',*,*,#7733,.T.);
#7751 = ORIENTED_EDGE('',*,*,#7338,.F.);
#7752 = PLANE('',#7753);
#7753 = AXIS2_PLACEMENT_3D('',#7754,#7755,#7756);
#7754 = CARTESIAN_POINT('',(260.,366.,992.));
#7755 = DIRECTION('',(0.,0.,1.));
#7756 = DIRECTION('',(1.,0.,0.));
#7757 = ADVANCED_FACE('',(#7758),#7779,.T.);
#7758 = FACE_BOUND('',#7759,.T.);
#7759 = EDGE_LOOP('',(#7760,#7761,#7762,#7763,#7772));
#7760 = ORIENTED_EDGE('',*,*,#7686,.F.);
#7761 = ORIENTED_EDGE('',*,*,#7718,.T.);
#7762 = ORIENTED_EDGE('',*,*,#7355,.T.);
#7763 = ORIENTED_EDGE('',*,*,#7764,.T.);
#7764 = EDGE_CURVE('',#7139,#7765,#7767,.T.);
#7765 = VERTEX_POINT('',#7766);
#7766 = CARTESIAN_POINT('',(340.,368.,1.002E+03));
#7767 = CIRCLE('',#7768,4.);
#7768 = AXIS2_PLACEMENT_3D('',#7769,#7770,#7771);
#7769 = CARTESIAN_POINT('',(340.,368.,998.));
#7770 = DIRECTION('',(1.,0.,-0.));
#7771 = DIRECTION('',(0.,0.,1.));
#7772 = ORIENTED_EDGE('',*,*,#7773,.T.);
#7773 = EDGE_CURVE('',#7765,#7687,#7774,.T.);
#7774 = CIRCLE('',#7775,4.);
#7775 = AXIS2_PLACEMENT_3D('',#7776,#7777,#7778);
#7776 = CARTESIAN_POINT('',(340.,368.,998.));
#7777 = DIRECTION('',(1.,0.,-0.));
#7778 = DIRECTION('',(0.,0.,1.));
#7779 = PLANE('',#7780);
#7780 = AXIS2_PLACEMENT_3D('',#7781,#7782,#7783);
#7781 = CARTESIAN_POINT('',(340.,366.,992.));
#7782 = DIRECTION('',(1.,0.,0.));
#7783 = DIRECTION('',(0.,0.,1.));
#7784 = ADVANCED_FACE('',(#7785),#7795,.T.);
#7785 = FACE_BOUND('',#7786,.T.);
#7786 = EDGE_LOOP('',(#7787,#7793,#7794));
#7787 = ORIENTED_EDGE('',*,*,#7788,.F.);
#7788 = EDGE_CURVE('',#7765,#7378,#7789,.T.);
#7789 = LINE('',#7790,#7791);
#7790 = CARTESIAN_POINT('',(340.,362.,1.002E+03));
#7791 = VECTOR('',#7792,1.);
#7792 = DIRECTION('',(0.,1.,0.));
#7793 = ORIENTED_EDGE('',*,*,#7764,.F.);
#7794 = ORIENTED_EDGE('',*,*,#7377,.T.);
#7795 = PLANE('',#7796);
#7796 = AXIS2_PLACEMENT_3D('',#7797,#7798,#7799);
#7797 = CARTESIAN_POINT('',(340.,366.,992.));
#7798 = DIRECTION('',(1.,0.,0.));
#7799 = DIRECTION('',(0.,0.,1.));
#7800 = ADVANCED_FACE('',(#7801),#7826,.T.);
#7801 = FACE_BOUND('',#7802,.T.);
#7802 = EDGE_LOOP('',(#7803,#7811,#7812,#7820));
#7803 = ORIENTED_EDGE('',*,*,#7804,.F.);
#7804 = EDGE_CURVE('',#7378,#7805,#7807,.T.);
#7805 = VERTEX_POINT('',#7806);
#7806 = CARTESIAN_POINT('',(340.,370.,1.004E+03));
#7807 = LINE('',#7808,#7809);
#7808 = CARTESIAN_POINT('',(340.,370.,992.));
#7809 = VECTOR('',#7810,1.);
#7810 = DIRECTION('',(0.,0.,1.));
#7811 = ORIENTED_EDGE('',*,*,#7394,.F.);
#7812 = ORIENTED_EDGE('',*,*,#7813,.T.);
#7813 = EDGE_CURVE('',#7387,#7814,#7816,.T.);
#7814 = VERTEX_POINT('',#7815);
#7815 = CARTESIAN_POINT('',(260.,370.,1.004E+03));
#7816 = LINE('',#7817,#7818);
#7817 = CARTESIAN_POINT('',(260.,370.,992.));
#7818 = VECTOR('',#7819,1.);
#7819 = DIRECTION('',(0.,0.,1.));
#7820 = ORIENTED_EDGE('',*,*,#7821,.T.);
#7821 = EDGE_CURVE('',#7814,#7805,#7822,.T.);
#7822 = LINE('',#7823,#7824);
#7823 = CARTESIAN_POINT('',(260.,370.,1.004E+03));
#7824 = VECTOR('',#7825,1.);
#7825 = DIRECTION('',(1.,0.,0.));
#7826 = PLANE('',#7827);
#7827 = AXIS2_PLACEMENT_3D('',#7828,#7829,#7830);
#7828 = CARTESIAN_POINT('',(260.,370.,992.));
#7829 = DIRECTION('',(0.,1.,0.));
#7830 = DIRECTION('',(0.,0.,1.));
#7831 = ADVANCED_FACE('',(#7832),#7851,.F.);
#7832 = FACE_BOUND('',#7833,.F.);
#7833 = EDGE_LOOP('',(#7834,#7842,#7843,#7844,#7845));
#7834 = ORIENTED_EDGE('',*,*,#7835,.F.);
#7835 = EDGE_CURVE('',#7551,#7836,#7838,.T.);
#7836 = VERTEX_POINT('',#7837);
#7837 = CARTESIAN_POINT('',(260.,366.,1.004E+03));
#7838 = LINE('',#7839,#7840);
#7839 = CARTESIAN_POINT('',(260.,366.,992.));
#7840 = VECTOR('',#7841,1.);
#7841 = DIRECTION('',(0.,0.,1.));
#7842 = ORIENTED_EDGE('',*,*,#7559,.T.);
#7843 = ORIENTED_EDGE('',*,*,#7408,.T.);
#7844 = ORIENTED_EDGE('',*,*,#7813,.T.);
#7845 = ORIENTED_EDGE('',*,*,#7846,.F.);
#7846 = EDGE_CURVE('',#7836,#7814,#7847,.T.);
#7847 = LINE('',#7848,#7849);
#7848 = CARTESIAN_POINT('',(260.,366.,1.004E+03));
#7849 = VECTOR('',#7850,1.);
#7850 = DIRECTION('',(0.,1.,0.));
#7851 = PLANE('',#7852);
#7852 = AXIS2_PLACEMENT_3D('',#7853,#7854,#7855);
#7853 = CARTESIAN_POINT('',(260.,366.,992.));
#7854 = DIRECTION('',(1.,0.,0.));
#7855 = DIRECTION('',(0.,0.,1.));
#7856 = ADVANCED_FACE('',(#7857),#7883,.T.);
#7857 = FACE_BOUND('',#7858,.T.);
#7858 = EDGE_LOOP('',(#7859,#7867,#7868,#7869,#7877));
#7859 = ORIENTED_EDGE('',*,*,#7860,.F.);
#7860 = EDGE_CURVE('',#7505,#7861,#7863,.T.);
#7861 = VERTEX_POINT('',#7862);
#7862 = CARTESIAN_POINT('',(150.,366.,1.004E+03));
#7863 = LINE('',#7864,#7865);
#7864 = CARTESIAN_POINT('',(150.,366.,992.));
#7865 = VECTOR('',#7866,1.);
#7866 = DIRECTION('',(0.,0.,1.));
#7867 = ORIENTED_EDGE('',*,*,#7536,.T.);
#7868 = ORIENTED_EDGE('',*,*,#7424,.T.);
#7869 = ORIENTED_EDGE('',*,*,#7870,.T.);
#7870 = EDGE_CURVE('',#7425,#7871,#7873,.T.);
#7871 = VERTEX_POINT('',#7872);
#7872 = CARTESIAN_POINT('',(150.,370.,1.004E+03));
#7873 = LINE('',#7874,#7875);
#7874 = CARTESIAN_POINT('',(150.,370.,992.));
#7875 = VECTOR('',#7876,1.);
#7876 = DIRECTION('',(0.,0.,1.));
#7877 = ORIENTED_EDGE('',*,*,#7878,.F.);
#7878 = EDGE_CURVE('',#7861,#7871,#7879,.T.);
#7879 = LINE('',#7880,#7881);
#7880 = CARTESIAN_POINT('',(150.,366.,1.004E+03));
#7881 = VECTOR('',#7882,1.);
#7882 = DIRECTION('',(0.,1.,0.));
#7883 = PLANE('',#7884);
#7884 = AXIS2_PLACEMENT_3D('',#7885,#7886,#7887);
#7885 = CARTESIAN_POINT('',(150.,366.,992.));
#7886 = DIRECTION('',(1.,0.,0.));
#7887 = DIRECTION('',(0.,0.,1.));
#7888 = ADVANCED_FACE('',(#7889),#7907,.T.);
#7889 = FACE_BOUND('',#7890,.T.);
#7890 = EDGE_LOOP('',(#7891,#7892,#7893,#7901));
#7891 = ORIENTED_EDGE('',*,*,#7870,.F.);
#7892 = ORIENTED_EDGE('',*,*,#7457,.F.);
#7893 = ORIENTED_EDGE('',*,*,#7894,.T.);
#7894 = EDGE_CURVE('',#7450,#7895,#7897,.T.);
#7895 = VERTEX_POINT('',#7896);
#7896 = CARTESIAN_POINT('',(70.,370.,1.004E+03));
#7897 = LINE('',#7898,#7899);
#7898 = CARTESIAN_POINT('',(70.,370.,992.));
#7899 = VECTOR('',#7900,1.);
#7900 = DIRECTION('',(0.,0.,1.));
#7901 = ORIENTED_EDGE('',*,*,#7902,.T.);
#7902 = EDGE_CURVE('',#7895,#7871,#7903,.T.);
#7903 = LINE('',#7904,#7905);
#7904 = CARTESIAN_POINT('',(70.,370.,1.004E+03));
#7905 = VECTOR('',#7906,1.);
#7906 = DIRECTION('',(1.,0.,0.));
#7907 = PLANE('',#7908);
#7908 = AXIS2_PLACEMENT_3D('',#7909,#7910,#7911);
#7909 = CARTESIAN_POINT('',(70.,370.,992.));
#7910 = DIRECTION('',(0.,1.,0.));
#7911 = DIRECTION('',(0.,0.,1.));
#7912 = ADVANCED_FACE('',(#7913),#7932,.F.);
#7913 = FACE_BOUND('',#7914,.F.);
#7914 = EDGE_LOOP('',(#7915,#7923,#7929,#7930,#7931));
#7915 = ORIENTED_EDGE('',*,*,#7916,.F.);
#7916 = EDGE_CURVE('',#7917,#7647,#7919,.T.);
#7917 = VERTEX_POINT('',#7918);
#7918 = CARTESIAN_POINT('',(70.,362.,1.002E+03));
#7919 = LINE('',#7920,#7921);
#7920 = CARTESIAN_POINT('',(70.,362.,1.002E+03));
#7921 = VECTOR('',#7922,1.);
#7922 = DIRECTION('',(0.,1.,0.));
#7923 = ORIENTED_EDGE('',*,*,#7924,.F.);
#7924 = EDGE_CURVE('',#7472,#7917,#7925,.T.);
#7925 = LINE('',#7926,#7927);
#7926 = CARTESIAN_POINT('',(70.,362.,998.));
#7927 = VECTOR('',#7928,1.);
#7928 = DIRECTION('',(0.,0.,1.));
#7929 = ORIENTED_EDGE('',*,*,#7471,.T.);
#7930 = ORIENTED_EDGE('',*,*,#7631,.F.);
#7931 = ORIENTED_EDGE('',*,*,#7646,.T.);
#7932 = PLANE('',#7933);
#7933 = AXIS2_PLACEMENT_3D('',#7934,#7935,#7936);
#7934 = CARTESIAN_POINT('',(70.,362.,998.));
#7935 = DIRECTION('',(1.,0.,0.));
#7936 = DIRECTION('',(0.,0.,1.));
#7937 = ADVANCED_FACE('',(#7938),#7949,.F.);
#7938 = FACE_BOUND('',#7939,.F.);
#7939 = EDGE_LOOP('',(#7940,#7941,#7942,#7948));
#7940 = ORIENTED_EDGE('',*,*,#7479,.F.);
#7941 = ORIENTED_EDGE('',*,*,#7924,.T.);
#7942 = ORIENTED_EDGE('',*,*,#7943,.T.);
#7943 = EDGE_CURVE('',#7917,#7503,#7944,.T.);
#7944 = LINE('',#7945,#7946);
#7945 = CARTESIAN_POINT('',(70.,362.,1.002E+03));
#7946 = VECTOR('',#7947,1.);
#7947 = DIRECTION('',(1.,0.,0.));
#7948 = ORIENTED_EDGE('',*,*,#7512,.F.);
#7949 = PLANE('',#7950);
#7950 = AXIS2_PLACEMENT_3D('',#7951,#7952,#7953);
#7951 = CARTESIAN_POINT('',(70.,362.,998.));
#7952 = DIRECTION('',(0.,1.,0.));
#7953 = DIRECTION('',(0.,0.,1.));
#7954 = ADVANCED_FACE('',(#7955),#7966,.T.);
#7955 = FACE_BOUND('',#7956,.T.);
#7956 = EDGE_LOOP('',(#7957,#7963,#7964,#7965));
#7957 = ORIENTED_EDGE('',*,*,#7958,.F.);
#7958 = EDGE_CURVE('',#7647,#7505,#7959,.T.);
#7959 = LINE('',#7960,#7961);
#7960 = CARTESIAN_POINT('',(70.,366.,1.002E+03));
#7961 = VECTOR('',#7962,1.);
#7962 = DIRECTION('',(1.,0.,0.));
#7963 = ORIENTED_EDGE('',*,*,#7916,.F.);
#7964 = ORIENTED_EDGE('',*,*,#7943,.T.);
#7965 = ORIENTED_EDGE('',*,*,#7502,.T.);
#7966 = PLANE('',#7967);
#7967 = AXIS2_PLACEMENT_3D('',#7968,#7969,#7970);
#7968 = CARTESIAN_POINT('',(70.,362.,1.002E+03));
#7969 = DIRECTION('',(0.,0.,1.));
#7970 = DIRECTION('',(1.,0.,0.));
#7971 = ADVANCED_FACE('',(#7972),#7997,.T.);
#7972 = FACE_BOUND('',#7973,.T.);
#7973 = EDGE_LOOP('',(#7974,#7982,#7983,#7991));
#7974 = ORIENTED_EDGE('',*,*,#7975,.F.);
#7975 = EDGE_CURVE('',#7551,#7976,#7978,.T.);
#7976 = VERTEX_POINT('',#7977);
#7977 = CARTESIAN_POINT('',(340.,366.,1.002E+03));
#7978 = LINE('',#7979,#7980);
#7979 = CARTESIAN_POINT('',(260.,366.,1.002E+03));
#7980 = VECTOR('',#7981,1.);
#7981 = DIRECTION('',(1.,0.,0.));
#7982 = ORIENTED_EDGE('',*,*,#7573,.F.);
#7983 = ORIENTED_EDGE('',*,*,#7984,.T.);
#7984 = EDGE_CURVE('',#7574,#7985,#7987,.T.);
#7985 = VERTEX_POINT('',#7986);
#7986 = CARTESIAN_POINT('',(340.,362.,1.002E+03));
#7987 = LINE('',#7988,#7989);
#7988 = CARTESIAN_POINT('',(260.,362.,1.002E+03));
#7989 = VECTOR('',#7990,1.);
#7990 = DIRECTION('',(1.,0.,0.));
#7991 = ORIENTED_EDGE('',*,*,#7992,.T.);
#7992 = EDGE_CURVE('',#7985,#7976,#7993,.T.);
#7993 = LINE('',#7994,#7995);
#7994 = CARTESIAN_POINT('',(340.,362.,1.002E+03));
#7995 = VECTOR('',#7996,1.);
#7996 = DIRECTION('',(0.,1.,0.));
#7997 = PLANE('',#7998);
#7998 = AXIS2_PLACEMENT_3D('',#7999,#8000,#8001);
#7999 = CARTESIAN_POINT('',(260.,362.,1.002E+03));
#8000 = DIRECTION('',(0.,0.,1.));
#8001 = DIRECTION('',(1.,0.,0.));
#8002 = ADVANCED_FACE('',(#8003),#8014,.F.);
#8003 = FACE_BOUND('',#8004,.F.);
#8004 = EDGE_LOOP('',(#8005,#8006,#8007,#8008));
#8005 = ORIENTED_EDGE('',*,*,#7606,.F.);
#8006 = ORIENTED_EDGE('',*,*,#7581,.T.);
#8007 = ORIENTED_EDGE('',*,*,#7984,.T.);
#8008 = ORIENTED_EDGE('',*,*,#8009,.F.);
#8009 = EDGE_CURVE('',#7607,#7985,#8010,.T.);
#8010 = LINE('',#8011,#8012);
#8011 = CARTESIAN_POINT('',(340.,362.,998.));
#8012 = VECTOR('',#8013,1.);
#8013 = DIRECTION('',(0.,0.,1.));
#8014 = PLANE('',#8015);
#8015 = AXIS2_PLACEMENT_3D('',#8016,#8017,#8018);
#8016 = CARTESIAN_POINT('',(260.,362.,998.));
#8017 = DIRECTION('',(0.,1.,0.));
#8018 = DIRECTION('',(0.,0.,1.));
#8019 = ADVANCED_FACE('',(#8020),#8032,.T.);
#8020 = FACE_BOUND('',#8021,.T.);
#8021 = EDGE_LOOP('',(#8022,#8023,#8024,#8025,#8026));
#8022 = ORIENTED_EDGE('',*,*,#7992,.F.);
#8023 = ORIENTED_EDGE('',*,*,#8009,.F.);
#8024 = ORIENTED_EDGE('',*,*,#7614,.T.);
#8025 = ORIENTED_EDGE('',*,*,#7694,.F.);
#8026 = ORIENTED_EDGE('',*,*,#8027,.T.);
#8027 = EDGE_CURVE('',#7687,#7976,#8028,.T.);
#8028 = LINE('',#8029,#8030);
#8029 = CARTESIAN_POINT('',(340.,366.,992.));
#8030 = VECTOR('',#8031,1.);
#8031 = DIRECTION('',(0.,0.,1.));
#8032 = PLANE('',#8033);
#8033 = AXIS2_PLACEMENT_3D('',#8034,#8035,#8036);
#8034 = CARTESIAN_POINT('',(340.,362.,998.));
#8035 = DIRECTION('',(1.,0.,0.));
#8036 = DIRECTION('',(0.,0.,1.));
#8037 = ADVANCED_FACE('',(#8038),#8057,.F.);
#8038 = FACE_BOUND('',#8039,.F.);
#8039 = EDGE_LOOP('',(#8040,#8048,#8049,#8050,#8051));
#8040 = ORIENTED_EDGE('',*,*,#8041,.F.);
#8041 = EDGE_CURVE('',#7647,#8042,#8044,.T.);
#8042 = VERTEX_POINT('',#8043);
#8043 = CARTESIAN_POINT('',(70.,366.,1.004E+03));
#8044 = LINE('',#8045,#8046);
#8045 = CARTESIAN_POINT('',(70.,366.,992.));
#8046 = VECTOR('',#8047,1.);
#8047 = DIRECTION('',(0.,0.,1.));
#8048 = ORIENTED_EDGE('',*,*,#7655,.T.);
#8049 = ORIENTED_EDGE('',*,*,#7669,.T.);
#8050 = ORIENTED_EDGE('',*,*,#7894,.T.);
#8051 = ORIENTED_EDGE('',*,*,#8052,.F.);
#8052 = EDGE_CURVE('',#8042,#7895,#8053,.T.);
#8053 = LINE('',#8054,#8055);
#8054 = CARTESIAN_POINT('',(70.,366.,1.004E+03));
#8055 = VECTOR('',#8056,1.);
#8056 = DIRECTION('',(0.,1.,0.));
#8057 = PLANE('',#8058);
#8058 = AXIS2_PLACEMENT_3D('',#8059,#8060,#8061);
#8059 = CARTESIAN_POINT('',(70.,366.,992.));
#8060 = DIRECTION('',(1.,0.,0.));
#8061 = DIRECTION('',(0.,0.,1.));
#8062 = ADVANCED_FACE('',(#8063),#8073,.T.);
#8063 = FACE_BOUND('',#8064,.T.);
#8064 = EDGE_LOOP('',(#8065,#8066,#8067));
#8065 = ORIENTED_EDGE('',*,*,#8027,.F.);
#8066 = ORIENTED_EDGE('',*,*,#7773,.F.);
#8067 = ORIENTED_EDGE('',*,*,#8068,.F.);
#8068 = EDGE_CURVE('',#7976,#7765,#8069,.T.);
#8069 = LINE('',#8070,#8071);
#8070 = CARTESIAN_POINT('',(340.,362.,1.002E+03));
#8071 = VECTOR('',#8072,1.);
#8072 = DIRECTION('',(0.,1.,0.));
#8073 = PLANE('',#8074);
#8074 = AXIS2_PLACEMENT_3D('',#8075,#8076,#8077);
#8075 = CARTESIAN_POINT('',(340.,366.,992.));
#8076 = DIRECTION('',(1.,0.,0.));
#8077 = DIRECTION('',(0.,0.,1.));
#8078 = ADVANCED_FACE('',(#8079),#8098,.T.);
#8079 = FACE_BOUND('',#8080,.T.);
#8080 = EDGE_LOOP('',(#8081,#8089,#8090,#8091,#8092));
#8081 = ORIENTED_EDGE('',*,*,#8082,.F.);
#8082 = EDGE_CURVE('',#7976,#8083,#8085,.T.);
#8083 = VERTEX_POINT('',#8084);
#8084 = CARTESIAN_POINT('',(340.,366.,1.004E+03));
#8085 = LINE('',#8086,#8087);
#8086 = CARTESIAN_POINT('',(340.,366.,992.));
#8087 = VECTOR('',#8088,1.);
#8088 = DIRECTION('',(0.,0.,1.));
#8089 = ORIENTED_EDGE('',*,*,#8068,.T.);
#8090 = ORIENTED_EDGE('',*,*,#7788,.T.);
#8091 = ORIENTED_EDGE('',*,*,#7804,.T.);
#8092 = ORIENTED_EDGE('',*,*,#8093,.F.);
#8093 = EDGE_CURVE('',#8083,#7805,#8094,.T.);
#8094 = LINE('',#8095,#8096);
#8095 = CARTESIAN_POINT('',(340.,366.,1.004E+03));
#8096 = VECTOR('',#8097,1.);
#8097 = DIRECTION('',(0.,1.,0.));
#8098 = PLANE('',#8099);
#8099 = AXIS2_PLACEMENT_3D('',#8100,#8101,#8102);
#8100 = CARTESIAN_POINT('',(340.,366.,992.));
#8101 = DIRECTION('',(1.,0.,0.));
#8102 = DIRECTION('',(0.,0.,1.));
#8103 = ADVANCED_FACE('',(#8104),#8115,.T.);
#8104 = FACE_BOUND('',#8105,.T.);
#8105 = EDGE_LOOP('',(#8106,#8107,#8113,#8114));
#8106 = ORIENTED_EDGE('',*,*,#7846,.F.);
#8107 = ORIENTED_EDGE('',*,*,#8108,.T.);
#8108 = EDGE_CURVE('',#7836,#8083,#8109,.T.);
#8109 = LINE('',#8110,#8111);
#8110 = CARTESIAN_POINT('',(260.,366.,1.004E+03));
#8111 = VECTOR('',#8112,1.);
#8112 = DIRECTION('',(1.,0.,0.));
#8113 = ORIENTED_EDGE('',*,*,#8093,.T.);
#8114 = ORIENTED_EDGE('',*,*,#7821,.F.);
#8115 = PLANE('',#8116);
#8116 = AXIS2_PLACEMENT_3D('',#8117,#8118,#8119);
#8117 = CARTESIAN_POINT('',(260.,366.,1.004E+03));
#8118 = DIRECTION('',(0.,0.,1.));
#8119 = DIRECTION('',(1.,0.,0.));
#8120 = ADVANCED_FACE('',(#8121),#8127,.F.);
#8121 = FACE_BOUND('',#8122,.F.);
#8122 = EDGE_LOOP('',(#8123,#8124,#8125,#8126));
#8123 = ORIENTED_EDGE('',*,*,#8082,.F.);
#8124 = ORIENTED_EDGE('',*,*,#7975,.F.);
#8125 = ORIENTED_EDGE('',*,*,#7835,.T.);
#8126 = ORIENTED_EDGE('',*,*,#8108,.T.);
#8127 = PLANE('',#8128);
#8128 = AXIS2_PLACEMENT_3D('',#8129,#8130,#8131);
#8129 = CARTESIAN_POINT('',(260.,366.,992.));
#8130 = DIRECTION('',(0.,1.,0.));
#8131 = DIRECTION('',(0.,0.,1.));
#8132 = ADVANCED_FACE('',(#8133),#8144,.F.);
#8133 = FACE_BOUND('',#8134,.F.);
#8134 = EDGE_LOOP('',(#8135,#8136,#8137,#8138));
#8135 = ORIENTED_EDGE('',*,*,#7860,.F.);
#8136 = ORIENTED_EDGE('',*,*,#7958,.F.);
#8137 = ORIENTED_EDGE('',*,*,#8041,.T.);
#8138 = ORIENTED_EDGE('',*,*,#8139,.T.);
#8139 = EDGE_CURVE('',#8042,#7861,#8140,.T.);
#8140 = LINE('',#8141,#8142);
#8141 = CARTESIAN_POINT('',(70.,366.,1.004E+03));
#8142 = VECTOR('',#8143,1.);
#8143 = DIRECTION('',(1.,0.,0.));
#8144 = PLANE('',#8145);
#8145 = AXIS2_PLACEMENT_3D('',#8146,#8147,#8148);
#8146 = CARTESIAN_POINT('',(70.,366.,992.));
#8147 = DIRECTION('',(0.,1.,0.));
#8148 = DIRECTION('',(0.,0.,1.));
#8149 = ADVANCED_FACE('',(#8150),#8156,.T.);
#8150 = FACE_BOUND('',#8151,.T.);
#8151 = EDGE_LOOP('',(#8152,#8153,#8154,#8155));
#8152 = ORIENTED_EDGE('',*,*,#8052,.F.);
#8153 = ORIENTED_EDGE('',*,*,#8139,.T.);
#8154 = ORIENTED_EDGE('',*,*,#7878,.T.);
#8155 = ORIENTED_EDGE('',*,*,#7902,.F.);
#8156 = PLANE('',#8157);
#8157 = AXIS2_PLACEMENT_3D('',#8158,#8159,#8160);
#8158 = CARTESIAN_POINT('',(70.,366.,1.004E+03));
#8159 = DIRECTION('',(0.,0.,1.));
#8160 = DIRECTION('',(1.,0.,0.));
#8161 = MANIFOLD_SOLID_BREP('',#8162);
#8162 = CLOSED_SHELL('',(#8163,#8203,#8234,#8290,#8321,#8338,#8350,#8389
    ,#8413,#8445,#8462,#8493,#8510,#8541,#8572,#8596,#8618,#8630,#8654,
    #8671));
#8163 = ADVANCED_FACE('',(#8164),#8198,.F.);
#8164 = FACE_BOUND('',#8165,.F.);
#8165 = EDGE_LOOP('',(#8166,#8176,#8184,#8192));
#8166 = ORIENTED_EDGE('',*,*,#8167,.F.);
#8167 = EDGE_CURVE('',#8168,#8170,#8172,.T.);
#8168 = VERTEX_POINT('',#8169);
#8169 = CARTESIAN_POINT('',(185.,-18.,992.));
#8170 = VERTEX_POINT('',#8171);
#8171 = CARTESIAN_POINT('',(185.,-18.,995.));
#8172 = LINE('',#8173,#8174);
#8173 = CARTESIAN_POINT('',(185.,-18.,992.));
#8174 = VECTOR('',#8175,1.);
#8175 = DIRECTION('',(0.,0.,1.));
#8176 = ORIENTED_EDGE('',*,*,#8177,.T.);
#8177 = EDGE_CURVE('',#8168,#8178,#8180,.T.);
#8178 = VERTEX_POINT('',#8179);
#8179 = CARTESIAN_POINT('',(185.,-14.,992.));
#8180 = LINE('',#8181,#8182);
#8181 = CARTESIAN_POINT('',(185.,-18.,992.));
#8182 = VECTOR('',#8183,1.);
#8183 = DIRECTION('',(0.,1.,0.));
#8184 = ORIENTED_EDGE('',*,*,#8185,.T.);
#8185 = EDGE_CURVE('',#8178,#8186,#8188,.T.);
#8186 = VERTEX_POINT('',#8187);
#8187 = CARTESIAN_POINT('',(185.,-14.,995.));
#8188 = LINE('',#8189,#8190);
#8189 = CARTESIAN_POINT('',(185.,-14.,992.));
#8190 = VECTOR('',#8191,1.);
#8191 = DIRECTION('',(0.,0.,1.));
#8192 = ORIENTED_EDGE('',*,*,#8193,.F.);
#8193 = EDGE_CURVE('',#8170,#8186,#8194,.T.);
#8194 = LINE('',#8195,#8196);
#8195 = CARTESIAN_POINT('',(185.,-18.,995.));
#8196 = VECTOR('',#8197,1.);
#8197 = DIRECTION('',(0.,1.,0.));
#8198 = PLANE('',#8199);
#8199 = AXIS2_PLACEMENT_3D('',#8200,#8201,#8202);
#8200 = CARTESIAN_POINT('',(185.,-18.,992.));
#8201 = DIRECTION('',(1.,0.,0.));
#8202 = DIRECTION('',(0.,0.,1.));
#8203 = ADVANCED_FACE('',(#8204),#8229,.F.);
#8204 = FACE_BOUND('',#8205,.F.);
#8205 = EDGE_LOOP('',(#8206,#8214,#8215,#8223));
#8206 = ORIENTED_EDGE('',*,*,#8207,.F.);
#8207 = EDGE_CURVE('',#8168,#8208,#8210,.T.);
#8208 = VERTEX_POINT('',#8209);
#8209 = CARTESIAN_POINT('',(225.,-18.,992.));
#8210 = LINE('',#8211,#8212);
#8211 = CARTESIAN_POINT('',(185.,-18.,992.));
#8212 = VECTOR('',#8213,1.);
#8213 = DIRECTION('',(1.,0.,0.));
#8214 = ORIENTED_EDGE('',*,*,#8167,.T.);
#8215 = ORIENTED_EDGE('',*,*,#8216,.T.);
#8216 = EDGE_CURVE('',#8170,#8217,#8219,.T.);
#8217 = VERTEX_POINT('',#8218);
#8218 = CARTESIAN_POINT('',(225.,-18.,995.));
#8219 = LINE('',#8220,#8221);
#8220 = CARTESIAN_POINT('',(185.,-18.,995.));
#8221 = VECTOR('',#8222,1.);
#8222 = DIRECTION('',(1.,0.,0.));
#8223 = ORIENTED_EDGE('',*,*,#8224,.F.);
#8224 = EDGE_CURVE('',#8208,#8217,#8225,.T.);
#8225 = LINE('',#8226,#8227);
#8226 = CARTESIAN_POINT('',(225.,-18.,992.));
#8227 = VECTOR('',#8228,1.);
#8228 = DIRECTION('',(0.,0.,1.));
#8229 = PLANE('',#8230);
#8230 = AXIS2_PLACEMENT_3D('',#8231,#8232,#8233);
#8231 = CARTESIAN_POINT('',(185.,-18.,992.));
#8232 = DIRECTION('',(0.,1.,0.));
#8233 = DIRECTION('',(0.,0.,1.));
#8234 = ADVANCED_FACE('',(#8235),#8285,.T.);
#8235 = FACE_BOUND('',#8236,.T.);
#8236 = EDGE_LOOP('',(#8237,#8245,#8246,#8247,#8255,#8263,#8271,#8279));
#8237 = ORIENTED_EDGE('',*,*,#8238,.F.);
#8238 = EDGE_CURVE('',#8186,#8239,#8241,.T.);
#8239 = VERTEX_POINT('',#8240);
#8240 = CARTESIAN_POINT('',(196.,-14.,995.));
#8241 = LINE('',#8242,#8243);
#8242 = CARTESIAN_POINT('',(185.,-14.,995.));
#8243 = VECTOR('',#8244,1.);
#8244 = DIRECTION('',(1.,0.,0.));
#8245 = ORIENTED_EDGE('',*,*,#8193,.F.);
#8246 = ORIENTED_EDGE('',*,*,#8216,.T.);
#8247 = ORIENTED_EDGE('',*,*,#8248,.T.);
#8248 = EDGE_CURVE('',#8217,#8249,#8251,.T.);
#8249 = VERTEX_POINT('',#8250);
#8250 = CARTESIAN_POINT('',(225.,-14.,995.));
#8251 = LINE('',#8252,#8253);
#8252 = CARTESIAN_POINT('',(225.,-18.,995.));
#8253 = VECTOR('',#8254,1.);
#8254 = DIRECTION('',(0.,1.,0.));
#8255 = ORIENTED_EDGE('',*,*,#8256,.F.);
#8256 = EDGE_CURVE('',#8257,#8249,#8259,.T.);
#8257 = VERTEX_POINT('',#8258);
#8258 = CARTESIAN_POINT('',(214.,-14.,995.));
#8259 = LINE('',#8260,#8261);
#8260 = CARTESIAN_POINT('',(185.,-14.,995.));
#8261 = VECTOR('',#8262,1.);
#8262 = DIRECTION('',(1.,0.,0.));
#8263 = ORIENTED_EDGE('',*,*,#8264,.F.);
#8264 = EDGE_CURVE('',#8265,#8257,#8267,.T.);
#8265 = VERTEX_POINT('',#8266);
#8266 = CARTESIAN_POINT('',(214.,-15.,995.));
#8267 = LINE('',#8268,#8269);
#8268 = CARTESIAN_POINT('',(214.,-15.,995.));
#8269 = VECTOR('',#8270,1.);
#8270 = DIRECTION('',(0.,1.,0.));
#8271 = ORIENTED_EDGE('',*,*,#8272,.F.);
#8272 = EDGE_CURVE('',#8273,#8265,#8275,.T.);
#8273 = VERTEX_POINT('',#8274);
#8274 = CARTESIAN_POINT('',(196.,-15.,995.));
#8275 = LINE('',#8276,#8277);
#8276 = CARTESIAN_POINT('',(196.,-15.,995.));
#8277 = VECTOR('',#8278,1.);
#8278 = DIRECTION('',(1.,0.,0.));
#8279 = ORIENTED_EDGE('',*,*,#8280,.T.);
#8280 = EDGE_CURVE('',#8273,#8239,#8281,.T.);
#8281 = LINE('',#8282,#8283);
#8282 = CARTESIAN_POINT('',(196.,-15.,995.));
#8283 = VECTOR('',#8284,1.);
#8284 = DIRECTION('',(0.,1.,0.));
#8285 = PLANE('',#8286);
#8286 = AXIS2_PLACEMENT_3D('',#8287,#8288,#8289);
#8287 = CARTESIAN_POINT('',(185.,-18.,995.));
#8288 = DIRECTION('',(0.,0.,1.));
#8289 = DIRECTION('',(1.,0.,0.));
#8290 = ADVANCED_FACE('',(#8291),#8316,.T.);
#8291 = FACE_BOUND('',#8292,.T.);
#8292 = EDGE_LOOP('',(#8293,#8301,#8302,#8303,#8309,#8310));
#8293 = ORIENTED_EDGE('',*,*,#8294,.F.);
#8294 = EDGE_CURVE('',#8178,#8295,#8297,.T.);
#8295 = VERTEX_POINT('',#8296);
#8296 = CARTESIAN_POINT('',(225.,-14.,992.));
#8297 = LINE('',#8298,#8299);
#8298 = CARTESIAN_POINT('',(185.,-14.,992.));
#8299 = VECTOR('',#8300,1.);
#8300 = DIRECTION('',(1.,0.,0.));
#8301 = ORIENTED_EDGE('',*,*,#8185,.T.);
#8302 = ORIENTED_EDGE('',*,*,#8238,.T.);
#8303 = ORIENTED_EDGE('',*,*,#8304,.T.);
#8304 = EDGE_CURVE('',#8239,#8257,#8305,.T.);
#8305 = LINE('',#8306,#8307);
#8306 = CARTESIAN_POINT('',(185.,-14.,995.));
#8307 = VECTOR('',#8308,1.);
#8308 = DIRECTION('',(1.,0.,0.));
#8309 = ORIENTED_EDGE('',*,*,#8256,.T.);
#8310 = ORIENTED_EDGE('',*,*,#8311,.F.);
#8311 = EDGE_CURVE('',#8295,#8249,#8312,.T.);
#8312 = LINE('',#8313,#8314);
#8313 = CARTESIAN_POINT('',(225.,-14.,992.));
#8314 = VECTOR('',#8315,1.);
#8315 = DIRECTION('',(0.,0.,1.));
#8316 = PLANE('',#8317);
#8317 = AXIS2_PLACEMENT_3D('',#8318,#8319,#8320);
#8318 = CARTESIAN_POINT('',(185.,-14.,992.));
#8319 = DIRECTION('',(0.,1.,0.));
#8320 = DIRECTION('',(0.,0.,1.));
#8321 = ADVANCED_FACE('',(#8322),#8333,.F.);
#8322 = FACE_BOUND('',#8323,.F.);
#8323 = EDGE_LOOP('',(#8324,#8325,#8326,#8332));
#8324 = ORIENTED_EDGE('',*,*,#8177,.F.);
#8325 = ORIENTED_EDGE('',*,*,#8207,.T.);
#8326 = ORIENTED_EDGE('',*,*,#8327,.T.);
#8327 = EDGE_CURVE('',#8208,#8295,#8328,.T.);
#8328 = LINE('',#8329,#8330);
#8329 = CARTESIAN_POINT('',(225.,-18.,992.));
#8330 = VECTOR('',#8331,1.);
#8331 = DIRECTION('',(0.,1.,0.));
#8332 = ORIENTED_EDGE('',*,*,#8294,.F.);
#8333 = PLANE('',#8334);
#8334 = AXIS2_PLACEMENT_3D('',#8335,#8336,#8337);
#8335 = CARTESIAN_POINT('',(185.,-18.,992.));
#8336 = DIRECTION('',(0.,0.,1.));
#8337 = DIRECTION('',(1.,0.,0.));
#8338 = ADVANCED_FACE('',(#8339),#8345,.T.);
#8339 = FACE_BOUND('',#8340,.T.);
#8340 = EDGE_LOOP('',(#8341,#8342,#8343,#8344));
#8341 = ORIENTED_EDGE('',*,*,#8224,.F.);
#8342 = ORIENTED_EDGE('',*,*,#8327,.T.);
#8343 = ORIENTED_EDGE('',*,*,#8311,.T.);
#8344 = ORIENTED_EDGE('',*,*,#8248,.F.);
#8345 = PLANE('',#8346);
#8346 = AXIS2_PLACEMENT_3D('',#8347,#8348,#8349);
#8347 = CARTESIAN_POINT('',(225.,-18.,992.));
#8348 = DIRECTION('',(1.,0.,0.));
#8349 = DIRECTION('',(0.,0.,1.));
#8350 = ADVANCED_FACE('',(#8351),#8384,.F.);
#8351 = FACE_BOUND('',#8352,.F.);
#8352 = EDGE_LOOP('',(#8353,#8361,#8362,#8370,#8378));
#8353 = ORIENTED_EDGE('',*,*,#8354,.F.);
#8354 = EDGE_CURVE('',#8273,#8355,#8357,.T.);
#8355 = VERTEX_POINT('',#8356);
#8356 = CARTESIAN_POINT('',(196.,-15.,1.004E+03));
#8357 = LINE('',#8358,#8359);
#8358 = CARTESIAN_POINT('',(196.,-15.,995.));
#8359 = VECTOR('',#8360,1.);
#8360 = DIRECTION('',(0.,0.,1.));
#8361 = ORIENTED_EDGE('',*,*,#8280,.T.);
#8362 = ORIENTED_EDGE('',*,*,#8363,.T.);
#8363 = EDGE_CURVE('',#8239,#8364,#8366,.T.);
#8364 = VERTEX_POINT('',#8365);
#8365 = CARTESIAN_POINT('',(196.,-11.,995.));
#8366 = LINE('',#8367,#8368);
#8367 = CARTESIAN_POINT('',(196.,-15.,995.));
#8368 = VECTOR('',#8369,1.);
#8369 = DIRECTION('',(0.,1.,0.));
#8370 = ORIENTED_EDGE('',*,*,#8371,.T.);
#8371 = EDGE_CURVE('',#8364,#8372,#8374,.T.);
#8372 = VERTEX_POINT('',#8373);
#8373 = CARTESIAN_POINT('',(196.,-11.,1.004E+03));
#8374 = LINE('',#8375,#8376);
#8375 = CARTESIAN_POINT('',(196.,-11.,995.));
#8376 = VECTOR('',#8377,1.);
#8377 = DIRECTION('',(0.,0.,1.));
#8378 = ORIENTED_EDGE('',*,*,#8379,.F.);
#8379 = EDGE_CURVE('',#8355,#8372,#8380,.T.);
#8380 = LINE('',#8381,#8382);
#8381 = CARTESIAN_POINT('',(196.,-19.,1.004E+03));
#8382 = VECTOR('',#8383,1.);
#8383 = DIRECTION('',(0.,1.,0.));
#8384 = PLANE('',#8385);
#8385 = AXIS2_PLACEMENT_3D('',#8386,#8387,#8388);
#8386 = CARTESIAN_POINT('',(196.,-15.,995.));
#8387 = DIRECTION('',(1.,0.,0.));
#8388 = DIRECTION('',(0.,0.,1.));
#8389 = ADVANCED_FACE('',(#8390),#8408,.F.);
#8390 = FACE_BOUND('',#8391,.F.);
#8391 = EDGE_LOOP('',(#8392,#8393,#8394,#8402));
#8392 = ORIENTED_EDGE('',*,*,#8272,.F.);
#8393 = ORIENTED_EDGE('',*,*,#8354,.T.);
#8394 = ORIENTED_EDGE('',*,*,#8395,.T.);
#8395 = EDGE_CURVE('',#8355,#8396,#8398,.T.);
#8396 = VERTEX_POINT('',#8397);
#8397 = CARTESIAN_POINT('',(214.,-15.,1.004E+03));
#8398 = LINE('',#8399,#8400);
#8399 = CARTESIAN_POINT('',(196.,-15.,1.004E+03));
#8400 = VECTOR('',#8401,1.);
#8401 = DIRECTION('',(1.,0.,0.));
#8402 = ORIENTED_EDGE('',*,*,#8403,.F.);
#8403 = EDGE_CURVE('',#8265,#8396,#8404,.T.);
#8404 = LINE('',#8405,#8406);
#8405 = CARTESIAN_POINT('',(214.,-15.,995.));
#8406 = VECTOR('',#8407,1.);
#8407 = DIRECTION('',(0.,0.,1.));
#8408 = PLANE('',#8409);
#8409 = AXIS2_PLACEMENT_3D('',#8410,#8411,#8412);
#8410 = CARTESIAN_POINT('',(196.,-15.,995.));
#8411 = DIRECTION('',(0.,1.,0.));
#8412 = DIRECTION('',(0.,0.,1.));
#8413 = ADVANCED_FACE('',(#8414),#8440,.T.);
#8414 = FACE_BOUND('',#8415,.T.);
#8415 = EDGE_LOOP('',(#8416,#8417,#8418,#8426,#8434));
#8416 = ORIENTED_EDGE('',*,*,#8403,.F.);
#8417 = ORIENTED_EDGE('',*,*,#8264,.T.);
#8418 = ORIENTED_EDGE('',*,*,#8419,.T.);
#8419 = EDGE_CURVE('',#8257,#8420,#8422,.T.);
#8420 = VERTEX_POINT('',#8421);
#8421 = CARTESIAN_POINT('',(214.,-11.,995.));
#8422 = LINE('',#8423,#8424);
#8423 = CARTESIAN_POINT('',(214.,-15.,995.));
#8424 = VECTOR('',#8425,1.);
#8425 = DIRECTION('',(0.,1.,0.));
#8426 = ORIENTED_EDGE('',*,*,#8427,.T.);
#8427 = EDGE_CURVE('',#8420,#8428,#8430,.T.);
#8428 = VERTEX_POINT('',#8429);
#8429 = CARTESIAN_POINT('',(214.,-11.,1.004E+03));
#8430 = LINE('',#8431,#8432);
#8431 = CARTESIAN_POINT('',(214.,-11.,995.));
#8432 = VECTOR('',#8433,1.);
#8433 = DIRECTION('',(0.,0.,1.));
#8434 = ORIENTED_EDGE('',*,*,#8435,.F.);
#8435 = EDGE_CURVE('',#8396,#8428,#8436,.T.);
#8436 = LINE('',#8437,#8438);
#8437 = CARTESIAN_POINT('',(214.,-19.,1.004E+03));
#8438 = VECTOR('',#8439,1.);
#8439 = DIRECTION('',(0.,1.,0.));
#8440 = PLANE('',#8441);
#8441 = AXIS2_PLACEMENT_3D('',#8442,#8443,#8444);
#8442 = CARTESIAN_POINT('',(214.,-15.,995.));
#8443 = DIRECTION('',(1.,0.,0.));
#8444 = DIRECTION('',(0.,0.,1.));
#8445 = ADVANCED_FACE('',(#8446),#8457,.F.);
#8446 = FACE_BOUND('',#8447,.F.);
#8447 = EDGE_LOOP('',(#8448,#8449,#8450,#8451));
#8448 = ORIENTED_EDGE('',*,*,#8363,.F.);
#8449 = ORIENTED_EDGE('',*,*,#8304,.T.);
#8450 = ORIENTED_EDGE('',*,*,#8419,.T.);
#8451 = ORIENTED_EDGE('',*,*,#8452,.F.);
#8452 = EDGE_CURVE('',#8364,#8420,#8453,.T.);
#8453 = LINE('',#8454,#8455);
#8454 = CARTESIAN_POINT('',(196.,-11.,995.));
#8455 = VECTOR('',#8456,1.);
#8456 = DIRECTION('',(1.,0.,0.));
#8457 = PLANE('',#8458);
#8458 = AXIS2_PLACEMENT_3D('',#8459,#8460,#8461);
#8459 = CARTESIAN_POINT('',(196.,-15.,995.));
#8460 = DIRECTION('',(0.,0.,1.));
#8461 = DIRECTION('',(1.,0.,0.));
#8462 = ADVANCED_FACE('',(#8463),#8488,.F.);
#8463 = FACE_BOUND('',#8464,.F.);
#8464 = EDGE_LOOP('',(#8465,#8473,#8474,#8482));
#8465 = ORIENTED_EDGE('',*,*,#8466,.F.);
#8466 = EDGE_CURVE('',#8355,#8467,#8469,.T.);
#8467 = VERTEX_POINT('',#8468);
#8468 = CARTESIAN_POINT('',(196.,-15.,1.008E+03));
#8469 = LINE('',#8470,#8471);
#8470 = CARTESIAN_POINT('',(196.,-15.,995.));
#8471 = VECTOR('',#8472,1.);
#8472 = DIRECTION('',(0.,0.,1.));
#8473 = ORIENTED_EDGE('',*,*,#8379,.T.);
#8474 = ORIENTED_EDGE('',*,*,#8475,.T.);
#8475 = EDGE_CURVE('',#8372,#8476,#8478,.T.);
#8476 = VERTEX_POINT('',#8477);
#8477 = CARTESIAN_POINT('',(196.,-11.,1.008E+03));
#8478 = LINE('',#8479,#8480);
#8479 = CARTESIAN_POINT('',(196.,-11.,995.));
#8480 = VECTOR('',#8481,1.);
#8481 = DIRECTION('',(0.,0.,1.));
#8482 = ORIENTED_EDGE('',*,*,#8483,.F.);
#8483 = EDGE_CURVE('',#8467,#8476,#8484,.T.);
#8484 = LINE('',#8485,#8486);
#8485 = CARTESIAN_POINT('',(196.,-15.,1.008E+03));
#8486 = VECTOR('',#8487,1.);
#8487 = DIRECTION('',(0.,1.,0.));
#8488 = PLANE('',#8489);
#8489 = AXIS2_PLACEMENT_3D('',#8490,#8491,#8492);
#8490 = CARTESIAN_POINT('',(196.,-15.,995.));
#8491 = DIRECTION('',(1.,0.,0.));
#8492 = DIRECTION('',(0.,0.,1.));
#8493 = ADVANCED_FACE('',(#8494),#8505,.T.);
#8494 = FACE_BOUND('',#8495,.T.);
#8495 = EDGE_LOOP('',(#8496,#8497,#8498,#8499));
#8496 = ORIENTED_EDGE('',*,*,#8427,.F.);
#8497 = ORIENTED_EDGE('',*,*,#8452,.F.);
#8498 = ORIENTED_EDGE('',*,*,#8371,.T.);
#8499 = ORIENTED_EDGE('',*,*,#8500,.T.);
#8500 = EDGE_CURVE('',#8372,#8428,#8501,.T.);
#8501 = LINE('',#8502,#8503);
#8502 = CARTESIAN_POINT('',(196.,-11.,1.004E+03));
#8503 = VECTOR('',#8504,1.);
#8504 = DIRECTION('',(1.,0.,0.));
#8505 = PLANE('',#8506);
#8506 = AXIS2_PLACEMENT_3D('',#8507,#8508,#8509);
#8507 = CARTESIAN_POINT('',(196.,-11.,995.));
#8508 = DIRECTION('',(0.,1.,0.));
#8509 = DIRECTION('',(0.,0.,1.));
#8510 = ADVANCED_FACE('',(#8511),#8536,.F.);
#8511 = FACE_BOUND('',#8512,.F.);
#8512 = EDGE_LOOP('',(#8513,#8521,#8529,#8535));
#8513 = ORIENTED_EDGE('',*,*,#8514,.F.);
#8514 = EDGE_CURVE('',#8515,#8355,#8517,.T.);
#8515 = VERTEX_POINT('',#8516);
#8516 = CARTESIAN_POINT('',(196.,-19.,1.004E+03));
#8517 = LINE('',#8518,#8519);
#8518 = CARTESIAN_POINT('',(196.,-19.,1.004E+03));
#8519 = VECTOR('',#8520,1.);
#8520 = DIRECTION('',(0.,1.,0.));
#8521 = ORIENTED_EDGE('',*,*,#8522,.T.);
#8522 = EDGE_CURVE('',#8515,#8523,#8525,.T.);
#8523 = VERTEX_POINT('',#8524);
#8524 = CARTESIAN_POINT('',(214.,-19.,1.004E+03));
#8525 = LINE('',#8526,#8527);
#8526 = CARTESIAN_POINT('',(196.,-19.,1.004E+03));
#8527 = VECTOR('',#8528,1.);
#8528 = DIRECTION('',(1.,0.,0.));
#8529 = ORIENTED_EDGE('',*,*,#8530,.T.);
#8530 = EDGE_CURVE('',#8523,#8396,#8531,.T.);
#8531 = LINE('',#8532,#8533);
#8532 = CARTESIAN_POINT('',(214.,-19.,1.004E+03));
#8533 = VECTOR('',#8534,1.);
#8534 = DIRECTION('',(0.,1.,0.));
#8535 = ORIENTED_EDGE('',*,*,#8395,.F.);
#8536 = PLANE('',#8537);
#8537 = AXIS2_PLACEMENT_3D('',#8538,#8539,#8540);
#8538 = CARTESIAN_POINT('',(196.,-19.,1.004E+03));
#8539 = DIRECTION('',(0.,0.,1.));
#8540 = DIRECTION('',(1.,0.,0.));
#8541 = ADVANCED_FACE('',(#8542),#8567,.T.);
#8542 = FACE_BOUND('',#8543,.T.);
#8543 = EDGE_LOOP('',(#8544,#8552,#8553,#8561));
#8544 = ORIENTED_EDGE('',*,*,#8545,.F.);
#8545 = EDGE_CURVE('',#8396,#8546,#8548,.T.);
#8546 = VERTEX_POINT('',#8547);
#8547 = CARTESIAN_POINT('',(214.,-15.,1.008E+03));
#8548 = LINE('',#8549,#8550);
#8549 = CARTESIAN_POINT('',(214.,-15.,995.));
#8550 = VECTOR('',#8551,1.);
#8551 = DIRECTION('',(0.,0.,1.));
#8552 = ORIENTED_EDGE('',*,*,#8435,.T.);
#8553 = ORIENTED_EDGE('',*,*,#8554,.T.);
#8554 = EDGE_CURVE('',#8428,#8555,#8557,.T.);
#8555 = VERTEX_POINT('',#8556);
#8556 = CARTESIAN_POINT('',(214.,-11.,1.008E+03));
#8557 = LINE('',#8558,#8559);
#8558 = CARTESIAN_POINT('',(214.,-11.,995.));
#8559 = VECTOR('',#8560,1.);
#8560 = DIRECTION('',(0.,0.,1.));
#8561 = ORIENTED_EDGE('',*,*,#8562,.F.);
#8562 = EDGE_CURVE('',#8546,#8555,#8563,.T.);
#8563 = LINE('',#8564,#8565);
#8564 = CARTESIAN_POINT('',(214.,-15.,1.008E+03));
#8565 = VECTOR('',#8566,1.);
#8566 = DIRECTION('',(0.,1.,0.));
#8567 = PLANE('',#8568);
#8568 = AXIS2_PLACEMENT_3D('',#8569,#8570,#8571);
#8569 = CARTESIAN_POINT('',(214.,-15.,995.));
#8570 = DIRECTION('',(1.,0.,0.));
#8571 = DIRECTION('',(0.,0.,1.));
#8572 = ADVANCED_FACE('',(#8573),#8591,.F.);
#8573 = FACE_BOUND('',#8574,.F.);
#8574 = EDGE_LOOP('',(#8575,#8583,#8589,#8590));
#8575 = ORIENTED_EDGE('',*,*,#8576,.F.);
#8576 = EDGE_CURVE('',#8577,#8467,#8579,.T.);
#8577 = VERTEX_POINT('',#8578);
#8578 = CARTESIAN_POINT('',(196.,-19.,1.008E+03));
#8579 = LINE('',#8580,#8581);
#8580 = CARTESIAN_POINT('',(196.,-19.,1.008E+03));
#8581 = VECTOR('',#8582,1.);
#8582 = DIRECTION('',(0.,1.,0.));
#8583 = ORIENTED_EDGE('',*,*,#8584,.F.);
#8584 = EDGE_CURVE('',#8515,#8577,#8585,.T.);
#8585 = LINE('',#8586,#8587);
#8586 = CARTESIAN_POINT('',(196.,-19.,1.004E+03));
#8587 = VECTOR('',#8588,1.);
#8588 = DIRECTION('',(0.,0.,1.));
#8589 = ORIENTED_EDGE('',*,*,#8514,.T.);
#8590 = ORIENTED_EDGE('',*,*,#8466,.T.);
#8591 = PLANE('',#8592);
#8592 = AXIS2_PLACEMENT_3D('',#8593,#8594,#8595);
#8593 = CARTESIAN_POINT('',(196.,-19.,1.004E+03));
#8594 = DIRECTION('',(1.,0.,0.));
#8595 = DIRECTION('',(0.,0.,1.));
#8596 = ADVANCED_FACE('',(#8597),#8613,.T.);
#8597 = FACE_BOUND('',#8598,.T.);
#8598 = EDGE_LOOP('',(#8599,#8600,#8606,#8607));
#8599 = ORIENTED_EDGE('',*,*,#8483,.F.);
#8600 = ORIENTED_EDGE('',*,*,#8601,.T.);
#8601 = EDGE_CURVE('',#8467,#8546,#8602,.T.);
#8602 = LINE('',#8603,#8604);
#8603 = CARTESIAN_POINT('',(196.,-15.,1.008E+03));
#8604 = VECTOR('',#8605,1.);
#8605 = DIRECTION('',(1.,0.,0.));
#8606 = ORIENTED_EDGE('',*,*,#8562,.T.);
#8607 = ORIENTED_EDGE('',*,*,#8608,.F.);
#8608 = EDGE_CURVE('',#8476,#8555,#8609,.T.);
#8609 = LINE('',#8610,#8611);
#8610 = CARTESIAN_POINT('',(196.,-11.,1.008E+03));
#8611 = VECTOR('',#8612,1.);
#8612 = DIRECTION('',(1.,0.,0.));
#8613 = PLANE('',#8614);
#8614 = AXIS2_PLACEMENT_3D('',#8615,#8616,#8617);
#8615 = CARTESIAN_POINT('',(196.,-15.,1.008E+03));
#8616 = DIRECTION('',(0.,0.,1.));
#8617 = DIRECTION('',(1.,0.,0.));
#8618 = ADVANCED_FACE('',(#8619),#8625,.T.);
#8619 = FACE_BOUND('',#8620,.T.);
#8620 = EDGE_LOOP('',(#8621,#8622,#8623,#8624));
#8621 = ORIENTED_EDGE('',*,*,#8554,.F.);
#8622 = ORIENTED_EDGE('',*,*,#8500,.F.);
#8623 = ORIENTED_EDGE('',*,*,#8475,.T.);
#8624 = ORIENTED_EDGE('',*,*,#8608,.T.);
#8625 = PLANE('',#8626);
#8626 = AXIS2_PLACEMENT_3D('',#8627,#8628,#8629);
#8627 = CARTESIAN_POINT('',(196.,-11.,995.));
#8628 = DIRECTION('',(0.,1.,0.));
#8629 = DIRECTION('',(0.,0.,1.));
#8630 = ADVANCED_FACE('',(#8631),#8649,.T.);
#8631 = FACE_BOUND('',#8632,.T.);
#8632 = EDGE_LOOP('',(#8633,#8641,#8647,#8648));
#8633 = ORIENTED_EDGE('',*,*,#8634,.F.);
#8634 = EDGE_CURVE('',#8635,#8546,#8637,.T.);
#8635 = VERTEX_POINT('',#8636);
#8636 = CARTESIAN_POINT('',(214.,-19.,1.008E+03));
#8637 = LINE('',#8638,#8639);
#8638 = CARTESIAN_POINT('',(214.,-19.,1.008E+03));
#8639 = VECTOR('',#8640,1.);
#8640 = DIRECTION('',(0.,1.,0.));
#8641 = ORIENTED_EDGE('',*,*,#8642,.F.);
#8642 = EDGE_CURVE('',#8523,#8635,#8643,.T.);
#8643 = LINE('',#8644,#8645);
#8644 = CARTESIAN_POINT('',(214.,-19.,1.004E+03));
#8645 = VECTOR('',#8646,1.);
#8646 = DIRECTION('',(0.,0.,1.));
#8647 = ORIENTED_EDGE('',*,*,#8530,.T.);
#8648 = ORIENTED_EDGE('',*,*,#8545,.T.);
#8649 = PLANE('',#8650);
#8650 = AXIS2_PLACEMENT_3D('',#8651,#8652,#8653);
#8651 = CARTESIAN_POINT('',(214.,-19.,1.004E+03));
#8652 = DIRECTION('',(1.,0.,0.));
#8653 = DIRECTION('',(0.,0.,1.));
#8654 = ADVANCED_FACE('',(#8655),#8666,.F.);
#8655 = FACE_BOUND('',#8656,.F.);
#8656 = EDGE_LOOP('',(#8657,#8658,#8659,#8665));
#8657 = ORIENTED_EDGE('',*,*,#8522,.F.);
#8658 = ORIENTED_EDGE('',*,*,#8584,.T.);
#8659 = ORIENTED_EDGE('',*,*,#8660,.T.);
#8660 = EDGE_CURVE('',#8577,#8635,#8661,.T.);
#8661 = LINE('',#8662,#8663);
#8662 = CARTESIAN_POINT('',(196.,-19.,1.008E+03));
#8663 = VECTOR('',#8664,1.);
#8664 = DIRECTION('',(1.,0.,0.));
#8665 = ORIENTED_EDGE('',*,*,#8642,.F.);
#8666 = PLANE('',#8667);
#8667 = AXIS2_PLACEMENT_3D('',#8668,#8669,#8670);
#8668 = CARTESIAN_POINT('',(196.,-19.,1.004E+03));
#8669 = DIRECTION('',(0.,1.,0.));
#8670 = DIRECTION('',(0.,0.,1.));
#8671 = ADVANCED_FACE('',(#8672),#8678,.T.);
#8672 = FACE_BOUND('',#8673,.T.);
#8673 = EDGE_LOOP('',(#8674,#8675,#8676,#8677));
#8674 = ORIENTED_EDGE('',*,*,#8576,.F.);
#8675 = ORIENTED_EDGE('',*,*,#8660,.T.);
#8676 = ORIENTED_EDGE('',*,*,#8634,.T.);
#8677 = ORIENTED_EDGE('',*,*,#8601,.F.);
#8678 = PLANE('',#8679);
#8679 = AXIS2_PLACEMENT_3D('',#8680,#8681,#8682);
#8680 = CARTESIAN_POINT('',(196.,-19.,1.008E+03));
#8681 = DIRECTION('',(0.,0.,1.));
#8682 = DIRECTION('',(1.,0.,0.));
#8683 = MANIFOLD_SOLID_BREP('',#8684);
#8684 = CLOSED_SHELL('',(#8685,#8725,#8756,#8987,#9018,#9049,#9080,#9104
    ,#9128,#9159,#9183,#9207,#9238,#9262,#9286,#9303,#9334,#9358,#9382,
    #9399,#9430,#9454,#9478,#9495,#9526,#9550,#9574,#9591,#9608,#9625,
    #9637,#9649,#9661,#9673,#9696,#9713));
#8685 = ADVANCED_FACE('',(#8686),#8720,.T.);
#8686 = FACE_BOUND('',#8687,.T.);
#8687 = EDGE_LOOP('',(#8688,#8698,#8706,#8714));
#8688 = ORIENTED_EDGE('',*,*,#8689,.F.);
#8689 = EDGE_CURVE('',#8690,#8692,#8694,.T.);
#8690 = VERTEX_POINT('',#8691);
#8691 = CARTESIAN_POINT('',(8.,12.,820.));
#8692 = VERTEX_POINT('',#8693);
#8693 = CARTESIAN_POINT('',(8.,336.,820.));
#8694 = LINE('',#8695,#8696);
#8695 = CARTESIAN_POINT('',(8.,12.,820.));
#8696 = VECTOR('',#8697,1.);
#8697 = DIRECTION('',(0.,1.,0.));
#8698 = ORIENTED_EDGE('',*,*,#8699,.T.);
#8699 = EDGE_CURVE('',#8690,#8700,#8702,.T.);
#8700 = VERTEX_POINT('',#8701);
#8701 = CARTESIAN_POINT('',(402.,12.,820.));
#8702 = LINE('',#8703,#8704);
#8703 = CARTESIAN_POINT('',(8.,12.,820.));
#8704 = VECTOR('',#8705,1.);
#8705 = DIRECTION('',(1.,0.,0.));
#8706 = ORIENTED_EDGE('',*,*,#8707,.T.);
#8707 = EDGE_CURVE('',#8700,#8708,#8710,.T.);
#8708 = VERTEX_POINT('',#8709);
#8709 = CARTESIAN_POINT('',(402.,336.,820.));
#8710 = LINE('',#8711,#8712);
#8711 = CARTESIAN_POINT('',(402.,12.,820.));
#8712 = VECTOR('',#8713,1.);
#8713 = DIRECTION('',(0.,1.,0.));
#8714 = ORIENTED_EDGE('',*,*,#8715,.F.);
#8715 = EDGE_CURVE('',#8692,#8708,#8716,.T.);
#8716 = LINE('',#8717,#8718);
#8717 = CARTESIAN_POINT('',(8.,336.,820.));
#8718 = VECTOR('',#8719,1.);
#8719 = DIRECTION('',(1.,0.,0.));
#8720 = PLANE('',#8721);
#8721 = AXIS2_PLACEMENT_3D('',#8722,#8723,#8724);
#8722 = CARTESIAN_POINT('',(8.,12.,820.));
#8723 = DIRECTION('',(0.,0.,1.));
#8724 = DIRECTION('',(1.,0.,0.));
#8725 = ADVANCED_FACE('',(#8726),#8751,.T.);
#8726 = FACE_BOUND('',#8727,.T.);
#8727 = EDGE_LOOP('',(#8728,#8738,#8744,#8745));
#8728 = ORIENTED_EDGE('',*,*,#8729,.F.);
#8729 = EDGE_CURVE('',#8730,#8732,#8734,.T.);
#8730 = VERTEX_POINT('',#8731);
#8731 = CARTESIAN_POINT('',(8.,336.,817.));
#8732 = VERTEX_POINT('',#8733);
#8733 = CARTESIAN_POINT('',(402.,336.,817.));
#8734 = LINE('',#8735,#8736);
#8735 = CARTESIAN_POINT('',(8.,336.,817.));
#8736 = VECTOR('',#8737,1.);
#8737 = DIRECTION('',(1.,0.,0.));
#8738 = ORIENTED_EDGE('',*,*,#8739,.T.);
#8739 = EDGE_CURVE('',#8730,#8692,#8740,.T.);
#8740 = LINE('',#8741,#8742);
#8741 = CARTESIAN_POINT('',(8.,336.,817.));
#8742 = VECTOR('',#8743,1.);
#8743 = DIRECTION('',(0.,0.,1.));
#8744 = ORIENTED_EDGE('',*,*,#8715,.T.);
#8745 = ORIENTED_EDGE('',*,*,#8746,.F.);
#8746 = EDGE_CURVE('',#8732,#8708,#8747,.T.);
#8747 = LINE('',#8748,#8749);
#8748 = CARTESIAN_POINT('',(402.,336.,817.));
#8749 = VECTOR('',#8750,1.);
#8750 = DIRECTION('',(0.,0.,1.));
#8751 = PLANE('',#8752);
#8752 = AXIS2_PLACEMENT_3D('',#8753,#8754,#8755);
#8753 = CARTESIAN_POINT('',(8.,336.,817.));
#8754 = DIRECTION('',(0.,1.,0.));
#8755 = DIRECTION('',(0.,0.,1.));
#8756 = ADVANCED_FACE('',(#8757,#8846,#8880,#8914,#8948),#8982,.F.);
#8757 = FACE_BOUND('',#8758,.F.);
#8758 = EDGE_LOOP('',(#8759,#8769,#8777,#8785,#8793,#8801,#8809,#8815,
    #8816,#8824,#8832,#8840));
#8759 = ORIENTED_EDGE('',*,*,#8760,.F.);
#8760 = EDGE_CURVE('',#8761,#8763,#8765,.T.);
#8761 = VERTEX_POINT('',#8762);
#8762 = CARTESIAN_POINT('',(8.,15.,817.));
#8763 = VERTEX_POINT('',#8764);
#8764 = CARTESIAN_POINT('',(8.,324.,817.));
#8765 = LINE('',#8766,#8767);
#8766 = CARTESIAN_POINT('',(8.,12.,817.));
#8767 = VECTOR('',#8768,1.);
#8768 = DIRECTION('',(0.,1.,0.));
#8769 = ORIENTED_EDGE('',*,*,#8770,.T.);
#8770 = EDGE_CURVE('',#8761,#8771,#8773,.T.);
#8771 = VERTEX_POINT('',#8772);
#8772 = CARTESIAN_POINT('',(402.,15.,817.));
#8773 = LINE('',#8774,#8775);
#8774 = CARTESIAN_POINT('',(8.,15.,817.));
#8775 = VECTOR('',#8776,1.);
#8776 = DIRECTION('',(1.,0.,0.));
#8777 = ORIENTED_EDGE('',*,*,#8778,.T.);
#8778 = EDGE_CURVE('',#8771,#8779,#8781,.T.);
#8779 = VERTEX_POINT('',#8780);
#8780 = CARTESIAN_POINT('',(402.,324.,817.));
#8781 = LINE('',#8782,#8783);
#8782 = CARTESIAN_POINT('',(402.,12.,817.));
#8783 = VECTOR('',#8784,1.);
#8784 = DIRECTION('',(0.,1.,0.));
#8785 = ORIENTED_EDGE('',*,*,#8786,.F.);
#8786 = EDGE_CURVE('',#8787,#8779,#8789,.T.);
#8787 = VERTEX_POINT('',#8788);
#8788 = CARTESIAN_POINT('',(396.,324.,817.));
#8789 = LINE('',#8790,#8791);
#8790 = CARTESIAN_POINT('',(8.,324.,817.));
#8791 = VECTOR('',#8792,1.);
#8792 = DIRECTION('',(1.,0.,0.));
#8793 = ORIENTED_EDGE('',*,*,#8794,.T.);
#8794 = EDGE_CURVE('',#8787,#8795,#8797,.T.);
#8795 = VERTEX_POINT('',#8796);
#8796 = CARTESIAN_POINT('',(396.,330.,817.));
#8797 = LINE('',#8798,#8799);
#8798 = CARTESIAN_POINT('',(396.,322.,817.));
#8799 = VECTOR('',#8800,1.);
#8800 = DIRECTION('',(0.,1.,0.));
#8801 = ORIENTED_EDGE('',*,*,#8802,.T.);
#8802 = EDGE_CURVE('',#8795,#8803,#8805,.T.);
#8803 = VERTEX_POINT('',#8804);
#8804 = CARTESIAN_POINT('',(402.,330.,817.));
#8805 = LINE('',#8806,#8807);
#8806 = CARTESIAN_POINT('',(8.,330.,817.));
#8807 = VECTOR('',#8808,1.);
#8808 = DIRECTION('',(1.,0.,0.));
#8809 = ORIENTED_EDGE('',*,*,#8810,.T.);
#8810 = EDGE_CURVE('',#8803,#8732,#8811,.T.);
#8811 = LINE('',#8812,#8813);
#8812 = CARTESIAN_POINT('',(402.,12.,817.));
#8813 = VECTOR('',#8814,1.);
#8814 = DIRECTION('',(0.,1.,0.));
#8815 = ORIENTED_EDGE('',*,*,#8729,.F.);
#8816 = ORIENTED_EDGE('',*,*,#8817,.F.);
#8817 = EDGE_CURVE('',#8818,#8730,#8820,.T.);
#8818 = VERTEX_POINT('',#8819);
#8819 = CARTESIAN_POINT('',(8.,330.,817.));
#8820 = LINE('',#8821,#8822);
#8821 = CARTESIAN_POINT('',(8.,12.,817.));
#8822 = VECTOR('',#8823,1.);
#8823 = DIRECTION('',(0.,1.,0.));
#8824 = ORIENTED_EDGE('',*,*,#8825,.T.);
#8825 = EDGE_CURVE('',#8818,#8826,#8828,.T.);
#8826 = VERTEX_POINT('',#8827);
#8827 = CARTESIAN_POINT('',(16.,330.,817.));
#8828 = LINE('',#8829,#8830);
#8829 = CARTESIAN_POINT('',(8.,330.,817.));
#8830 = VECTOR('',#8831,1.);
#8831 = DIRECTION('',(1.,0.,0.));
#8832 = ORIENTED_EDGE('',*,*,#8833,.F.);
#8833 = EDGE_CURVE('',#8834,#8826,#8836,.T.);
#8834 = VERTEX_POINT('',#8835);
#8835 = CARTESIAN_POINT('',(16.,324.,817.));
#8836 = LINE('',#8837,#8838);
#8837 = CARTESIAN_POINT('',(16.,322.,817.));
#8838 = VECTOR('',#8839,1.);
#8839 = DIRECTION('',(0.,1.,0.));
#8840 = ORIENTED_EDGE('',*,*,#8841,.F.);
#8841 = EDGE_CURVE('',#8763,#8834,#8842,.T.);
#8842 = LINE('',#8843,#8844);
#8843 = CARTESIAN_POINT('',(8.,324.,817.));
#8844 = VECTOR('',#8845,1.);
#8845 = DIRECTION('',(1.,0.,0.));
#8846 = FACE_BOUND('',#8847,.F.);
#8847 = EDGE_LOOP('',(#8848,#8858,#8866,#8874));
#8848 = ORIENTED_EDGE('',*,*,#8849,.F.);
#8849 = EDGE_CURVE('',#8850,#8852,#8854,.T.);
#8850 = VERTEX_POINT('',#8851);
#8851 = CARTESIAN_POINT('',(66.,324.,817.));
#8852 = VERTEX_POINT('',#8853);
#8853 = CARTESIAN_POINT('',(96.,324.,817.));
#8854 = LINE('',#8855,#8856);
#8855 = CARTESIAN_POINT('',(8.,324.,817.));
#8856 = VECTOR('',#8857,1.);
#8857 = DIRECTION('',(1.,0.,0.));
#8858 = ORIENTED_EDGE('',*,*,#8859,.T.);
#8859 = EDGE_CURVE('',#8850,#8860,#8862,.T.);
#8860 = VERTEX_POINT('',#8861);
#8861 = CARTESIAN_POINT('',(66.,330.,817.));
#8862 = LINE('',#8863,#8864);
#8863 = CARTESIAN_POINT('',(66.,322.,817.));
#8864 = VECTOR('',#8865,1.);
#8865 = DIRECTION('',(0.,1.,0.));
#8866 = ORIENTED_EDGE('',*,*,#8867,.T.);
#8867 = EDGE_CURVE('',#8860,#8868,#8870,.T.);
#8868 = VERTEX_POINT('',#8869);
#8869 = CARTESIAN_POINT('',(96.,330.,817.));
#8870 = LINE('',#8871,#8872);
#8871 = CARTESIAN_POINT('',(8.,330.,817.));
#8872 = VECTOR('',#8873,1.);
#8873 = DIRECTION('',(1.,0.,0.));
#8874 = ORIENTED_EDGE('',*,*,#8875,.F.);
#8875 = EDGE_CURVE('',#8852,#8868,#8876,.T.);
#8876 = LINE('',#8877,#8878);
#8877 = CARTESIAN_POINT('',(96.,322.,817.));
#8878 = VECTOR('',#8879,1.);
#8879 = DIRECTION('',(0.,1.,0.));
#8880 = FACE_BOUND('',#8881,.F.);
#8881 = EDGE_LOOP('',(#8882,#8892,#8900,#8908));
#8882 = ORIENTED_EDGE('',*,*,#8883,.F.);
#8883 = EDGE_CURVE('',#8884,#8886,#8888,.T.);
#8884 = VERTEX_POINT('',#8885);
#8885 = CARTESIAN_POINT('',(146.,324.,817.));
#8886 = VERTEX_POINT('',#8887);
#8887 = CARTESIAN_POINT('',(176.,324.,817.));
#8888 = LINE('',#8889,#8890);
#8889 = CARTESIAN_POINT('',(8.,324.,817.));
#8890 = VECTOR('',#8891,1.);
#8891 = DIRECTION('',(1.,0.,0.));
#8892 = ORIENTED_EDGE('',*,*,#8893,.T.);
#8893 = EDGE_CURVE('',#8884,#8894,#8896,.T.);
#8894 = VERTEX_POINT('',#8895);
#8895 = CARTESIAN_POINT('',(146.,330.,817.));
#8896 = LINE('',#8897,#8898);
#8897 = CARTESIAN_POINT('',(146.,322.,817.));
#8898 = VECTOR('',#8899,1.);
#8899 = DIRECTION('',(0.,1.,0.));
#8900 = ORIENTED_EDGE('',*,*,#8901,.T.);
#8901 = EDGE_CURVE('',#8894,#8902,#8904,.T.);
#8902 = VERTEX_POINT('',#8903);
#8903 = CARTESIAN_POINT('',(176.,330.,817.));
#8904 = LINE('',#8905,#8906);
#8905 = CARTESIAN_POINT('',(8.,330.,817.));
#8906 = VECTOR('',#8907,1.);
#8907 = DIRECTION('',(1.,0.,0.));
#8908 = ORIENTED_EDGE('',*,*,#8909,.F.);
#8909 = EDGE_CURVE('',#8886,#8902,#8910,.T.);
#8910 = LINE('',#8911,#8912);
#8911 = CARTESIAN_POINT('',(176.,322.,817.));
#8912 = VECTOR('',#8913,1.);
#8913 = DIRECTION('',(0.,1.,0.));
#8914 = FACE_BOUND('',#8915,.F.);
#8915 = EDGE_LOOP('',(#8916,#8926,#8934,#8942));
#8916 = ORIENTED_EDGE('',*,*,#8917,.F.);
#8917 = EDGE_CURVE('',#8918,#8920,#8922,.T.);
#8918 = VERTEX_POINT('',#8919);
#8919 = CARTESIAN_POINT('',(226.,324.,817.));
#8920 = VERTEX_POINT('',#8921);
#8921 = CARTESIAN_POINT('',(266.,324.,817.));
#8922 = LINE('',#8923,#8924);
#8923 = CARTESIAN_POINT('',(8.,324.,817.));
#8924 = VECTOR('',#8925,1.);
#8925 = DIRECTION('',(1.,0.,0.));
#8926 = ORIENTED_EDGE('',*,*,#8927,.T.);
#8927 = EDGE_CURVE('',#8918,#8928,#8930,.T.);
#8928 = VERTEX_POINT('',#8929);
#8929 = CARTESIAN_POINT('',(226.,330.,817.));
#8930 = LINE('',#8931,#8932);
#8931 = CARTESIAN_POINT('',(226.,322.,817.));
#8932 = VECTOR('',#8933,1.);
#8933 = DIRECTION('',(0.,1.,0.));
#8934 = ORIENTED_EDGE('',*,*,#8935,.T.);
#8935 = EDGE_CURVE('',#8928,#8936,#8938,.T.);
#8936 = VERTEX_POINT('',#8937);
#8937 = CARTESIAN_POINT('',(266.,330.,817.));
#8938 = LINE('',#8939,#8940);
#8939 = CARTESIAN_POINT('',(8.,330.,817.));
#8940 = VECTOR('',#8941,1.);
#8941 = DIRECTION('',(1.,0.,0.));
#8942 = ORIENTED_EDGE('',*,*,#8943,.F.);
#8943 = EDGE_CURVE('',#8920,#8936,#8944,.T.);
#8944 = LINE('',#8945,#8946);
#8945 = CARTESIAN_POINT('',(266.,322.,817.));
#8946 = VECTOR('',#8947,1.);
#8947 = DIRECTION('',(0.,1.,0.));
#8948 = FACE_BOUND('',#8949,.F.);
#8949 = EDGE_LOOP('',(#8950,#8960,#8968,#8976));
#8950 = ORIENTED_EDGE('',*,*,#8951,.F.);
#8951 = EDGE_CURVE('',#8952,#8954,#8956,.T.);
#8952 = VERTEX_POINT('',#8953);
#8953 = CARTESIAN_POINT('',(316.,324.,817.));
#8954 = VERTEX_POINT('',#8955);
#8955 = CARTESIAN_POINT('',(346.,324.,817.));
#8956 = LINE('',#8957,#8958);
#8957 = CARTESIAN_POINT('',(8.,324.,817.));
#8958 = VECTOR('',#8959,1.);
#8959 = DIRECTION('',(1.,0.,0.));
#8960 = ORIENTED_EDGE('',*,*,#8961,.T.);
#8961 = EDGE_CURVE('',#8952,#8962,#8964,.T.);
#8962 = VERTEX_POINT('',#8963);
#8963 = CARTESIAN_POINT('',(316.,330.,817.));
#8964 = LINE('',#8965,#8966);
#8965 = CARTESIAN_POINT('',(316.,322.,817.));
#8966 = VECTOR('',#8967,1.);
#8967 = DIRECTION('',(0.,1.,0.));
#8968 = ORIENTED_EDGE('',*,*,#8969,.T.);
#8969 = EDGE_CURVE('',#8962,#8970,#8972,.T.);
#8970 = VERTEX_POINT('',#8971);
#8971 = CARTESIAN_POINT('',(346.,330.,817.));
#8972 = LINE('',#8973,#8974);
#8973 = CARTESIAN_POINT('',(8.,330.,817.));
#8974 = VECTOR('',#8975,1.);
#8975 = DIRECTION('',(1.,0.,0.));
#8976 = ORIENTED_EDGE('',*,*,#8977,.F.);
#8977 = EDGE_CURVE('',#8954,#8970,#8978,.T.);
#8978 = LINE('',#8979,#8980);
#8979 = CARTESIAN_POINT('',(346.,322.,817.));
#8980 = VECTOR('',#8981,1.);
#8981 = DIRECTION('',(0.,1.,0.));
#8982 = PLANE('',#8983);
#8983 = AXIS2_PLACEMENT_3D('',#8984,#8985,#8986);
#8984 = CARTESIAN_POINT('',(8.,12.,817.));
#8985 = DIRECTION('',(0.,0.,1.));
#8986 = DIRECTION('',(1.,0.,0.));
#8987 = ADVANCED_FACE('',(#8988),#9013,.T.);
#8988 = FACE_BOUND('',#8989,.T.);
#8989 = EDGE_LOOP('',(#8990,#9000,#9006,#9007));
#8990 = ORIENTED_EDGE('',*,*,#8991,.F.);
#8991 = EDGE_CURVE('',#8992,#8994,#8996,.T.);
#8992 = VERTEX_POINT('',#8993);
#8993 = CARTESIAN_POINT('',(8.,15.,800.));
#8994 = VERTEX_POINT('',#8995);
#8995 = CARTESIAN_POINT('',(402.,15.,800.));
#8996 = LINE('',#8997,#8998);
#8997 = CARTESIAN_POINT('',(8.,15.,800.));
#8998 = VECTOR('',#8999,1.);
#8999 = DIRECTION('',(1.,0.,0.));
#9000 = ORIENTED_EDGE('',*,*,#9001,.T.);
#9001 = EDGE_CURVE('',#8992,#8761,#9002,.T.);
#9002 = LINE('',#9003,#9004);
#9003 = CARTESIAN_POINT('',(8.,15.,800.));
#9004 = VECTOR('',#9005,1.);
#9005 = DIRECTION('',(0.,0.,1.));
#9006 = ORIENTED_EDGE('',*,*,#8770,.T.);
#9007 = ORIENTED_EDGE('',*,*,#9008,.F.);
#9008 = EDGE_CURVE('',#8994,#8771,#9009,.T.);
#9009 = LINE('',#9010,#9011);
#9010 = CARTESIAN_POINT('',(402.,15.,800.));
#9011 = VECTOR('',#9012,1.);
#9012 = DIRECTION('',(0.,0.,1.));
#9013 = PLANE('',#9014);
#9014 = AXIS2_PLACEMENT_3D('',#9015,#9016,#9017);
#9015 = CARTESIAN_POINT('',(8.,15.,800.));
#9016 = DIRECTION('',(0.,1.,0.));
#9017 = DIRECTION('',(0.,0.,1.));
#9018 = ADVANCED_FACE('',(#9019),#9044,.F.);
#9019 = FACE_BOUND('',#9020,.F.);
#9020 = EDGE_LOOP('',(#9021,#9029,#9037,#9043));
#9021 = ORIENTED_EDGE('',*,*,#9022,.F.);
#9022 = EDGE_CURVE('',#9023,#8992,#9025,.T.);
#9023 = VERTEX_POINT('',#9024);
#9024 = CARTESIAN_POINT('',(8.,12.,800.));
#9025 = LINE('',#9026,#9027);
#9026 = CARTESIAN_POINT('',(8.,12.,800.));
#9027 = VECTOR('',#9028,1.);
#9028 = DIRECTION('',(0.,1.,0.));
#9029 = ORIENTED_EDGE('',*,*,#9030,.T.);
#9030 = EDGE_CURVE('',#9023,#9031,#9033,.T.);
#9031 = VERTEX_POINT('',#9032);
#9032 = CARTESIAN_POINT('',(402.,12.,800.));
#9033 = LINE('',#9034,#9035);
#9034 = CARTESIAN_POINT('',(8.,12.,800.));
#9035 = VECTOR('',#9036,1.);
#9036 = DIRECTION('',(1.,0.,0.));
#9037 = ORIENTED_EDGE('',*,*,#9038,.T.);
#9038 = EDGE_CURVE('',#9031,#8994,#9039,.T.);
#9039 = LINE('',#9040,#9041);
#9040 = CARTESIAN_POINT('',(402.,12.,800.));
#9041 = VECTOR('',#9042,1.);
#9042 = DIRECTION('',(0.,1.,0.));
#9043 = ORIENTED_EDGE('',*,*,#8991,.F.);
#9044 = PLANE('',#9045);
#9045 = AXIS2_PLACEMENT_3D('',#9046,#9047,#9048);
#9046 = CARTESIAN_POINT('',(8.,12.,800.));
#9047 = DIRECTION('',(0.,0.,1.));
#9048 = DIRECTION('',(1.,0.,0.));
#9049 = ADVANCED_FACE('',(#9050),#9075,.F.);
#9050 = FACE_BOUND('',#9051,.F.);
#9051 = EDGE_LOOP('',(#9052,#9062,#9068,#9069));
#9052 = ORIENTED_EDGE('',*,*,#9053,.F.);
#9053 = EDGE_CURVE('',#9054,#9056,#9058,.T.);
#9054 = VERTEX_POINT('',#9055);
#9055 = CARTESIAN_POINT('',(8.,324.,802.));
#9056 = VERTEX_POINT('',#9057);
#9057 = CARTESIAN_POINT('',(16.,324.,802.));
#9058 = LINE('',#9059,#9060);
#9059 = CARTESIAN_POINT('',(8.,324.,802.));
#9060 = VECTOR('',#9061,1.);
#9061 = DIRECTION('',(1.,0.,0.));
#9062 = ORIENTED_EDGE('',*,*,#9063,.T.);
#9063 = EDGE_CURVE('',#9054,#8763,#9064,.T.);
#9064 = LINE('',#9065,#9066);
#9065 = CARTESIAN_POINT('',(8.,324.,802.));
#9066 = VECTOR('',#9067,1.);
#9067 = DIRECTION('',(0.,0.,1.));
#9068 = ORIENTED_EDGE('',*,*,#8841,.T.);
#9069 = ORIENTED_EDGE('',*,*,#9070,.T.);
#9070 = EDGE_CURVE('',#8834,#9056,#9071,.T.);
#9071 = LINE('',#9072,#9073);
#9072 = CARTESIAN_POINT('',(16.,324.,800.));
#9073 = VECTOR('',#9074,1.);
#9074 = DIRECTION('',(0.,0.,-1.));
#9075 = PLANE('',#9076);
#9076 = AXIS2_PLACEMENT_3D('',#9077,#9078,#9079);
#9077 = CARTESIAN_POINT('',(8.,324.,802.));
#9078 = DIRECTION('',(0.,1.,0.));
#9079 = DIRECTION('',(0.,0.,1.));
#9080 = ADVANCED_FACE('',(#9081),#9099,.T.);
#9081 = FACE_BOUND('',#9082,.T.);
#9082 = EDGE_LOOP('',(#9083,#9084,#9085,#9093));
#9083 = ORIENTED_EDGE('',*,*,#8833,.F.);
#9084 = ORIENTED_EDGE('',*,*,#9070,.T.);
#9085 = ORIENTED_EDGE('',*,*,#9086,.T.);
#9086 = EDGE_CURVE('',#9056,#9087,#9089,.T.);
#9087 = VERTEX_POINT('',#9088);
#9088 = CARTESIAN_POINT('',(16.,330.,802.));
#9089 = LINE('',#9090,#9091);
#9090 = CARTESIAN_POINT('',(16.,322.,802.));
#9091 = VECTOR('',#9092,1.);
#9092 = DIRECTION('',(0.,1.,0.));
#9093 = ORIENTED_EDGE('',*,*,#9094,.F.);
#9094 = EDGE_CURVE('',#8826,#9087,#9095,.T.);
#9095 = LINE('',#9096,#9097);
#9096 = CARTESIAN_POINT('',(16.,330.,800.));
#9097 = VECTOR('',#9098,1.);
#9098 = DIRECTION('',(0.,0.,-1.));
#9099 = PLANE('',#9100);
#9100 = AXIS2_PLACEMENT_3D('',#9101,#9102,#9103);
#9101 = CARTESIAN_POINT('',(16.,320.,798.));
#9102 = DIRECTION('',(1.,0.,0.));
#9103 = DIRECTION('',(0.,0.,1.));
#9104 = ADVANCED_FACE('',(#9105),#9123,.T.);
#9105 = FACE_BOUND('',#9106,.T.);
#9106 = EDGE_LOOP('',(#9107,#9115,#9121,#9122));
#9107 = ORIENTED_EDGE('',*,*,#9108,.F.);
#9108 = EDGE_CURVE('',#9109,#9087,#9111,.T.);
#9109 = VERTEX_POINT('',#9110);
#9110 = CARTESIAN_POINT('',(8.,330.,802.));
#9111 = LINE('',#9112,#9113);
#9112 = CARTESIAN_POINT('',(8.,330.,802.));
#9113 = VECTOR('',#9114,1.);
#9114 = DIRECTION('',(1.,0.,0.));
#9115 = ORIENTED_EDGE('',*,*,#9116,.T.);
#9116 = EDGE_CURVE('',#9109,#8818,#9117,.T.);
#9117 = LINE('',#9118,#9119);
#9118 = CARTESIAN_POINT('',(8.,330.,802.));
#9119 = VECTOR('',#9120,1.);
#9120 = DIRECTION('',(0.,0.,1.));
#9121 = ORIENTED_EDGE('',*,*,#8825,.T.);
#9122 = ORIENTED_EDGE('',*,*,#9094,.T.);
#9123 = PLANE('',#9124);
#9124 = AXIS2_PLACEMENT_3D('',#9125,#9126,#9127);
#9125 = CARTESIAN_POINT('',(8.,330.,802.));
#9126 = DIRECTION('',(0.,1.,0.));
#9127 = DIRECTION('',(0.,0.,1.));
#9128 = ADVANCED_FACE('',(#9129),#9154,.T.);
#9129 = FACE_BOUND('',#9130,.T.);
#9130 = EDGE_LOOP('',(#9131,#9141,#9147,#9148));
#9131 = ORIENTED_EDGE('',*,*,#9132,.F.);
#9132 = EDGE_CURVE('',#9133,#9135,#9137,.T.);
#9133 = VERTEX_POINT('',#9134);
#9134 = CARTESIAN_POINT('',(396.,330.,802.));
#9135 = VERTEX_POINT('',#9136);
#9136 = CARTESIAN_POINT('',(402.,330.,802.));
#9137 = LINE('',#9138,#9139);
#9138 = CARTESIAN_POINT('',(8.,330.,802.));
#9139 = VECTOR('',#9140,1.);
#9140 = DIRECTION('',(1.,0.,0.));
#9141 = ORIENTED_EDGE('',*,*,#9142,.F.);
#9142 = EDGE_CURVE('',#8795,#9133,#9143,.T.);
#9143 = LINE('',#9144,#9145);
#9144 = CARTESIAN_POINT('',(396.,330.,800.));
#9145 = VECTOR('',#9146,1.);
#9146 = DIRECTION('',(0.,0.,-1.));
#9147 = ORIENTED_EDGE('',*,*,#8802,.T.);
#9148 = ORIENTED_EDGE('',*,*,#9149,.F.);
#9149 = EDGE_CURVE('',#9135,#8803,#9150,.T.);
#9150 = LINE('',#9151,#9152);
#9151 = CARTESIAN_POINT('',(402.,330.,802.));
#9152 = VECTOR('',#9153,1.);
#9153 = DIRECTION('',(0.,0.,1.));
#9154 = PLANE('',#9155);
#9155 = AXIS2_PLACEMENT_3D('',#9156,#9157,#9158);
#9156 = CARTESIAN_POINT('',(8.,330.,802.));
#9157 = DIRECTION('',(0.,1.,0.));
#9158 = DIRECTION('',(0.,0.,1.));
#9159 = ADVANCED_FACE('',(#9160),#9178,.F.);
#9160 = FACE_BOUND('',#9161,.F.);
#9161 = EDGE_LOOP('',(#9162,#9163,#9171,#9177));
#9162 = ORIENTED_EDGE('',*,*,#8794,.F.);
#9163 = ORIENTED_EDGE('',*,*,#9164,.T.);
#9164 = EDGE_CURVE('',#8787,#9165,#9167,.T.);
#9165 = VERTEX_POINT('',#9166);
#9166 = CARTESIAN_POINT('',(396.,324.,802.));
#9167 = LINE('',#9168,#9169);
#9168 = CARTESIAN_POINT('',(396.,324.,800.));
#9169 = VECTOR('',#9170,1.);
#9170 = DIRECTION('',(0.,0.,-1.));
#9171 = ORIENTED_EDGE('',*,*,#9172,.T.);
#9172 = EDGE_CURVE('',#9165,#9133,#9173,.T.);
#9173 = LINE('',#9174,#9175);
#9174 = CARTESIAN_POINT('',(396.,322.,802.));
#9175 = VECTOR('',#9176,1.);
#9176 = DIRECTION('',(0.,1.,0.));
#9177 = ORIENTED_EDGE('',*,*,#9142,.F.);
#9178 = PLANE('',#9179);
#9179 = AXIS2_PLACEMENT_3D('',#9180,#9181,#9182);
#9180 = CARTESIAN_POINT('',(396.,320.,798.));
#9181 = DIRECTION('',(1.,0.,0.));
#9182 = DIRECTION('',(0.,0.,1.));
#9183 = ADVANCED_FACE('',(#9184),#9202,.F.);
#9184 = FACE_BOUND('',#9185,.F.);
#9185 = EDGE_LOOP('',(#9186,#9194,#9195,#9196));
#9186 = ORIENTED_EDGE('',*,*,#9187,.F.);
#9187 = EDGE_CURVE('',#9165,#9188,#9190,.T.);
#9188 = VERTEX_POINT('',#9189);
#9189 = CARTESIAN_POINT('',(402.,324.,802.));
#9190 = LINE('',#9191,#9192);
#9191 = CARTESIAN_POINT('',(8.,324.,802.));
#9192 = VECTOR('',#9193,1.);
#9193 = DIRECTION('',(1.,0.,0.));
#9194 = ORIENTED_EDGE('',*,*,#9164,.F.);
#9195 = ORIENTED_EDGE('',*,*,#8786,.T.);
#9196 = ORIENTED_EDGE('',*,*,#9197,.F.);
#9197 = EDGE_CURVE('',#9188,#8779,#9198,.T.);
#9198 = LINE('',#9199,#9200);
#9199 = CARTESIAN_POINT('',(402.,324.,802.));
#9200 = VECTOR('',#9201,1.);
#9201 = DIRECTION('',(0.,0.,1.));
#9202 = PLANE('',#9203);
#9203 = AXIS2_PLACEMENT_3D('',#9204,#9205,#9206);
#9204 = CARTESIAN_POINT('',(8.,324.,802.));
#9205 = DIRECTION('',(0.,1.,0.));
#9206 = DIRECTION('',(0.,0.,1.));
#9207 = ADVANCED_FACE('',(#9208),#9233,.F.);
#9208 = FACE_BOUND('',#9209,.F.);
#9209 = EDGE_LOOP('',(#9210,#9220,#9226,#9227));
#9210 = ORIENTED_EDGE('',*,*,#9211,.F.);
#9211 = EDGE_CURVE('',#9212,#9214,#9216,.T.);
#9212 = VERTEX_POINT('',#9213);
#9213 = CARTESIAN_POINT('',(66.,324.,802.));
#9214 = VERTEX_POINT('',#9215);
#9215 = CARTESIAN_POINT('',(96.,324.,802.));
#9216 = LINE('',#9217,#9218);
#9217 = CARTESIAN_POINT('',(8.,324.,802.));
#9218 = VECTOR('',#9219,1.);
#9219 = DIRECTION('',(1.,0.,0.));
#9220 = ORIENTED_EDGE('',*,*,#9221,.F.);
#9221 = EDGE_CURVE('',#8850,#9212,#9222,.T.);
#9222 = LINE('',#9223,#9224);
#9223 = CARTESIAN_POINT('',(66.,324.,800.));
#9224 = VECTOR('',#9225,1.);
#9225 = DIRECTION('',(0.,0.,-1.));
#9226 = ORIENTED_EDGE('',*,*,#8849,.T.);
#9227 = ORIENTED_EDGE('',*,*,#9228,.T.);
#9228 = EDGE_CURVE('',#8852,#9214,#9229,.T.);
#9229 = LINE('',#9230,#9231);
#9230 = CARTESIAN_POINT('',(96.,324.,800.));
#9231 = VECTOR('',#9232,1.);
#9232 = DIRECTION('',(0.,0.,-1.));
#9233 = PLANE('',#9234);
#9234 = AXIS2_PLACEMENT_3D('',#9235,#9236,#9237);
#9235 = CARTESIAN_POINT('',(8.,324.,802.));
#9236 = DIRECTION('',(0.,1.,0.));
#9237 = DIRECTION('',(0.,0.,1.));
#9238 = ADVANCED_FACE('',(#9239),#9257,.T.);
#9239 = FACE_BOUND('',#9240,.T.);
#9240 = EDGE_LOOP('',(#9241,#9242,#9243,#9251));
#9241 = ORIENTED_EDGE('',*,*,#8875,.F.);
#9242 = ORIENTED_EDGE('',*,*,#9228,.T.);
#9243 = ORIENTED_EDGE('',*,*,#9244,.T.);
#9244 = EDGE_CURVE('',#9214,#9245,#9247,.T.);
#9245 = VERTEX_POINT('',#9246);
#9246 = CARTESIAN_POINT('',(96.,330.,802.));
#9247 = LINE('',#9248,#9249);
#9248 = CARTESIAN_POINT('',(96.,322.,802.));
#9249 = VECTOR('',#9250,1.);
#9250 = DIRECTION('',(0.,1.,0.));
#9251 = ORIENTED_EDGE('',*,*,#9252,.F.);
#9252 = EDGE_CURVE('',#8868,#9245,#9253,.T.);
#9253 = LINE('',#9254,#9255);
#9254 = CARTESIAN_POINT('',(96.,330.,800.));
#9255 = VECTOR('',#9256,1.);
#9256 = DIRECTION('',(0.,0.,-1.));
#9257 = PLANE('',#9258);
#9258 = AXIS2_PLACEMENT_3D('',#9259,#9260,#9261);
#9259 = CARTESIAN_POINT('',(96.,320.,798.));
#9260 = DIRECTION('',(1.,0.,0.));
#9261 = DIRECTION('',(0.,0.,1.));
#9262 = ADVANCED_FACE('',(#9263),#9281,.T.);
#9263 = FACE_BOUND('',#9264,.T.);
#9264 = EDGE_LOOP('',(#9265,#9273,#9279,#9280));
#9265 = ORIENTED_EDGE('',*,*,#9266,.F.);
#9266 = EDGE_CURVE('',#9267,#9245,#9269,.T.);
#9267 = VERTEX_POINT('',#9268);
#9268 = CARTESIAN_POINT('',(66.,330.,802.));
#9269 = LINE('',#9270,#9271);
#9270 = CARTESIAN_POINT('',(8.,330.,802.));
#9271 = VECTOR('',#9272,1.);
#9272 = DIRECTION('',(1.,0.,0.));
#9273 = ORIENTED_EDGE('',*,*,#9274,.F.);
#9274 = EDGE_CURVE('',#8860,#9267,#9275,.T.);
#9275 = LINE('',#9276,#9277);
#9276 = CARTESIAN_POINT('',(66.,330.,800.));
#9277 = VECTOR('',#9278,1.);
#9278 = DIRECTION('',(0.,0.,-1.));
#9279 = ORIENTED_EDGE('',*,*,#8867,.T.);
#9280 = ORIENTED_EDGE('',*,*,#9252,.T.);
#9281 = PLANE('',#9282);
#9282 = AXIS2_PLACEMENT_3D('',#9283,#9284,#9285);
#9283 = CARTESIAN_POINT('',(8.,330.,802.));
#9284 = DIRECTION('',(0.,1.,0.));
#9285 = DIRECTION('',(0.,0.,1.));
#9286 = ADVANCED_FACE('',(#9287),#9298,.F.);
#9287 = FACE_BOUND('',#9288,.F.);
#9288 = EDGE_LOOP('',(#9289,#9290,#9291,#9297));
#9289 = ORIENTED_EDGE('',*,*,#8859,.F.);
#9290 = ORIENTED_EDGE('',*,*,#9221,.T.);
#9291 = ORIENTED_EDGE('',*,*,#9292,.T.);
#9292 = EDGE_CURVE('',#9212,#9267,#9293,.T.);
#9293 = LINE('',#9294,#9295);
#9294 = CARTESIAN_POINT('',(66.,322.,802.));
#9295 = VECTOR('',#9296,1.);
#9296 = DIRECTION('',(0.,1.,0.));
#9297 = ORIENTED_EDGE('',*,*,#9274,.F.);
#9298 = PLANE('',#9299);
#9299 = AXIS2_PLACEMENT_3D('',#9300,#9301,#9302);
#9300 = CARTESIAN_POINT('',(66.,320.,798.));
#9301 = DIRECTION('',(1.,0.,0.));
#9302 = DIRECTION('',(0.,0.,1.));
#9303 = ADVANCED_FACE('',(#9304),#9329,.F.);
#9304 = FACE_BOUND('',#9305,.F.);
#9305 = EDGE_LOOP('',(#9306,#9316,#9322,#9323));
#9306 = ORIENTED_EDGE('',*,*,#9307,.F.);
#9307 = EDGE_CURVE('',#9308,#9310,#9312,.T.);
#9308 = VERTEX_POINT('',#9309);
#9309 = CARTESIAN_POINT('',(146.,324.,802.));
#9310 = VERTEX_POINT('',#9311);
#9311 = CARTESIAN_POINT('',(176.,324.,802.));
#9312 = LINE('',#9313,#9314);
#9313 = CARTESIAN_POINT('',(8.,324.,802.));
#9314 = VECTOR('',#9315,1.);
#9315 = DIRECTION('',(1.,0.,0.));
#9316 = ORIENTED_EDGE('',*,*,#9317,.F.);
#9317 = EDGE_CURVE('',#8884,#9308,#9318,.T.);
#9318 = LINE('',#9319,#9320);
#9319 = CARTESIAN_POINT('',(146.,324.,800.));
#9320 = VECTOR('',#9321,1.);
#9321 = DIRECTION('',(0.,0.,-1.));
#9322 = ORIENTED_EDGE('',*,*,#8883,.T.);
#9323 = ORIENTED_EDGE('',*,*,#9324,.T.);
#9324 = EDGE_CURVE('',#8886,#9310,#9325,.T.);
#9325 = LINE('',#9326,#9327);
#9326 = CARTESIAN_POINT('',(176.,324.,800.));
#9327 = VECTOR('',#9328,1.);
#9328 = DIRECTION('',(0.,0.,-1.));
#9329 = PLANE('',#9330);
#9330 = AXIS2_PLACEMENT_3D('',#9331,#9332,#9333);
#9331 = CARTESIAN_POINT('',(8.,324.,802.));
#9332 = DIRECTION('',(0.,1.,0.));
#9333 = DIRECTION('',(0.,0.,1.));
#9334 = ADVANCED_FACE('',(#9335),#9353,.T.);
#9335 = FACE_BOUND('',#9336,.T.);
#9336 = EDGE_LOOP('',(#9337,#9338,#9339,#9347));
#9337 = ORIENTED_EDGE('',*,*,#8909,.F.);
#9338 = ORIENTED_EDGE('',*,*,#9324,.T.);
#9339 = ORIENTED_EDGE('',*,*,#9340,.T.);
#9340 = EDGE_CURVE('',#9310,#9341,#9343,.T.);
#9341 = VERTEX_POINT('',#9342);
#9342 = CARTESIAN_POINT('',(176.,330.,802.));
#9343 = LINE('',#9344,#9345);
#9344 = CARTESIAN_POINT('',(176.,322.,802.));
#9345 = VECTOR('',#9346,1.);
#9346 = DIRECTION('',(0.,1.,0.));
#9347 = ORIENTED_EDGE('',*,*,#9348,.F.);
#9348 = EDGE_CURVE('',#8902,#9341,#9349,.T.);
#9349 = LINE('',#9350,#9351);
#9350 = CARTESIAN_POINT('',(176.,330.,800.));
#9351 = VECTOR('',#9352,1.);
#9352 = DIRECTION('',(0.,0.,-1.));
#9353 = PLANE('',#9354);
#9354 = AXIS2_PLACEMENT_3D('',#9355,#9356,#9357);
#9355 = CARTESIAN_POINT('',(176.,320.,798.));
#9356 = DIRECTION('',(1.,0.,0.));
#9357 = DIRECTION('',(0.,0.,1.));
#9358 = ADVANCED_FACE('',(#9359),#9377,.T.);
#9359 = FACE_BOUND('',#9360,.T.);
#9360 = EDGE_LOOP('',(#9361,#9369,#9375,#9376));
#9361 = ORIENTED_EDGE('',*,*,#9362,.F.);
#9362 = EDGE_CURVE('',#9363,#9341,#9365,.T.);
#9363 = VERTEX_POINT('',#9364);
#9364 = CARTESIAN_POINT('',(146.,330.,802.));
#9365 = LINE('',#9366,#9367);
#9366 = CARTESIAN_POINT('',(8.,330.,802.));
#9367 = VECTOR('',#9368,1.);
#9368 = DIRECTION('',(1.,0.,0.));
#9369 = ORIENTED_EDGE('',*,*,#9370,.F.);
#9370 = EDGE_CURVE('',#8894,#9363,#9371,.T.);
#9371 = LINE('',#9372,#9373);
#9372 = CARTESIAN_POINT('',(146.,330.,800.));
#9373 = VECTOR('',#9374,1.);
#9374 = DIRECTION('',(0.,0.,-1.));
#9375 = ORIENTED_EDGE('',*,*,#8901,.T.);
#9376 = ORIENTED_EDGE('',*,*,#9348,.T.);
#9377 = PLANE('',#9378);
#9378 = AXIS2_PLACEMENT_3D('',#9379,#9380,#9381);
#9379 = CARTESIAN_POINT('',(8.,330.,802.));
#9380 = DIRECTION('',(0.,1.,0.));
#9381 = DIRECTION('',(0.,0.,1.));
#9382 = ADVANCED_FACE('',(#9383),#9394,.F.);
#9383 = FACE_BOUND('',#9384,.F.);
#9384 = EDGE_LOOP('',(#9385,#9386,#9387,#9393));
#9385 = ORIENTED_EDGE('',*,*,#8893,.F.);
#9386 = ORIENTED_EDGE('',*,*,#9317,.T.);
#9387 = ORIENTED_EDGE('',*,*,#9388,.T.);
#9388 = EDGE_CURVE('',#9308,#9363,#9389,.T.);
#9389 = LINE('',#9390,#9391);
#9390 = CARTESIAN_POINT('',(146.,322.,802.));
#9391 = VECTOR('',#9392,1.);
#9392 = DIRECTION('',(0.,1.,0.));
#9393 = ORIENTED_EDGE('',*,*,#9370,.F.);
#9394 = PLANE('',#9395);
#9395 = AXIS2_PLACEMENT_3D('',#9396,#9397,#9398);
#9396 = CARTESIAN_POINT('',(146.,320.,798.));
#9397 = DIRECTION('',(1.,0.,0.));
#9398 = DIRECTION('',(0.,0.,1.));
#9399 = ADVANCED_FACE('',(#9400),#9425,.F.);
#9400 = FACE_BOUND('',#9401,.F.);
#9401 = EDGE_LOOP('',(#9402,#9412,#9418,#9419));
#9402 = ORIENTED_EDGE('',*,*,#9403,.F.);
#9403 = EDGE_CURVE('',#9404,#9406,#9408,.T.);
#9404 = VERTEX_POINT('',#9405);
#9405 = CARTESIAN_POINT('',(226.,324.,802.));
#9406 = VERTEX_POINT('',#9407);
#9407 = CARTESIAN_POINT('',(266.,324.,802.));
#9408 = LINE('',#9409,#9410);
#9409 = CARTESIAN_POINT('',(8.,324.,802.));
#9410 = VECTOR('',#9411,1.);
#9411 = DIRECTION('',(1.,0.,0.));
#9412 = ORIENTED_EDGE('',*,*,#9413,.F.);
#9413 = EDGE_CURVE('',#8918,#9404,#9414,.T.);
#9414 = LINE('',#9415,#9416);
#9415 = CARTESIAN_POINT('',(226.,324.,800.));
#9416 = VECTOR('',#9417,1.);
#9417 = DIRECTION('',(0.,0.,-1.));
#9418 = ORIENTED_EDGE('',*,*,#8917,.T.);
#9419 = ORIENTED_EDGE('',*,*,#9420,.T.);
#9420 = EDGE_CURVE('',#8920,#9406,#9421,.T.);
#9421 = LINE('',#9422,#9423);
#9422 = CARTESIAN_POINT('',(266.,324.,800.));
#9423 = VECTOR('',#9424,1.);
#9424 = DIRECTION('',(0.,0.,-1.));
#9425 = PLANE('',#9426);
#9426 = AXIS2_PLACEMENT_3D('',#9427,#9428,#9429);
#9427 = CARTESIAN_POINT('',(8.,324.,802.));
#9428 = DIRECTION('',(0.,1.,0.));
#9429 = DIRECTION('',(0.,0.,1.));
#9430 = ADVANCED_FACE('',(#9431),#9449,.T.);
#9431 = FACE_BOUND('',#9432,.T.);
#9432 = EDGE_LOOP('',(#9433,#9434,#9435,#9443));
#9433 = ORIENTED_EDGE('',*,*,#8943,.F.);
#9434 = ORIENTED_EDGE('',*,*,#9420,.T.);
#9435 = ORIENTED_EDGE('',*,*,#9436,.T.);
#9436 = EDGE_CURVE('',#9406,#9437,#9439,.T.);
#9437 = VERTEX_POINT('',#9438);
#9438 = CARTESIAN_POINT('',(266.,330.,802.));
#9439 = LINE('',#9440,#9441);
#9440 = CARTESIAN_POINT('',(266.,322.,802.));
#9441 = VECTOR('',#9442,1.);
#9442 = DIRECTION('',(0.,1.,0.));
#9443 = ORIENTED_EDGE('',*,*,#9444,.F.);
#9444 = EDGE_CURVE('',#8936,#9437,#9445,.T.);
#9445 = LINE('',#9446,#9447);
#9446 = CARTESIAN_POINT('',(266.,330.,800.));
#9447 = VECTOR('',#9448,1.);
#9448 = DIRECTION('',(0.,0.,-1.));
#9449 = PLANE('',#9450);
#9450 = AXIS2_PLACEMENT_3D('',#9451,#9452,#9453);
#9451 = CARTESIAN_POINT('',(266.,320.,798.));
#9452 = DIRECTION('',(1.,0.,0.));
#9453 = DIRECTION('',(0.,0.,1.));
#9454 = ADVANCED_FACE('',(#9455),#9473,.T.);
#9455 = FACE_BOUND('',#9456,.T.);
#9456 = EDGE_LOOP('',(#9457,#9465,#9471,#9472));
#9457 = ORIENTED_EDGE('',*,*,#9458,.F.);
#9458 = EDGE_CURVE('',#9459,#9437,#9461,.T.);
#9459 = VERTEX_POINT('',#9460);
#9460 = CARTESIAN_POINT('',(226.,330.,802.));
#9461 = LINE('',#9462,#9463);
#9462 = CARTESIAN_POINT('',(8.,330.,802.));
#9463 = VECTOR('',#9464,1.);
#9464 = DIRECTION('',(1.,0.,0.));
#9465 = ORIENTED_EDGE('',*,*,#9466,.F.);
#9466 = EDGE_CURVE('',#8928,#9459,#9467,.T.);
#9467 = LINE('',#9468,#9469);
#9468 = CARTESIAN_POINT('',(226.,330.,800.));
#9469 = VECTOR('',#9470,1.);
#9470 = DIRECTION('',(0.,0.,-1.));
#9471 = ORIENTED_EDGE('',*,*,#8935,.T.);
#9472 = ORIENTED_EDGE('',*,*,#9444,.T.);
#9473 = PLANE('',#9474);
#9474 = AXIS2_PLACEMENT_3D('',#9475,#9476,#9477);
#9475 = CARTESIAN_POINT('',(8.,330.,802.));
#9476 = DIRECTION('',(0.,1.,0.));
#9477 = DIRECTION('',(0.,0.,1.));
#9478 = ADVANCED_FACE('',(#9479),#9490,.F.);
#9479 = FACE_BOUND('',#9480,.F.);
#9480 = EDGE_LOOP('',(#9481,#9482,#9483,#9489));
#9481 = ORIENTED_EDGE('',*,*,#8927,.F.);
#9482 = ORIENTED_EDGE('',*,*,#9413,.T.);
#9483 = ORIENTED_EDGE('',*,*,#9484,.T.);
#9484 = EDGE_CURVE('',#9404,#9459,#9485,.T.);
#9485 = LINE('',#9486,#9487);
#9486 = CARTESIAN_POINT('',(226.,322.,802.));
#9487 = VECTOR('',#9488,1.);
#9488 = DIRECTION('',(0.,1.,0.));
#9489 = ORIENTED_EDGE('',*,*,#9466,.F.);
#9490 = PLANE('',#9491);
#9491 = AXIS2_PLACEMENT_3D('',#9492,#9493,#9494);
#9492 = CARTESIAN_POINT('',(226.,320.,798.));
#9493 = DIRECTION('',(1.,0.,0.));
#9494 = DIRECTION('',(0.,0.,1.));
#9495 = ADVANCED_FACE('',(#9496),#9521,.F.);
#9496 = FACE_BOUND('',#9497,.F.);
#9497 = EDGE_LOOP('',(#9498,#9508,#9514,#9515));
#9498 = ORIENTED_EDGE('',*,*,#9499,.F.);
#9499 = EDGE_CURVE('',#9500,#9502,#9504,.T.);
#9500 = VERTEX_POINT('',#9501);
#9501 = CARTESIAN_POINT('',(316.,324.,802.));
#9502 = VERTEX_POINT('',#9503);
#9503 = CARTESIAN_POINT('',(346.,324.,802.));
#9504 = LINE('',#9505,#9506);
#9505 = CARTESIAN_POINT('',(8.,324.,802.));
#9506 = VECTOR('',#9507,1.);
#9507 = DIRECTION('',(1.,0.,0.));
#9508 = ORIENTED_EDGE('',*,*,#9509,.F.);
#9509 = EDGE_CURVE('',#8952,#9500,#9510,.T.);
#9510 = LINE('',#9511,#9512);
#9511 = CARTESIAN_POINT('',(316.,324.,800.));
#9512 = VECTOR('',#9513,1.);
#9513 = DIRECTION('',(0.,0.,-1.));
#9514 = ORIENTED_EDGE('',*,*,#8951,.T.);
#9515 = ORIENTED_EDGE('',*,*,#9516,.T.);
#9516 = EDGE_CURVE('',#8954,#9502,#9517,.T.);
#9517 = LINE('',#9518,#9519);
#9518 = CARTESIAN_POINT('',(346.,324.,800.));
#9519 = VECTOR('',#9520,1.);
#9520 = DIRECTION('',(0.,0.,-1.));
#9521 = PLANE('',#9522);
#9522 = AXIS2_PLACEMENT_3D('',#9523,#9524,#9525);
#9523 = CARTESIAN_POINT('',(8.,324.,802.));
#9524 = DIRECTION('',(0.,1.,0.));
#9525 = DIRECTION('',(0.,0.,1.));
#9526 = ADVANCED_FACE('',(#9527),#9545,.T.);
#9527 = FACE_BOUND('',#9528,.T.);
#9528 = EDGE_LOOP('',(#9529,#9530,#9531,#9539));
#9529 = ORIENTED_EDGE('',*,*,#8977,.F.);
#9530 = ORIENTED_EDGE('',*,*,#9516,.T.);
#9531 = ORIENTED_EDGE('',*,*,#9532,.T.);
#9532 = EDGE_CURVE('',#9502,#9533,#9535,.T.);
#9533 = VERTEX_POINT('',#9534);
#9534 = CARTESIAN_POINT('',(346.,330.,802.));
#9535 = LINE('',#9536,#9537);
#9536 = CARTESIAN_POINT('',(346.,322.,802.));
#9537 = VECTOR('',#9538,1.);
#9538 = DIRECTION('',(0.,1.,0.));
#9539 = ORIENTED_EDGE('',*,*,#9540,.F.);
#9540 = EDGE_CURVE('',#8970,#9533,#9541,.T.);
#9541 = LINE('',#9542,#9543);
#9542 = CARTESIAN_POINT('',(346.,330.,800.));
#9543 = VECTOR('',#9544,1.);
#9544 = DIRECTION('',(0.,0.,-1.));
#9545 = PLANE('',#9546);
#9546 = AXIS2_PLACEMENT_3D('',#9547,#9548,#9549);
#9547 = CARTESIAN_POINT('',(346.,320.,798.));
#9548 = DIRECTION('',(1.,0.,0.));
#9549 = DIRECTION('',(0.,0.,1.));
#9550 = ADVANCED_FACE('',(#9551),#9569,.T.);
#9551 = FACE_BOUND('',#9552,.T.);
#9552 = EDGE_LOOP('',(#9553,#9561,#9567,#9568));
#9553 = ORIENTED_EDGE('',*,*,#9554,.F.);
#9554 = EDGE_CURVE('',#9555,#9533,#9557,.T.);
#9555 = VERTEX_POINT('',#9556);
#9556 = CARTESIAN_POINT('',(316.,330.,802.));
#9557 = LINE('',#9558,#9559);
#9558 = CARTESIAN_POINT('',(8.,330.,802.));
#9559 = VECTOR('',#9560,1.);
#9560 = DIRECTION('',(1.,0.,0.));
#9561 = ORIENTED_EDGE('',*,*,#9562,.F.);
#9562 = EDGE_CURVE('',#8962,#9555,#9563,.T.);
#9563 = LINE('',#9564,#9565);
#9564 = CARTESIAN_POINT('',(316.,330.,800.));
#9565 = VECTOR('',#9566,1.);
#9566 = DIRECTION('',(0.,0.,-1.));
#9567 = ORIENTED_EDGE('',*,*,#8969,.T.);
#9568 = ORIENTED_EDGE('',*,*,#9540,.T.);
#9569 = PLANE('',#9570);
#9570 = AXIS2_PLACEMENT_3D('',#9571,#9572,#9573);
#9571 = CARTESIAN_POINT('',(8.,330.,802.));
#9572 = DIRECTION('',(0.,1.,0.));
#9573 = DIRECTION('',(0.,0.,1.));
#9574 = ADVANCED_FACE('',(#9575),#9586,.F.);
#9575 = FACE_BOUND('',#9576,.F.);
#9576 = EDGE_LOOP('',(#9577,#9578,#9579,#9585));
#9577 = ORIENTED_EDGE('',*,*,#8961,.F.);
#9578 = ORIENTED_EDGE('',*,*,#9509,.T.);
#9579 = ORIENTED_EDGE('',*,*,#9580,.T.);
#9580 = EDGE_CURVE('',#9500,#9555,#9581,.T.);
#9581 = LINE('',#9582,#9583);
#9582 = CARTESIAN_POINT('',(316.,322.,802.));
#9583 = VECTOR('',#9584,1.);
#9584 = DIRECTION('',(0.,1.,0.));
#9585 = ORIENTED_EDGE('',*,*,#9562,.F.);
#9586 = PLANE('',#9587);
#9587 = AXIS2_PLACEMENT_3D('',#9588,#9589,#9590);
#9588 = CARTESIAN_POINT('',(316.,320.,798.));
#9589 = DIRECTION('',(1.,0.,0.));
#9590 = DIRECTION('',(0.,0.,1.));
#9591 = ADVANCED_FACE('',(#9592),#9603,.F.);
#9592 = FACE_BOUND('',#9593,.F.);
#9593 = EDGE_LOOP('',(#9594,#9595,#9601,#9602));
#9594 = ORIENTED_EDGE('',*,*,#9108,.F.);
#9595 = ORIENTED_EDGE('',*,*,#9596,.F.);
#9596 = EDGE_CURVE('',#9054,#9109,#9597,.T.);
#9597 = LINE('',#9598,#9599);
#9598 = CARTESIAN_POINT('',(8.,324.,802.));
#9599 = VECTOR('',#9600,1.);
#9600 = DIRECTION('',(0.,1.,0.));
#9601 = ORIENTED_EDGE('',*,*,#9053,.T.);
#9602 = ORIENTED_EDGE('',*,*,#9086,.T.);
#9603 = PLANE('',#9604);
#9604 = AXIS2_PLACEMENT_3D('',#9605,#9606,#9607);
#9605 = CARTESIAN_POINT('',(8.,324.,802.));
#9606 = DIRECTION('',(0.,0.,1.));
#9607 = DIRECTION('',(1.,0.,0.));
#9608 = ADVANCED_FACE('',(#9609),#9620,.F.);
#9609 = FACE_BOUND('',#9610,.F.);
#9610 = EDGE_LOOP('',(#9611,#9612,#9613,#9614));
#9611 = ORIENTED_EDGE('',*,*,#9132,.F.);
#9612 = ORIENTED_EDGE('',*,*,#9172,.F.);
#9613 = ORIENTED_EDGE('',*,*,#9187,.T.);
#9614 = ORIENTED_EDGE('',*,*,#9615,.T.);
#9615 = EDGE_CURVE('',#9188,#9135,#9616,.T.);
#9616 = LINE('',#9617,#9618);
#9617 = CARTESIAN_POINT('',(402.,324.,802.));
#9618 = VECTOR('',#9619,1.);
#9619 = DIRECTION('',(0.,1.,0.));
#9620 = PLANE('',#9621);
#9621 = AXIS2_PLACEMENT_3D('',#9622,#9623,#9624);
#9622 = CARTESIAN_POINT('',(8.,324.,802.));
#9623 = DIRECTION('',(0.,0.,1.));
#9624 = DIRECTION('',(1.,0.,0.));
#9625 = ADVANCED_FACE('',(#9626),#9632,.F.);
#9626 = FACE_BOUND('',#9627,.F.);
#9627 = EDGE_LOOP('',(#9628,#9629,#9630,#9631));
#9628 = ORIENTED_EDGE('',*,*,#9266,.F.);
#9629 = ORIENTED_EDGE('',*,*,#9292,.F.);
#9630 = ORIENTED_EDGE('',*,*,#9211,.T.);
#9631 = ORIENTED_EDGE('',*,*,#9244,.T.);
#9632 = PLANE('',#9633);
#9633 = AXIS2_PLACEMENT_3D('',#9634,#9635,#9636);
#9634 = CARTESIAN_POINT('',(8.,324.,802.));
#9635 = DIRECTION('',(0.,0.,1.));
#9636 = DIRECTION('',(1.,0.,0.));
#9637 = ADVANCED_FACE('',(#9638),#9644,.F.);
#9638 = FACE_BOUND('',#9639,.F.);
#9639 = EDGE_LOOP('',(#9640,#9641,#9642,#9643));
#9640 = ORIENTED_EDGE('',*,*,#9362,.F.);
#9641 = ORIENTED_EDGE('',*,*,#9388,.F.);
#9642 = ORIENTED_EDGE('',*,*,#9307,.T.);
#9643 = ORIENTED_EDGE('',*,*,#9340,.T.);
#9644 = PLANE('',#9645);
#9645 = AXIS2_PLACEMENT_3D('',#9646,#9647,#9648);
#9646 = CARTESIAN_POINT('',(8.,324.,802.));
#9647 = DIRECTION('',(0.,0.,1.));
#9648 = DIRECTION('',(1.,0.,0.));
#9649 = ADVANCED_FACE('',(#9650),#9656,.F.);
#9650 = FACE_BOUND('',#9651,.F.);
#9651 = EDGE_LOOP('',(#9652,#9653,#9654,#9655));
#9652 = ORIENTED_EDGE('',*,*,#9458,.F.);
#9653 = ORIENTED_EDGE('',*,*,#9484,.F.);
#9654 = ORIENTED_EDGE('',*,*,#9403,.T.);
#9655 = ORIENTED_EDGE('',*,*,#9436,.T.);
#9656 = PLANE('',#9657);
#9657 = AXIS2_PLACEMENT_3D('',#9658,#9659,#9660);
#9658 = CARTESIAN_POINT('',(8.,324.,802.));
#9659 = DIRECTION('',(0.,0.,1.));
#9660 = DIRECTION('',(1.,0.,0.));
#9661 = ADVANCED_FACE('',(#9662),#9668,.F.);
#9662 = FACE_BOUND('',#9663,.F.);
#9663 = EDGE_LOOP('',(#9664,#9665,#9666,#9667));
#9664 = ORIENTED_EDGE('',*,*,#9554,.F.);
#9665 = ORIENTED_EDGE('',*,*,#9580,.F.);
#9666 = ORIENTED_EDGE('',*,*,#9499,.T.);
#9667 = ORIENTED_EDGE('',*,*,#9532,.T.);
#9668 = PLANE('',#9669);
#9669 = AXIS2_PLACEMENT_3D('',#9670,#9671,#9672);
#9670 = CARTESIAN_POINT('',(8.,324.,802.));
#9671 = DIRECTION('',(0.,0.,1.));
#9672 = DIRECTION('',(1.,0.,0.));
#9673 = ADVANCED_FACE('',(#9674),#9691,.T.);
#9674 = FACE_BOUND('',#9675,.T.);
#9675 = EDGE_LOOP('',(#9676,#9677,#9678,#9679,#9680,#9681,#9682,#9683,
    #9684,#9685));
#9676 = ORIENTED_EDGE('',*,*,#8689,.T.);
#9677 = ORIENTED_EDGE('',*,*,#8739,.F.);
#9678 = ORIENTED_EDGE('',*,*,#8817,.F.);
#9679 = ORIENTED_EDGE('',*,*,#9116,.F.);
#9680 = ORIENTED_EDGE('',*,*,#9596,.F.);
#9681 = ORIENTED_EDGE('',*,*,#9063,.T.);
#9682 = ORIENTED_EDGE('',*,*,#8760,.F.);
#9683 = ORIENTED_EDGE('',*,*,#9001,.F.);
#9684 = ORIENTED_EDGE('',*,*,#9022,.F.);
#9685 = ORIENTED_EDGE('',*,*,#9686,.T.);
#9686 = EDGE_CURVE('',#9023,#8690,#9687,.T.);
#9687 = LINE('',#9688,#9689);
#9688 = CARTESIAN_POINT('',(8.,12.,800.));
#9689 = VECTOR('',#9690,1.);
#9690 = DIRECTION('',(0.,0.,1.));
#9691 = PLANE('',#9692);
#9692 = AXIS2_PLACEMENT_3D('',#9693,#9694,#9695);
#9693 = CARTESIAN_POINT('',(8.,172.79247910863,817.45403899721));
#9694 = DIRECTION('',(-1.,-0.,-0.));
#9695 = DIRECTION('',(0.,0.,-1.));
#9696 = ADVANCED_FACE('',(#9697),#9708,.T.);
#9697 = FACE_BOUND('',#9698,.T.);
#9698 = EDGE_LOOP('',(#9699,#9700,#9701,#9702));
#9699 = ORIENTED_EDGE('',*,*,#8699,.F.);
#9700 = ORIENTED_EDGE('',*,*,#9686,.F.);
#9701 = ORIENTED_EDGE('',*,*,#9030,.T.);
#9702 = ORIENTED_EDGE('',*,*,#9703,.T.);
#9703 = EDGE_CURVE('',#9031,#8700,#9704,.T.);
#9704 = LINE('',#9705,#9706);
#9705 = CARTESIAN_POINT('',(402.,12.,800.));
#9706 = VECTOR('',#9707,1.);
#9707 = DIRECTION('',(0.,0.,1.));
#9708 = PLANE('',#9709);
#9709 = AXIS2_PLACEMENT_3D('',#9710,#9711,#9712);
#9710 = CARTESIAN_POINT('',(205.,12.,810.));
#9711 = DIRECTION('',(-0.,-1.,-0.));
#9712 = DIRECTION('',(0.,0.,-1.));
#9713 = ADVANCED_FACE('',(#9714),#9726,.T.);
#9714 = FACE_BOUND('',#9715,.T.);
#9715 = EDGE_LOOP('',(#9716,#9717,#9718,#9719,#9720,#9721,#9722,#9723,
    #9724,#9725));
#9716 = ORIENTED_EDGE('',*,*,#9703,.F.);
#9717 = ORIENTED_EDGE('',*,*,#9038,.T.);
#9718 = ORIENTED_EDGE('',*,*,#9008,.T.);
#9719 = ORIENTED_EDGE('',*,*,#8778,.T.);
#9720 = ORIENTED_EDGE('',*,*,#9197,.F.);
#9721 = ORIENTED_EDGE('',*,*,#9615,.T.);
#9722 = ORIENTED_EDGE('',*,*,#9149,.T.);
#9723 = ORIENTED_EDGE('',*,*,#8810,.T.);
#9724 = ORIENTED_EDGE('',*,*,#8746,.T.);
#9725 = ORIENTED_EDGE('',*,*,#8707,.F.);
#9726 = PLANE('',#9727);
#9727 = AXIS2_PLACEMENT_3D('',#9728,#9729,#9730);
#9728 = CARTESIAN_POINT('',(402.,172.79247910863,817.45403899721));
#9729 = DIRECTION('',(1.,0.,0.));
#9730 = DIRECTION('',(0.,0.,1.));
#9731 = MANIFOLD_SOLID_BREP('',#9732);
#9732 = CLOSED_SHELL('',(#9733,#9893,#9924,#9955,#9989,#10037,#10061,
    #10102,#10150,#10174,#10198,#10215,#10239,#10263,#10280,#10297,
    #10314,#10326,#10350,#10374,#10391,#10405));
#9733 = ADVANCED_FACE('',(#9734),#9888,.T.);
#9734 = FACE_BOUND('',#9735,.T.);
#9735 = EDGE_LOOP('',(#9736,#9746,#9755,#9763,#9772,#9780,#9789,#9797,
    #9806,#9814,#9823,#9831,#9838,#9839,#9848,#9856,#9863,#9864,#9873,
    #9881));
#9736 = ORIENTED_EDGE('',*,*,#9737,.T.);
#9737 = EDGE_CURVE('',#9738,#9740,#9742,.T.);
#9738 = VERTEX_POINT('',#9739);
#9739 = CARTESIAN_POINT('',(20.,326.,805.7639320225));
#9740 = VERTEX_POINT('',#9741);
#9741 = CARTESIAN_POINT('',(62.,326.,805.7639320225));
#9742 = LINE('',#9743,#9744);
#9743 = CARTESIAN_POINT('',(20.,326.,805.7639320225));
#9744 = VECTOR('',#9745,1.);
#9745 = DIRECTION('',(1.,0.,0.));
#9746 = ORIENTED_EDGE('',*,*,#9747,.T.);
#9747 = EDGE_CURVE('',#9740,#9748,#9750,.T.);
#9748 = VERTEX_POINT('',#9749);
#9749 = CARTESIAN_POINT('',(62.,328.,811.));
#9750 = CIRCLE('',#9751,3.);
#9751 = AXIS2_PLACEMENT_3D('',#9752,#9753,#9754);
#9752 = CARTESIAN_POINT('',(62.,328.,808.));
#9753 = DIRECTION('',(1.,0.,-0.));
#9754 = DIRECTION('',(0.,0.,1.));
#9755 = ORIENTED_EDGE('',*,*,#9756,.T.);
#9756 = EDGE_CURVE('',#9748,#9757,#9759,.T.);
#9757 = VERTEX_POINT('',#9758);
#9758 = CARTESIAN_POINT('',(180.,328.,811.));
#9759 = LINE('',#9760,#9761);
#9760 = CARTESIAN_POINT('',(20.,328.,811.));
#9761 = VECTOR('',#9762,1.);
#9762 = DIRECTION('',(1.,0.,0.));
#9763 = ORIENTED_EDGE('',*,*,#9764,.F.);
#9764 = EDGE_CURVE('',#9765,#9757,#9767,.T.);
#9765 = VERTEX_POINT('',#9766);
#9766 = CARTESIAN_POINT('',(180.,326.,805.7639320225));
#9767 = CIRCLE('',#9768,3.);
#9768 = AXIS2_PLACEMENT_3D('',#9769,#9770,#9771);
#9769 = CARTESIAN_POINT('',(180.,328.,808.));
#9770 = DIRECTION('',(1.,0.,-0.));
#9771 = DIRECTION('',(0.,0.,1.));
#9772 = ORIENTED_EDGE('',*,*,#9773,.T.);
#9773 = EDGE_CURVE('',#9765,#9774,#9776,.T.);
#9774 = VERTEX_POINT('',#9775);
#9775 = CARTESIAN_POINT('',(222.,326.,805.7639320225));
#9776 = LINE('',#9777,#9778);
#9777 = CARTESIAN_POINT('',(20.,326.,805.7639320225));
#9778 = VECTOR('',#9779,1.);
#9779 = DIRECTION('',(1.,0.,0.));
#9780 = ORIENTED_EDGE('',*,*,#9781,.T.);
#9781 = EDGE_CURVE('',#9774,#9782,#9784,.T.);
#9782 = VERTEX_POINT('',#9783);
#9783 = CARTESIAN_POINT('',(222.,328.,811.));
#9784 = CIRCLE('',#9785,3.);
#9785 = AXIS2_PLACEMENT_3D('',#9786,#9787,#9788);
#9786 = CARTESIAN_POINT('',(222.,328.,808.));
#9787 = DIRECTION('',(1.,0.,-0.));
#9788 = DIRECTION('',(0.,0.,1.));
#9789 = ORIENTED_EDGE('',*,*,#9790,.T.);
#9790 = EDGE_CURVE('',#9782,#9791,#9793,.T.);
#9791 = VERTEX_POINT('',#9792);
#9792 = CARTESIAN_POINT('',(350.,328.,811.));
#9793 = LINE('',#9794,#9795);
#9794 = CARTESIAN_POINT('',(20.,328.,811.));
#9795 = VECTOR('',#9796,1.);
#9796 = DIRECTION('',(1.,0.,0.));
#9797 = ORIENTED_EDGE('',*,*,#9798,.F.);
#9798 = EDGE_CURVE('',#9799,#9791,#9801,.T.);
#9799 = VERTEX_POINT('',#9800);
#9800 = CARTESIAN_POINT('',(350.,326.,805.7639320225));
#9801 = CIRCLE('',#9802,3.);
#9802 = AXIS2_PLACEMENT_3D('',#9803,#9804,#9805);
#9803 = CARTESIAN_POINT('',(350.,328.,808.));
#9804 = DIRECTION('',(1.,0.,-0.));
#9805 = DIRECTION('',(0.,0.,1.));
#9806 = ORIENTED_EDGE('',*,*,#9807,.T.);
#9807 = EDGE_CURVE('',#9799,#9808,#9810,.T.);
#9808 = VERTEX_POINT('',#9809);
#9809 = CARTESIAN_POINT('',(392.,326.,805.7639320225));
#9810 = LINE('',#9811,#9812);
#9811 = CARTESIAN_POINT('',(20.,326.,805.7639320225));
#9812 = VECTOR('',#9813,1.);
#9813 = DIRECTION('',(1.,0.,0.));
#9814 = ORIENTED_EDGE('',*,*,#9815,.F.);
#9815 = EDGE_CURVE('',#9816,#9808,#9818,.T.);
#9816 = VERTEX_POINT('',#9817);
#9817 = CARTESIAN_POINT('',(392.,326.,810.2360679775));
#9818 = CIRCLE('',#9819,3.);
#9819 = AXIS2_PLACEMENT_3D('',#9820,#9821,#9822);
#9820 = CARTESIAN_POINT('',(392.,328.,808.));
#9821 = DIRECTION('',(1.,0.,-0.));
#9822 = DIRECTION('',(0.,0.,1.));
#9823 = ORIENTED_EDGE('',*,*,#9824,.F.);
#9824 = EDGE_CURVE('',#9825,#9816,#9827,.T.);
#9825 = VERTEX_POINT('',#9826);
#9826 = CARTESIAN_POINT('',(350.,326.,810.2360679775));
#9827 = LINE('',#9828,#9829);
#9828 = CARTESIAN_POINT('',(20.,326.,810.2360679775));
#9829 = VECTOR('',#9830,1.);
#9830 = DIRECTION('',(1.,0.,0.));
#9831 = ORIENTED_EDGE('',*,*,#9832,.F.);
#9832 = EDGE_CURVE('',#9791,#9825,#9833,.T.);
#9833 = CIRCLE('',#9834,3.);
#9834 = AXIS2_PLACEMENT_3D('',#9835,#9836,#9837);
#9835 = CARTESIAN_POINT('',(350.,328.,808.));
#9836 = DIRECTION('',(1.,0.,-0.));
#9837 = DIRECTION('',(0.,0.,1.));
#9838 = ORIENTED_EDGE('',*,*,#9790,.F.);
#9839 = ORIENTED_EDGE('',*,*,#9840,.T.);
#9840 = EDGE_CURVE('',#9782,#9841,#9843,.T.);
#9841 = VERTEX_POINT('',#9842);
#9842 = CARTESIAN_POINT('',(222.,326.,810.2360679775));
#9843 = CIRCLE('',#9844,3.);
#9844 = AXIS2_PLACEMENT_3D('',#9845,#9846,#9847);
#9845 = CARTESIAN_POINT('',(222.,328.,808.));
#9846 = DIRECTION('',(1.,0.,-0.));
#9847 = DIRECTION('',(0.,0.,1.));
#9848 = ORIENTED_EDGE('',*,*,#9849,.F.);
#9849 = EDGE_CURVE('',#9850,#9841,#9852,.T.);
#9850 = VERTEX_POINT('',#9851);
#9851 = CARTESIAN_POINT('',(180.,326.,810.2360679775));
#9852 = LINE('',#9853,#9854);
#9853 = CARTESIAN_POINT('',(20.,326.,810.2360679775));
#9854 = VECTOR('',#9855,1.);
#9855 = DIRECTION('',(1.,0.,0.));
#9856 = ORIENTED_EDGE('',*,*,#9857,.F.);
#9857 = EDGE_CURVE('',#9757,#9850,#9858,.T.);
#9858 = CIRCLE('',#9859,3.);
#9859 = AXIS2_PLACEMENT_3D('',#9860,#9861,#9862);
#9860 = CARTESIAN_POINT('',(180.,328.,808.));
#9861 = DIRECTION('',(1.,0.,-0.));
#9862 = DIRECTION('',(0.,0.,1.));
#9863 = ORIENTED_EDGE('',*,*,#9756,.F.);
#9864 = ORIENTED_EDGE('',*,*,#9865,.T.);
#9865 = EDGE_CURVE('',#9748,#9866,#9868,.T.);
#9866 = VERTEX_POINT('',#9867);
#9867 = CARTESIAN_POINT('',(62.,326.,810.2360679775));
#9868 = CIRCLE('',#9869,3.);
#9869 = AXIS2_PLACEMENT_3D('',#9870,#9871,#9872);
#9870 = CARTESIAN_POINT('',(62.,328.,808.));
#9871 = DIRECTION('',(1.,0.,-0.));
#9872 = DIRECTION('',(0.,0.,1.));
#9873 = ORIENTED_EDGE('',*,*,#9874,.F.);
#9874 = EDGE_CURVE('',#9875,#9866,#9877,.T.);
#9875 = VERTEX_POINT('',#9876);
#9876 = CARTESIAN_POINT('',(20.,326.,810.2360679775));
#9877 = LINE('',#9878,#9879);
#9878 = CARTESIAN_POINT('',(20.,326.,810.2360679775));
#9879 = VECTOR('',#9880,1.);
#9880 = DIRECTION('',(1.,0.,0.));
#9881 = ORIENTED_EDGE('',*,*,#9882,.T.);
#9882 = EDGE_CURVE('',#9875,#9738,#9883,.T.);
#9883 = CIRCLE('',#9884,3.);
#9884 = AXIS2_PLACEMENT_3D('',#9885,#9886,#9887);
#9885 = CARTESIAN_POINT('',(20.,328.,808.));
#9886 = DIRECTION('',(1.,0.,-0.));
#9887 = DIRECTION('',(0.,0.,1.));
#9888 = CYLINDRICAL_SURFACE('',#9889,3.);
#9889 = AXIS2_PLACEMENT_3D('',#9890,#9891,#9892);
#9890 = CARTESIAN_POINT('',(20.,328.,808.));
#9891 = DIRECTION('',(1.,0.,0.));
#9892 = DIRECTION('',(0.,0.,1.));
#9893 = ADVANCED_FACE('',(#9894),#9919,.F.);
#9894 = FACE_BOUND('',#9895,.F.);
#9895 = EDGE_LOOP('',(#9896,#9904,#9912,#9918));
#9896 = ORIENTED_EDGE('',*,*,#9897,.F.);
#9897 = EDGE_CURVE('',#9898,#9740,#9900,.T.);
#9898 = VERTEX_POINT('',#9899);
#9899 = CARTESIAN_POINT('',(62.,326.,802.));
#9900 = LINE('',#9901,#9902);
#9901 = CARTESIAN_POINT('',(62.,326.,802.));
#9902 = VECTOR('',#9903,1.);
#9903 = DIRECTION('',(0.,0.,1.));
#9904 = ORIENTED_EDGE('',*,*,#9905,.F.);
#9905 = EDGE_CURVE('',#9906,#9898,#9908,.T.);
#9906 = VERTEX_POINT('',#9907);
#9907 = CARTESIAN_POINT('',(20.,326.,802.));
#9908 = LINE('',#9909,#9910);
#9909 = CARTESIAN_POINT('',(20.,326.,802.));
#9910 = VECTOR('',#9911,1.);
#9911 = DIRECTION('',(1.,0.,0.));
#9912 = ORIENTED_EDGE('',*,*,#9913,.T.);
#9913 = EDGE_CURVE('',#9906,#9738,#9914,.T.);
#9914 = LINE('',#9915,#9916);
#9915 = CARTESIAN_POINT('',(20.,326.,802.));
#9916 = VECTOR('',#9917,1.);
#9917 = DIRECTION('',(0.,0.,1.));
#9918 = ORIENTED_EDGE('',*,*,#9737,.T.);
#9919 = PLANE('',#9920);
#9920 = AXIS2_PLACEMENT_3D('',#9921,#9922,#9923);
#9921 = CARTESIAN_POINT('',(20.,326.,802.));
#9922 = DIRECTION('',(0.,1.,0.));
#9923 = DIRECTION('',(0.,0.,1.));
#9924 = ADVANCED_FACE('',(#9925),#9950,.F.);
#9925 = FACE_BOUND('',#9926,.F.);
#9926 = EDGE_LOOP('',(#9927,#9935,#9936,#9944));
#9927 = ORIENTED_EDGE('',*,*,#9928,.F.);
#9928 = EDGE_CURVE('',#9866,#9929,#9931,.T.);
#9929 = VERTEX_POINT('',#9930);
#9930 = CARTESIAN_POINT('',(62.,326.,816.5));
#9931 = LINE('',#9932,#9933);
#9932 = CARTESIAN_POINT('',(62.,326.,802.));
#9933 = VECTOR('',#9934,1.);
#9934 = DIRECTION('',(0.,0.,1.));
#9935 = ORIENTED_EDGE('',*,*,#9874,.F.);
#9936 = ORIENTED_EDGE('',*,*,#9937,.T.);
#9937 = EDGE_CURVE('',#9875,#9938,#9940,.T.);
#9938 = VERTEX_POINT('',#9939);
#9939 = CARTESIAN_POINT('',(20.,326.,816.5));
#9940 = LINE('',#9941,#9942);
#9941 = CARTESIAN_POINT('',(20.,326.,802.));
#9942 = VECTOR('',#9943,1.);
#9943 = DIRECTION('',(0.,0.,1.));
#9944 = ORIENTED_EDGE('',*,*,#9945,.T.);
#9945 = EDGE_CURVE('',#9938,#9929,#9946,.T.);
#9946 = LINE('',#9947,#9948);
#9947 = CARTESIAN_POINT('',(20.,326.,816.5));
#9948 = VECTOR('',#9949,1.);
#9949 = DIRECTION('',(1.,0.,0.));
#9950 = PLANE('',#9951);
#9951 = AXIS2_PLACEMENT_3D('',#9952,#9953,#9954);
#9952 = CARTESIAN_POINT('',(20.,326.,802.));
#9953 = DIRECTION('',(0.,1.,0.));
#9954 = DIRECTION('',(0.,0.,1.));
#9955 = ADVANCED_FACE('',(#9956),#9984,.T.);
#9956 = FACE_BOUND('',#9957,.T.);
#9957 = EDGE_LOOP('',(#9958,#9959,#9967,#9975,#9981,#9982,#9983));
#9958 = ORIENTED_EDGE('',*,*,#9897,.F.);
#9959 = ORIENTED_EDGE('',*,*,#9960,.T.);
#9960 = EDGE_CURVE('',#9898,#9961,#9963,.T.);
#9961 = VERTEX_POINT('',#9962);
#9962 = CARTESIAN_POINT('',(62.,348.,802.));
#9963 = LINE('',#9964,#9965);
#9964 = CARTESIAN_POINT('',(62.,326.,802.));
#9965 = VECTOR('',#9966,1.);
#9966 = DIRECTION('',(0.,1.,0.));
#9967 = ORIENTED_EDGE('',*,*,#9968,.T.);
#9968 = EDGE_CURVE('',#9961,#9969,#9971,.T.);
#9969 = VERTEX_POINT('',#9970);
#9970 = CARTESIAN_POINT('',(62.,348.,816.5));
#9971 = LINE('',#9972,#9973);
#9972 = CARTESIAN_POINT('',(62.,348.,802.));
#9973 = VECTOR('',#9974,1.);
#9974 = DIRECTION('',(0.,0.,1.));
#9975 = ORIENTED_EDGE('',*,*,#9976,.F.);
#9976 = EDGE_CURVE('',#9929,#9969,#9977,.T.);
#9977 = LINE('',#9978,#9979);
#9978 = CARTESIAN_POINT('',(62.,326.,816.5));
#9979 = VECTOR('',#9980,1.);
#9980 = DIRECTION('',(0.,1.,0.));
#9981 = ORIENTED_EDGE('',*,*,#9928,.F.);
#9982 = ORIENTED_EDGE('',*,*,#9865,.F.);
#9983 = ORIENTED_EDGE('',*,*,#9747,.F.);
#9984 = PLANE('',#9985);
#9985 = AXIS2_PLACEMENT_3D('',#9986,#9987,#9988);
#9986 = CARTESIAN_POINT('',(62.,326.,802.));
#9987 = DIRECTION('',(1.,0.,0.));
#9988 = DIRECTION('',(0.,0.,1.));
#9989 = ADVANCED_FACE('',(#9990),#10032,.F.);
#9990 = FACE_BOUND('',#9991,.F.);
#9991 = EDGE_LOOP('',(#9992,#10000,#10008,#10016,#10024,#10030,#10031));
#9992 = ORIENTED_EDGE('',*,*,#9993,.F.);
#9993 = EDGE_CURVE('',#9994,#9765,#9996,.T.);
#9994 = VERTEX_POINT('',#9995);
#9995 = CARTESIAN_POINT('',(180.,326.,802.));
#9996 = LINE('',#9997,#9998);
#9997 = CARTESIAN_POINT('',(180.,326.,802.));
#9998 = VECTOR('',#9999,1.);
#9999 = DIRECTION('',(0.,0.,1.));
#10000 = ORIENTED_EDGE('',*,*,#10001,.T.);
#10001 = EDGE_CURVE('',#9994,#10002,#10004,.T.);
#10002 = VERTEX_POINT('',#10003);
#10003 = CARTESIAN_POINT('',(180.,348.,802.));
#10004 = LINE('',#10005,#10006);
#10005 = CARTESIAN_POINT('',(180.,326.,802.));
#10006 = VECTOR('',#10007,1.);
#10007 = DIRECTION('',(0.,1.,0.));
#10008 = ORIENTED_EDGE('',*,*,#10009,.T.);
#10009 = EDGE_CURVE('',#10002,#10010,#10012,.T.);
#10010 = VERTEX_POINT('',#10011);
#10011 = CARTESIAN_POINT('',(180.,348.,816.5));
#10012 = LINE('',#10013,#10014);
#10013 = CARTESIAN_POINT('',(180.,348.,802.));
#10014 = VECTOR('',#10015,1.);
#10015 = DIRECTION('',(0.,0.,1.));
#10016 = ORIENTED_EDGE('',*,*,#10017,.F.);
#10017 = EDGE_CURVE('',#10018,#10010,#10020,.T.);
#10018 = VERTEX_POINT('',#10019);
#10019 = CARTESIAN_POINT('',(180.,326.,816.5));
#10020 = LINE('',#10021,#10022);
#10021 = CARTESIAN_POINT('',(180.,326.,816.5));
#10022 = VECTOR('',#10023,1.);
#10023 = DIRECTION('',(0.,1.,0.));
#10024 = ORIENTED_EDGE('',*,*,#10025,.F.);
#10025 = EDGE_CURVE('',#9850,#10018,#10026,.T.);
#10026 = LINE('',#10027,#10028);
#10027 = CARTESIAN_POINT('',(180.,326.,802.));
#10028 = VECTOR('',#10029,1.);
#10029 = DIRECTION('',(0.,0.,1.));
#10030 = ORIENTED_EDGE('',*,*,#9857,.F.);
#10031 = ORIENTED_EDGE('',*,*,#9764,.F.);
#10032 = PLANE('',#10033);
#10033 = AXIS2_PLACEMENT_3D('',#10034,#10035,#10036);
#10034 = CARTESIAN_POINT('',(180.,326.,802.));
#10035 = DIRECTION('',(1.,0.,0.));
#10036 = DIRECTION('',(0.,0.,1.));
#10037 = ADVANCED_FACE('',(#10038),#10056,.F.);
#10038 = FACE_BOUND('',#10039,.F.);
#10039 = EDGE_LOOP('',(#10040,#10048,#10049,#10050));
#10040 = ORIENTED_EDGE('',*,*,#10041,.F.);
#10041 = EDGE_CURVE('',#9841,#10042,#10044,.T.);
#10042 = VERTEX_POINT('',#10043);
#10043 = CARTESIAN_POINT('',(222.,326.,816.5));
#10044 = LINE('',#10045,#10046);
#10045 = CARTESIAN_POINT('',(222.,326.,802.));
#10046 = VECTOR('',#10047,1.);
#10047 = DIRECTION('',(0.,0.,1.));
#10048 = ORIENTED_EDGE('',*,*,#9849,.F.);
#10049 = ORIENTED_EDGE('',*,*,#10025,.T.);
#10050 = ORIENTED_EDGE('',*,*,#10051,.T.);
#10051 = EDGE_CURVE('',#10018,#10042,#10052,.T.);
#10052 = LINE('',#10053,#10054);
#10053 = CARTESIAN_POINT('',(180.,326.,816.5));
#10054 = VECTOR('',#10055,1.);
#10055 = DIRECTION('',(1.,0.,0.));
#10056 = PLANE('',#10057);
#10057 = AXIS2_PLACEMENT_3D('',#10058,#10059,#10060);
#10058 = CARTESIAN_POINT('',(180.,326.,802.));
#10059 = DIRECTION('',(0.,1.,0.));
#10060 = DIRECTION('',(0.,0.,1.));
#10061 = ADVANCED_FACE('',(#10062),#10097,.T.);
#10062 = FACE_BOUND('',#10063,.T.);
#10063 = EDGE_LOOP('',(#10064,#10072,#10080,#10088,#10094,#10095,#10096)
  );
#10064 = ORIENTED_EDGE('',*,*,#10065,.F.);
#10065 = EDGE_CURVE('',#10066,#9774,#10068,.T.);
#10066 = VERTEX_POINT('',#10067);
#10067 = CARTESIAN_POINT('',(222.,326.,802.));
#10068 = LINE('',#10069,#10070);
#10069 = CARTESIAN_POINT('',(222.,326.,802.));
#10070 = VECTOR('',#10071,1.);
#10071 = DIRECTION('',(0.,0.,1.));
#10072 = ORIENTED_EDGE('',*,*,#10073,.T.);
#10073 = EDGE_CURVE('',#10066,#10074,#10076,.T.);
#10074 = VERTEX_POINT('',#10075);
#10075 = CARTESIAN_POINT('',(222.,348.,802.));
#10076 = LINE('',#10077,#10078);
#10077 = CARTESIAN_POINT('',(222.,326.,802.));
#10078 = VECTOR('',#10079,1.);
#10079 = DIRECTION('',(0.,1.,0.));
#10080 = ORIENTED_EDGE('',*,*,#10081,.T.);
#10081 = EDGE_CURVE('',#10074,#10082,#10084,.T.);
#10082 = VERTEX_POINT('',#10083);
#10083 = CARTESIAN_POINT('',(222.,348.,816.5));
#10084 = LINE('',#10085,#10086);
#10085 = CARTESIAN_POINT('',(222.,348.,802.));
#10086 = VECTOR('',#10087,1.);
#10087 = DIRECTION('',(0.,0.,1.));
#10088 = ORIENTED_EDGE('',*,*,#10089,.F.);
#10089 = EDGE_CURVE('',#10042,#10082,#10090,.T.);
#10090 = LINE('',#10091,#10092);
#10091 = CARTESIAN_POINT('',(222.,326.,816.5));
#10092 = VECTOR('',#10093,1.);
#10093 = DIRECTION('',(0.,1.,0.));
#10094 = ORIENTED_EDGE('',*,*,#10041,.F.);
#10095 = ORIENTED_EDGE('',*,*,#9840,.F.);
#10096 = ORIENTED_EDGE('',*,*,#9781,.F.);
#10097 = PLANE('',#10098);
#10098 = AXIS2_PLACEMENT_3D('',#10099,#10100,#10101);
#10099 = CARTESIAN_POINT('',(222.,326.,802.));
#10100 = DIRECTION('',(1.,0.,0.));
#10101 = DIRECTION('',(0.,0.,1.));
#10102 = ADVANCED_FACE('',(#10103),#10145,.F.);
#10103 = FACE_BOUND('',#10104,.F.);
#10104 = EDGE_LOOP('',(#10105,#10113,#10121,#10129,#10137,#10143,#10144)
  );
#10105 = ORIENTED_EDGE('',*,*,#10106,.F.);
#10106 = EDGE_CURVE('',#10107,#9799,#10109,.T.);
#10107 = VERTEX_POINT('',#10108);
#10108 = CARTESIAN_POINT('',(350.,326.,802.));
#10109 = LINE('',#10110,#10111);
#10110 = CARTESIAN_POINT('',(350.,326.,802.));
#10111 = VECTOR('',#10112,1.);
#10112 = DIRECTION('',(0.,0.,1.));
#10113 = ORIENTED_EDGE('',*,*,#10114,.T.);
#10114 = EDGE_CURVE('',#10107,#10115,#10117,.T.);
#10115 = VERTEX_POINT('',#10116);
#10116 = CARTESIAN_POINT('',(350.,348.,802.));
#10117 = LINE('',#10118,#10119);
#10118 = CARTESIAN_POINT('',(350.,326.,802.));
#10119 = VECTOR('',#10120,1.);
#10120 = DIRECTION('',(0.,1.,0.));
#10121 = ORIENTED_EDGE('',*,*,#10122,.T.);
#10122 = EDGE_CURVE('',#10115,#10123,#10125,.T.);
#10123 = VERTEX_POINT('',#10124);
#10124 = CARTESIAN_POINT('',(350.,348.,816.5));
#10125 = LINE('',#10126,#10127);
#10126 = CARTESIAN_POINT('',(350.,348.,802.));
#10127 = VECTOR('',#10128,1.);
#10128 = DIRECTION('',(0.,0.,1.));
#10129 = ORIENTED_EDGE('',*,*,#10130,.F.);
#10130 = EDGE_CURVE('',#10131,#10123,#10133,.T.);
#10131 = VERTEX_POINT('',#10132);
#10132 = CARTESIAN_POINT('',(350.,326.,816.5));
#10133 = LINE('',#10134,#10135);
#10134 = CARTESIAN_POINT('',(350.,326.,816.5));
#10135 = VECTOR('',#10136,1.);
#10136 = DIRECTION('',(0.,1.,0.));
#10137 = ORIENTED_EDGE('',*,*,#10138,.F.);
#10138 = EDGE_CURVE('',#9825,#10131,#10139,.T.);
#10139 = LINE('',#10140,#10141);
#10140 = CARTESIAN_POINT('',(350.,326.,802.));
#10141 = VECTOR('',#10142,1.);
#10142 = DIRECTION('',(0.,0.,1.));
#10143 = ORIENTED_EDGE('',*,*,#9832,.F.);
#10144 = ORIENTED_EDGE('',*,*,#9798,.F.);
#10145 = PLANE('',#10146);
#10146 = AXIS2_PLACEMENT_3D('',#10147,#10148,#10149);
#10147 = CARTESIAN_POINT('',(350.,326.,802.));
#10148 = DIRECTION('',(1.,0.,0.));
#10149 = DIRECTION('',(0.,0.,1.));
#10150 = ADVANCED_FACE('',(#10151),#10169,.F.);
#10151 = FACE_BOUND('',#10152,.F.);
#10152 = EDGE_LOOP('',(#10153,#10161,#10162,#10163));
#10153 = ORIENTED_EDGE('',*,*,#10154,.F.);
#10154 = EDGE_CURVE('',#9816,#10155,#10157,.T.);
#10155 = VERTEX_POINT('',#10156);
#10156 = CARTESIAN_POINT('',(392.,326.,816.5));
#10157 = LINE('',#10158,#10159);
#10158 = CARTESIAN_POINT('',(392.,326.,802.));
#10159 = VECTOR('',#10160,1.);
#10160 = DIRECTION('',(0.,0.,1.));
#10161 = ORIENTED_EDGE('',*,*,#9824,.F.);
#10162 = ORIENTED_EDGE('',*,*,#10138,.T.);
#10163 = ORIENTED_EDGE('',*,*,#10164,.T.);
#10164 = EDGE_CURVE('',#10131,#10155,#10165,.T.);
#10165 = LINE('',#10166,#10167);
#10166 = CARTESIAN_POINT('',(350.,326.,816.5));
#10167 = VECTOR('',#10168,1.);
#10168 = DIRECTION('',(1.,0.,0.));
#10169 = PLANE('',#10170);
#10170 = AXIS2_PLACEMENT_3D('',#10171,#10172,#10173);
#10171 = CARTESIAN_POINT('',(350.,326.,802.));
#10172 = DIRECTION('',(0.,1.,0.));
#10173 = DIRECTION('',(0.,0.,1.));
#10174 = ADVANCED_FACE('',(#10175),#10193,.F.);
#10175 = FACE_BOUND('',#10176,.F.);
#10176 = EDGE_LOOP('',(#10177,#10185,#10191,#10192));
#10177 = ORIENTED_EDGE('',*,*,#10178,.F.);
#10178 = EDGE_CURVE('',#10179,#9808,#10181,.T.);
#10179 = VERTEX_POINT('',#10180);
#10180 = CARTESIAN_POINT('',(392.,326.,802.));
#10181 = LINE('',#10182,#10183);
#10182 = CARTESIAN_POINT('',(392.,326.,802.));
#10183 = VECTOR('',#10184,1.);
#10184 = DIRECTION('',(0.,0.,1.));
#10185 = ORIENTED_EDGE('',*,*,#10186,.F.);
#10186 = EDGE_CURVE('',#10107,#10179,#10187,.T.);
#10187 = LINE('',#10188,#10189);
#10188 = CARTESIAN_POINT('',(350.,326.,802.));
#10189 = VECTOR('',#10190,1.);
#10190 = DIRECTION('',(1.,0.,0.));
#10191 = ORIENTED_EDGE('',*,*,#10106,.T.);
#10192 = ORIENTED_EDGE('',*,*,#9807,.T.);
#10193 = PLANE('',#10194);
#10194 = AXIS2_PLACEMENT_3D('',#10195,#10196,#10197);
#10195 = CARTESIAN_POINT('',(350.,326.,802.));
#10196 = DIRECTION('',(0.,1.,0.));
#10197 = DIRECTION('',(0.,0.,1.));
#10198 = ADVANCED_FACE('',(#10199),#10210,.F.);
#10199 = FACE_BOUND('',#10200,.F.);
#10200 = EDGE_LOOP('',(#10201,#10202,#10208,#10209));
#10201 = ORIENTED_EDGE('',*,*,#10065,.F.);
#10202 = ORIENTED_EDGE('',*,*,#10203,.F.);
#10203 = EDGE_CURVE('',#9994,#10066,#10204,.T.);
#10204 = LINE('',#10205,#10206);
#10205 = CARTESIAN_POINT('',(180.,326.,802.));
#10206 = VECTOR('',#10207,1.);
#10207 = DIRECTION('',(1.,0.,0.));
#10208 = ORIENTED_EDGE('',*,*,#9993,.T.);
#10209 = ORIENTED_EDGE('',*,*,#9773,.T.);
#10210 = PLANE('',#10211);
#10211 = AXIS2_PLACEMENT_3D('',#10212,#10213,#10214);
#10212 = CARTESIAN_POINT('',(180.,326.,802.));
#10213 = DIRECTION('',(0.,1.,0.));
#10214 = DIRECTION('',(0.,0.,1.));
#10215 = ADVANCED_FACE('',(#10216),#10234,.F.);
#10216 = FACE_BOUND('',#10217,.F.);
#10217 = EDGE_LOOP('',(#10218,#10226,#10227,#10228));
#10218 = ORIENTED_EDGE('',*,*,#10219,.F.);
#10219 = EDGE_CURVE('',#9906,#10220,#10222,.T.);
#10220 = VERTEX_POINT('',#10221);
#10221 = CARTESIAN_POINT('',(20.,348.,802.));
#10222 = LINE('',#10223,#10224);
#10223 = CARTESIAN_POINT('',(20.,326.,802.));
#10224 = VECTOR('',#10225,1.);
#10225 = DIRECTION('',(0.,1.,0.));
#10226 = ORIENTED_EDGE('',*,*,#9905,.T.);
#10227 = ORIENTED_EDGE('',*,*,#9960,.T.);
#10228 = ORIENTED_EDGE('',*,*,#10229,.F.);
#10229 = EDGE_CURVE('',#10220,#9961,#10230,.T.);
#10230 = LINE('',#10231,#10232);
#10231 = CARTESIAN_POINT('',(20.,348.,802.));
#10232 = VECTOR('',#10233,1.);
#10233 = DIRECTION('',(1.,0.,0.));
#10234 = PLANE('',#10235);
#10235 = AXIS2_PLACEMENT_3D('',#10236,#10237,#10238);
#10236 = CARTESIAN_POINT('',(20.,326.,802.));
#10237 = DIRECTION('',(0.,0.,1.));
#10238 = DIRECTION('',(1.,0.,0.));
#10239 = ADVANCED_FACE('',(#10240),#10258,.T.);
#10240 = FACE_BOUND('',#10241,.T.);
#10241 = EDGE_LOOP('',(#10242,#10250,#10251,#10252));
#10242 = ORIENTED_EDGE('',*,*,#10243,.F.);
#10243 = EDGE_CURVE('',#9938,#10244,#10246,.T.);
#10244 = VERTEX_POINT('',#10245);
#10245 = CARTESIAN_POINT('',(20.,348.,816.5));
#10246 = LINE('',#10247,#10248);
#10247 = CARTESIAN_POINT('',(20.,326.,816.5));
#10248 = VECTOR('',#10249,1.);
#10249 = DIRECTION('',(0.,1.,0.));
#10250 = ORIENTED_EDGE('',*,*,#9945,.T.);
#10251 = ORIENTED_EDGE('',*,*,#9976,.T.);
#10252 = ORIENTED_EDGE('',*,*,#10253,.F.);
#10253 = EDGE_CURVE('',#10244,#9969,#10254,.T.);
#10254 = LINE('',#10255,#10256);
#10255 = CARTESIAN_POINT('',(20.,348.,816.5));
#10256 = VECTOR('',#10257,1.);
#10257 = DIRECTION('',(1.,0.,0.));
#10258 = PLANE('',#10259);
#10259 = AXIS2_PLACEMENT_3D('',#10260,#10261,#10262);
#10260 = CARTESIAN_POINT('',(20.,326.,816.5));
#10261 = DIRECTION('',(0.,0.,1.));
#10262 = DIRECTION('',(1.,0.,0.));
#10263 = ADVANCED_FACE('',(#10264),#10275,.T.);
#10264 = FACE_BOUND('',#10265,.T.);
#10265 = EDGE_LOOP('',(#10266,#10267,#10273,#10274));
#10266 = ORIENTED_EDGE('',*,*,#10229,.F.);
#10267 = ORIENTED_EDGE('',*,*,#10268,.T.);
#10268 = EDGE_CURVE('',#10220,#10244,#10269,.T.);
#10269 = LINE('',#10270,#10271);
#10270 = CARTESIAN_POINT('',(20.,348.,802.));
#10271 = VECTOR('',#10272,1.);
#10272 = DIRECTION('',(0.,0.,1.));
#10273 = ORIENTED_EDGE('',*,*,#10253,.T.);
#10274 = ORIENTED_EDGE('',*,*,#9968,.F.);
#10275 = PLANE('',#10276);
#10276 = AXIS2_PLACEMENT_3D('',#10277,#10278,#10279);
#10277 = CARTESIAN_POINT('',(20.,348.,802.));
#10278 = DIRECTION('',(0.,1.,0.));
#10279 = DIRECTION('',(0.,0.,1.));
#10280 = ADVANCED_FACE('',(#10281),#10292,.T.);
#10281 = FACE_BOUND('',#10282,.T.);
#10282 = EDGE_LOOP('',(#10283,#10284,#10285,#10286));
#10283 = ORIENTED_EDGE('',*,*,#10017,.F.);
#10284 = ORIENTED_EDGE('',*,*,#10051,.T.);
#10285 = ORIENTED_EDGE('',*,*,#10089,.T.);
#10286 = ORIENTED_EDGE('',*,*,#10287,.F.);
#10287 = EDGE_CURVE('',#10010,#10082,#10288,.T.);
#10288 = LINE('',#10289,#10290);
#10289 = CARTESIAN_POINT('',(180.,348.,816.5));
#10290 = VECTOR('',#10291,1.);
#10291 = DIRECTION('',(1.,0.,0.));
#10292 = PLANE('',#10293);
#10293 = AXIS2_PLACEMENT_3D('',#10294,#10295,#10296);
#10294 = CARTESIAN_POINT('',(180.,326.,816.5));
#10295 = DIRECTION('',(0.,0.,1.));
#10296 = DIRECTION('',(1.,0.,0.));
#10297 = ADVANCED_FACE('',(#10298),#10309,.T.);
#10298 = FACE_BOUND('',#10299,.T.);
#10299 = EDGE_LOOP('',(#10300,#10306,#10307,#10308));
#10300 = ORIENTED_EDGE('',*,*,#10301,.F.);
#10301 = EDGE_CURVE('',#10002,#10074,#10302,.T.);
#10302 = LINE('',#10303,#10304);
#10303 = CARTESIAN_POINT('',(180.,348.,802.));
#10304 = VECTOR('',#10305,1.);
#10305 = DIRECTION('',(1.,0.,0.));
#10306 = ORIENTED_EDGE('',*,*,#10009,.T.);
#10307 = ORIENTED_EDGE('',*,*,#10287,.T.);
#10308 = ORIENTED_EDGE('',*,*,#10081,.F.);
#10309 = PLANE('',#10310);
#10310 = AXIS2_PLACEMENT_3D('',#10311,#10312,#10313);
#10311 = CARTESIAN_POINT('',(180.,348.,802.));
#10312 = DIRECTION('',(0.,1.,0.));
#10313 = DIRECTION('',(0.,0.,1.));
#10314 = ADVANCED_FACE('',(#10315),#10321,.F.);
#10315 = FACE_BOUND('',#10316,.F.);
#10316 = EDGE_LOOP('',(#10317,#10318,#10319,#10320));
#10317 = ORIENTED_EDGE('',*,*,#10001,.F.);
#10318 = ORIENTED_EDGE('',*,*,#10203,.T.);
#10319 = ORIENTED_EDGE('',*,*,#10073,.T.);
#10320 = ORIENTED_EDGE('',*,*,#10301,.F.);
#10321 = PLANE('',#10322);
#10322 = AXIS2_PLACEMENT_3D('',#10323,#10324,#10325);
#10323 = CARTESIAN_POINT('',(180.,326.,802.));
#10324 = DIRECTION('',(0.,0.,1.));
#10325 = DIRECTION('',(1.,0.,0.));
#10326 = ADVANCED_FACE('',(#10327),#10345,.T.);
#10327 = FACE_BOUND('',#10328,.T.);
#10328 = EDGE_LOOP('',(#10329,#10330,#10331,#10339));
#10329 = ORIENTED_EDGE('',*,*,#10130,.F.);
#10330 = ORIENTED_EDGE('',*,*,#10164,.T.);
#10331 = ORIENTED_EDGE('',*,*,#10332,.T.);
#10332 = EDGE_CURVE('',#10155,#10333,#10335,.T.);
#10333 = VERTEX_POINT('',#10334);
#10334 = CARTESIAN_POINT('',(392.,348.,816.5));
#10335 = LINE('',#10336,#10337);
#10336 = CARTESIAN_POINT('',(392.,326.,816.5));
#10337 = VECTOR('',#10338,1.);
#10338 = DIRECTION('',(0.,1.,0.));
#10339 = ORIENTED_EDGE('',*,*,#10340,.F.);
#10340 = EDGE_CURVE('',#10123,#10333,#10341,.T.);
#10341 = LINE('',#10342,#10343);
#10342 = CARTESIAN_POINT('',(350.,348.,816.5));
#10343 = VECTOR('',#10344,1.);
#10344 = DIRECTION('',(1.,0.,0.));
#10345 = PLANE('',#10346);
#10346 = AXIS2_PLACEMENT_3D('',#10347,#10348,#10349);
#10347 = CARTESIAN_POINT('',(350.,326.,816.5));
#10348 = DIRECTION('',(0.,0.,1.));
#10349 = DIRECTION('',(1.,0.,0.));
#10350 = ADVANCED_FACE('',(#10351),#10369,.T.);
#10351 = FACE_BOUND('',#10352,.T.);
#10352 = EDGE_LOOP('',(#10353,#10361,#10362,#10363));
#10353 = ORIENTED_EDGE('',*,*,#10354,.F.);
#10354 = EDGE_CURVE('',#10115,#10355,#10357,.T.);
#10355 = VERTEX_POINT('',#10356);
#10356 = CARTESIAN_POINT('',(392.,348.,802.));
#10357 = LINE('',#10358,#10359);
#10358 = CARTESIAN_POINT('',(350.,348.,802.));
#10359 = VECTOR('',#10360,1.);
#10360 = DIRECTION('',(1.,0.,0.));
#10361 = ORIENTED_EDGE('',*,*,#10122,.T.);
#10362 = ORIENTED_EDGE('',*,*,#10340,.T.);
#10363 = ORIENTED_EDGE('',*,*,#10364,.F.);
#10364 = EDGE_CURVE('',#10355,#10333,#10365,.T.);
#10365 = LINE('',#10366,#10367);
#10366 = CARTESIAN_POINT('',(392.,348.,802.));
#10367 = VECTOR('',#10368,1.);
#10368 = DIRECTION('',(0.,0.,1.));
#10369 = PLANE('',#10370);
#10370 = AXIS2_PLACEMENT_3D('',#10371,#10372,#10373);
#10371 = CARTESIAN_POINT('',(350.,348.,802.));
#10372 = DIRECTION('',(0.,1.,0.));
#10373 = DIRECTION('',(0.,0.,1.));
#10374 = ADVANCED_FACE('',(#10375),#10386,.F.);
#10375 = FACE_BOUND('',#10376,.F.);
#10376 = EDGE_LOOP('',(#10377,#10378,#10379,#10385));
#10377 = ORIENTED_EDGE('',*,*,#10114,.F.);
#10378 = ORIENTED_EDGE('',*,*,#10186,.T.);
#10379 = ORIENTED_EDGE('',*,*,#10380,.T.);
#10380 = EDGE_CURVE('',#10179,#10355,#10381,.T.);
#10381 = LINE('',#10382,#10383);
#10382 = CARTESIAN_POINT('',(392.,326.,802.));
#10383 = VECTOR('',#10384,1.);
#10384 = DIRECTION('',(0.,1.,0.));
#10385 = ORIENTED_EDGE('',*,*,#10354,.F.);
#10386 = PLANE('',#10387);
#10387 = AXIS2_PLACEMENT_3D('',#10388,#10389,#10390);
#10388 = CARTESIAN_POINT('',(350.,326.,802.));
#10389 = DIRECTION('',(0.,0.,1.));
#10390 = DIRECTION('',(1.,0.,0.));
#10391 = ADVANCED_FACE('',(#10392),#10400,.T.);
#10392 = FACE_BOUND('',#10393,.T.);
#10393 = EDGE_LOOP('',(#10394,#10395,#10396,#10397,#10398,#10399));
#10394 = ORIENTED_EDGE('',*,*,#9882,.F.);
#10395 = ORIENTED_EDGE('',*,*,#9937,.T.);
#10396 = ORIENTED_EDGE('',*,*,#10243,.T.);
#10397 = ORIENTED_EDGE('',*,*,#10268,.F.);
#10398 = ORIENTED_EDGE('',*,*,#10219,.F.);
#10399 = ORIENTED_EDGE('',*,*,#9913,.T.);
#10400 = PLANE('',#10401);
#10401 = AXIS2_PLACEMENT_3D('',#10402,#10403,#10404);
#10402 = CARTESIAN_POINT('',(20.,336.88403822624,809.24135426152));
#10403 = DIRECTION('',(-1.,-0.,-0.));
#10404 = DIRECTION('',(0.,0.,-1.));
#10405 = ADVANCED_FACE('',(#10406),#10414,.T.);
#10406 = FACE_BOUND('',#10407,.T.);
#10407 = EDGE_LOOP('',(#10408,#10409,#10410,#10411,#10412,#10413));
#10408 = ORIENTED_EDGE('',*,*,#9815,.T.);
#10409 = ORIENTED_EDGE('',*,*,#10178,.F.);
#10410 = ORIENTED_EDGE('',*,*,#10380,.T.);
#10411 = ORIENTED_EDGE('',*,*,#10364,.T.);
#10412 = ORIENTED_EDGE('',*,*,#10332,.F.);
#10413 = ORIENTED_EDGE('',*,*,#10154,.F.);
#10414 = PLANE('',#10415);
#10415 = AXIS2_PLACEMENT_3D('',#10416,#10417,#10418);
#10416 = CARTESIAN_POINT('',(392.,336.88403822624,809.24135426152));
#10417 = DIRECTION('',(1.,0.,0.));
#10418 = DIRECTION('',(0.,0.,1.));
#10419 = MANIFOLD_SOLID_BREP('',#10420);
#10420 = CLOSED_SHELL('',(#10421,#11671,#11696,#11745,#11760,#11770,
    #11779,#11790));
#10421 = ADVANCED_FACE('',(#10422),#10711,.T.);
#10422 = FACE_BOUND('',#10423,.T.);
#10423 = EDGE_LOOP('',(#10424,#10436,#10578,#10633,#10645,#10657,#10710)
  );
#10424 = ORIENTED_EDGE('',*,*,#10425,.T.);
#10425 = EDGE_CURVE('',#10426,#10426,#10428,.T.);
#10426 = VERTEX_POINT('',#10427);
#10427 = CARTESIAN_POINT('',(100.,328.,799.4));
#10428 = ( BOUNDED_CURVE() B_SPLINE_CURVE(6,(#10429,#10430,#10431,#10432
    ,#10433,#10434,#10435),.UNSPECIFIED.,.T.,.F.) 
B_SPLINE_CURVE_WITH_KNOTS((1,6,6,1),(-6.28318530718,0.,6.28318530718,
12.566370614359),.UNSPECIFIED.) CURVE() GEOMETRIC_REPRESENTATION_ITEM() 
RATIONAL_B_SPLINE_CURVE((1.669078461068,1.03672962321,1.038346699848,
    0.853534330196,1.038346699848,1.03672962321,1.669078461068)) 
REPRESENTATION_ITEM('') );
#10429 = CARTESIAN_POINT('',(100.,328.,799.4));
#10430 = CARTESIAN_POINT('',(97.341531079086,328.,799.4));
#10431 = CARTESIAN_POINT('',(96.959820186807,328.,802.68727710487));
#10432 = CARTESIAN_POINT('',(100.,328.,805.39858707361));
#10433 = CARTESIAN_POINT('',(103.04017981319,328.,802.68727710487));
#10434 = CARTESIAN_POINT('',(102.65846892091,328.,799.4));
#10435 = CARTESIAN_POINT('',(100.,328.,799.4));
#10436 = ORIENTED_EDGE('',*,*,#10437,.T.);
#10437 = EDGE_CURVE('',#10426,#10438,#10440,.T.);
#10438 = VERTEX_POINT('',#10439);
#10439 = CARTESIAN_POINT('',(141.49144762499,336.45090764664,
    806.40558356658));
#10440 = ( BOUNDED_CURVE() B_SPLINE_CURVE(9,(#10441,#10442,#10443,#10444
    ,#10445,#10446,#10447,#10448,#10449,#10450,#10451,#10452,#10453,
    #10454,#10455,#10456,#10457,#10458,#10459,#10460,#10461,#10462,
    #10463,#10464,#10465,#10466,#10467,#10468,#10469,#10470,#10471,
    #10472,#10473,#10474,#10475,#10476,#10477,#10478,#10479,#10480,
    #10481,#10482,#10483,#10484,#10485,#10486,#10487,#10488,#10489,
    #10490,#10491,#10492,#10493,#10494,#10495,#10496,#10497,#10498,
    #10499,#10500,#10501,#10502,#10503,#10504,#10505,#10506,#10507,
    #10508,#10509,#10510,#10511,#10512,#10513,#10514,#10515,#10516,
    #10517,#10518,#10519,#10520,#10521,#10522,#10523,#10524,#10525,
    #10526,#10527,#10528,#10529,#10530,#10531,#10532,#10533,#10534,
    #10535,#10536,#10537,#10538,#10539,#10540,#10541,#10542,#10543,
    #10544,#10545,#10546,#10547,#10548,#10549,#10550,#10551,#10552,
    #10553,#10554,#10555,#10556,#10557,#10558,#10559,#10560,#10561,
    #10562,#10563,#10564,#10565,#10566,#10567,#10568,#10569,#10570,
    #10571,#10572,#10573,#10574,#10575,#10576,#10577),.UNSPECIFIED.,.F.,
.F.) B_SPLINE_CURVE_WITH_KNOTS((10,8,9,8,9,8,9,8,9,8,9,8,9,8,9,8,10),(0.
    ,4.46799063971,8.93598127942,13.403971919129,17.871962558839,
    22.339953198549,26.807943838259,31.275934477969,35.743925117679,
    40.211915757388,44.679906397098,49.147897036808,53.615887676518,
    58.083878316228,62.551868955937,67.019859595647,71.487850235357),
.UNSPECIFIED.) CURVE() GEOMETRIC_REPRESENTATION_ITEM() 
RATIONAL_B_SPLINE_CURVE((1.669078461068,1.669078461068,1.669078461068,
    1.669078461068,1.669078461068,1.669078461068,1.669078461068,
    1.669078461068,1.669078461068,1.669078461068,1.669078461068,
    1.669078461068,1.669078461068,1.669078461068,1.669078461068,
    1.669078461068,1.669078461068,1.669078461068,1.669078461068,
    1.669078461068,1.669078461068,1.669078461068,1.669078461068,
    1.669078461068,1.669078461068,1.669078461068,1.669078461068,
    1.669078461068,1.669078461068,1.669078461069,1.669078461068,
    1.669078461068,1.669078461068,1.669078461068,1.669078461068,
    1.669078461068,1.669078461068,1.669078461068,1.669078461068,
    1.669078461068,1.669078461068,1.669078461068,1.669078461068,
    1.669078461068,1.669078461068,1.669078461069,1.669078461068,
    1.669078461069,1.669078461068,1.669078461068,1.669078461068,
    1.669078461068,1.669078461068,1.669078461068,1.669078461068,
    1.669078461068,1.669078461068,1.669078461068,1.669078461068,
    1.669078461068,1.669078461068,1.669078461068,1.669078461068,
    1.669078461068,1.669078461068,1.669078461068,1.669078461068,
    1.669078461068,1.669078461068,1.669078461068,1.669078461068,
    1.669078461069,1.669078461068,1.669078461069,1.669078461068,
    1.669078461068,1.669078461068,1.669078461068,1.669078461068,
    1.669078461068,1.669078461068,1.669078461068,1.669078461068,
    1.669078461068,1.669078461068,1.669078461068,1.669078461068,
    1.669078461068,1.669078461068,1.669078461068,1.669078461068,
    1.669078461068,1.669078461068,1.669078461068,1.669078461068,
    1.669078461068,1.669078461068,1.669078461068,1.669078461068,
    1.669078461068,1.669078461068,1.669078461068,1.669078461068,
    1.669078461068,1.669078461068,1.669078461068,1.669078461068,
    1.669078461068,1.669078461068,1.669078461068,1.669078461068,
    1.669078461068,1.669078461068,1.669078461068,1.669078461069,
    1.669078461068,1.669078461069,1.669078461068,1.669078461068,
    1.669078461068,1.669078461068,1.669078461068,1.669078461068,
    1.669078461068,1.669078461068,1.669078461068,1.669078461068,
    1.669078461068,1.669078461068,1.669078461068,1.669078461068,
    1.669078461068,1.669078461069,1.669078461068,1.669078461068,
1.669078461068,1.669078461068)) REPRESENTATION_ITEM('') );
#10441 = CARTESIAN_POINT('',(100.,328.,799.4));
#10442 = CARTESIAN_POINT('',(100.28907585876,331.47104036692,799.4));
#10443 = CARTESIAN_POINT('',(100.57808938988,334.94209713143,
    800.97606846897));
#10444 = CARTESIAN_POINT('',(100.86726210092,337.59466790553,
    804.12804672771));
#10445 = CARTESIAN_POINT('',(101.15615706816,338.61463885963,
    808.36126205573));
#10446 = CARTESIAN_POINT('',(101.44539220968,337.53188256539,
    812.68518335339));
#10447 = CARTESIAN_POINT('',(101.73433900126,334.63631583009,
    815.93758762515));
#10448 = CARTESIAN_POINT('',(102.02344707422,330.81140373208,
    817.46707174416));
#10449 = CARTESIAN_POINT('',(102.31250169885,327.00715713068,
    817.2207509759));
#10450 = CARTESIAN_POINT('',(102.89062643166,320.88481992672,
    813.94829370892));
#10451 = CARTESIAN_POINT('',(103.1796810563,318.56648540952,
    810.9220268351));
#10452 = CARTESIAN_POINT('',(103.46878912926,317.71319752129,
    806.89199283928));
#10453 = CARTESIAN_POINT('',(103.75773592084,318.80878199742,
    802.67747804849));
#10454 = CARTESIAN_POINT('',(104.04697106236,321.80244387261,
    799.374957018));
#10455 = CARTESIAN_POINT('',(104.3358660296,325.88889922497,
    797.87118329328));
#10456 = CARTESIAN_POINT('',(104.62503874063,329.98336274562,
    798.3255698383));
#10457 = CARTESIAN_POINT('',(104.91405227176,333.22223167491,
    800.33603121335));
#10458 = CARTESIAN_POINT('',(105.20312813052,335.15063848785,
    803.22209572971));
#10459 = CARTESIAN_POINT('',(105.49219513996,337.07904569635,
    806.1081610707));
#10460 = CARTESIAN_POINT('',(105.78122254268,337.69700768446,
    809.86985483947));
#10461 = CARTESIAN_POINT('',(106.07037783865,336.54992389667,
    813.8265336098));
#10462 = CARTESIAN_POINT('',(106.35929048773,333.59679848464,
    817.02645538558));
#10463 = CARTESIAN_POINT('',(106.64851115668,329.40004297563,
    818.52841962347));
#10464 = CARTESIAN_POINT('',(106.93746732412,325.08707643793,
    817.92778207421));
#10465 = CARTESIAN_POINT('',(107.22657080347,321.69034982602,
    815.59722013416));
#10466 = CARTESIAN_POINT('',(107.51562693425,319.78163180328,
    812.29725607264));
#10467 = CARTESIAN_POINT('',(108.09375131922,319.10119229108,
    805.38863891451));
#10468 = CARTESIAN_POINT('',(108.38280621695,320.32944357192,
    801.77971039681));
#10469 = CARTESIAN_POINT('',(108.67191394601,323.20623304463,
    798.83126055032));
#10470 = CARTESIAN_POINT('',(108.96086108858,327.31914812654,
    797.40074675569));
#10471 = CARTESIAN_POINT('',(109.2500959402,331.72828344941,
    798.05510328061));
#10472 = CARTESIAN_POINT('',(109.53899109845,335.2489385468,
    800.61741479323));
#10473 = CARTESIAN_POINT('',(109.82816371252,337.14589200013,
    804.27428043628));
#10474 = CARTESIAN_POINT('',(110.11717727858,337.27367362385,
    808.08425402086));
#10475 = CARTESIAN_POINT('',(110.40625313053,335.94536410216,
    811.29107722242));
#10476 = CARTESIAN_POINT('',(110.69532013994,334.61705411419,
    814.49790121044));
#10477 = CARTESIAN_POINT('',(110.98434754272,331.83264134041,
    817.10160290877));
#10478 = CARTESIAN_POINT('',(111.27350283859,327.90549756996,
    818.34605054289));
#10479 = CARTESIAN_POINT('',(111.5624154878,323.60419127836,
    817.66839778806));
#10480 = CARTESIAN_POINT('',(111.85163615663,320.02376121972,
    815.0133697337));
#10481 = CARTESIAN_POINT('',(112.14059232415,318.12701726558,
    811.09357277551));
#10482 = CARTESIAN_POINT('',(112.42969580346,318.17768850304,
    806.97450697631));
#10483 = CARTESIAN_POINT('',(112.71875193425,319.86108142522,
    803.55410413934));
#10484 = CARTESIAN_POINT('',(113.29687631922,325.22735471689,
    799.15011731754));
#10485 = CARTESIAN_POINT('',(113.58593121696,328.91044896263,
    798.1663576763));
#10486 = CARTESIAN_POINT('',(113.87503894601,332.96025401108,
    798.9202497356));
#10487 = CARTESIAN_POINT('',(114.16398608858,336.43469595176,
    801.54526276196));
#10488 = CARTESIAN_POINT('',(114.4532209402,338.34020272439,
    805.57486580649));
#10489 = CARTESIAN_POINT('',(114.74211609844,338.16568973726,
    809.9257275395));
#10490 = CARTESIAN_POINT('',(115.03128871254,336.17900795087,
    813.53463238933));
#10491 = CARTESIAN_POINT('',(115.32030227856,333.08212235808,
    815.75758683865));
#10492 = CARTESIAN_POINT('',(115.60937813054,329.67777708348,
    816.43475334897));
#10493 = CARTESIAN_POINT('',(115.89844513992,326.2734308959,
    817.11191990853));
#10494 = CARTESIAN_POINT('',(116.18748593179,322.56161720603,
    816.24234774236));
#10495 = CARTESIAN_POINT('',(116.47657619514,319.34498575139,
    813.67307200206));
#10496 = CARTESIAN_POINT('',(116.76563229833,317.51899145759,
    809.70993230075));
#10497 = CARTESIAN_POINT('',(117.0546693461,317.73708445499,
    805.27097962868));
#10498 = CARTESIAN_POINT('',(117.34376896756,319.94273780312,
    801.50592163132));
#10499 = CARTESIAN_POINT('',(117.63280741442,323.39566039431,
    799.2642697855));
#10500 = CARTESIAN_POINT('',(117.92187693425,327.17488641848,
    798.76272912878));
#10501 = CARTESIAN_POINT('',(118.50000131922,333.81800933688,
    800.77789831731));
#10502 = CARTESIAN_POINT('',(118.78905621696,336.68219311272,
    803.29373168877));
#10503 = CARTESIAN_POINT('',(119.07816394601,338.30530590891,
    807.07986150936));
#10504 = CARTESIAN_POINT('',(119.36711108858,338.05298386419,
    811.42713350149));
#10505 = CARTESIAN_POINT('',(119.6563459402,335.76113422471,
    815.25023198138));
#10506 = CARTESIAN_POINT('',(119.94524109844,332.04657068546,
    817.52233900249));
#10507 = CARTESIAN_POINT('',(120.23441371254,327.94213470613,
    817.87547357615));
#10508 = CARTESIAN_POINT('',(120.52342727857,324.37327818158,
    816.53551463437));
#10509 = CARTESIAN_POINT('',(120.81250313054,321.91888190828,
    814.08111854468));
#10510 = CARTESIAN_POINT('',(121.1015701331,319.46448508696,
    811.62672172255));
#10511 = CARTESIAN_POINT('',(121.39059757084,318.1245270158,
    808.05786625153));
#10512 = CARTESIAN_POINT('',(121.67975276974,318.47766017676,
    803.95342899903));
#10513 = CARTESIAN_POINT('',(121.96866560996,320.7497683386,
    800.23886665449));
#10514 = CARTESIAN_POINT('',(122.25788598889,324.57286568624,
    797.9470158255));
#10515 = CARTESIAN_POINT('',(122.54684250739,328.92013834719,
    797.69469429722));
#10516 = CARTESIAN_POINT('',(122.8359456428,332.70626789593,
    799.31780662006));
#10517 = CARTESIAN_POINT('',(123.12500204669,335.22210148303,
    802.18199041116));
#10518 = CARTESIAN_POINT('',(123.70312608383,337.23727089381,
    808.82511322935));
#10519 = CARTESIAN_POINT('',(123.99219587674,336.73573039761,
    812.60433929195));
#10520 = CARTESIAN_POINT('',(124.28123397974,334.49407865547,
    816.05726194174));
#10521 = CARTESIAN_POINT('',(124.57033395209,330.72902076572,
    818.26291545551));
#10522 = CARTESIAN_POINT('',(124.85937071011,326.29006808074,
    818.48100859726));
#10523 = CARTESIAN_POINT('',(125.14842700414,322.32692832524,
    816.65501446485));
#10524 = CARTESIAN_POINT('',(125.43751717069,319.75765245817,
    813.43838309892));
#10525 = CARTESIAN_POINT('',(125.72655799739,318.88808015625,
    809.72656944394));
#10526 = CARTESIAN_POINT('',(126.015625,319.56524658853,806.32222323066)
  );
#10527 = CARTESIAN_POINT('',(126.30470085875,320.24241297144,
    802.91787793109));
#10528 = CARTESIAN_POINT('',(126.59371438989,322.46536730865,
    799.82099225415));
#10529 = CARTESIAN_POINT('',(126.88288710092,326.07427207546,
    797.83431033717));
#10530 = CARTESIAN_POINT('',(127.17178206816,330.42513381985,
    797.65979718045));
#10531 = CARTESIAN_POINT('',(127.46101720968,334.45473690809,
    799.56530381445));
#10532 = CARTESIAN_POINT('',(127.74996400126,337.07975009695,
    803.03974564355));
#10533 = CARTESIAN_POINT('',(128.03907207422,337.8336422746,
    807.08955067741));
#10534 = CARTESIAN_POINT('',(128.32812669885,336.84988279634,
    810.7726449491));
#10535 = CARTESIAN_POINT('',(128.90625143166,332.44589614153,
    816.13891841841));
#10536 = CARTESIAN_POINT('',(129.1953060563,329.02549350961,
    817.822311409));
#10537 = CARTESIAN_POINT('',(129.48441412926,324.90642727811,
    817.87298297975));
#10538 = CARTESIAN_POINT('',(129.77336092084,320.98663113548,
    815.97623880442));
#10539 = CARTESIAN_POINT('',(130.06259606236,318.33160157982,
    812.39580941147));
#10540 = CARTESIAN_POINT('',(130.3514910296,317.65395033612,
    808.09450245262));
#10541 = CARTESIAN_POINT('',(130.64066374062,318.89839617784,
    804.16735931782));
#10542 = CARTESIAN_POINT('',(130.92967727177,321.50209908368,
    801.38294590388));
#10543 = CARTESIAN_POINT('',(131.21875313052,324.70892218574,
    800.05463614297));
#10544 = CARTESIAN_POINT('',(131.50782013313,327.91574617433,
    798.72632615538));
#10545 = CARTESIAN_POINT('',(131.7968475708,331.72571845241,
    798.85410818027));
#10546 = CARTESIAN_POINT('',(132.08600276977,335.38258581234,
    800.75106081566));
#10547 = CARTESIAN_POINT('',(132.37491560993,337.94489578462,
    804.27171650977));
#10548 = CARTESIAN_POINT('',(132.66413598891,338.59925384184,
    808.68085124176));
#10549 = CARTESIAN_POINT('',(132.95309250738,337.16873931411,
    812.79376674396));
#10550 = CARTESIAN_POINT('',(133.24219564281,334.22029000898,
    815.67055614666));
#10551 = CARTESIAN_POINT('',(133.53125204669,330.61136139466,
    816.89880762087));
#10552 = CARTESIAN_POINT('',(134.10937608383,323.70274424406,
    816.21836835235));
#10553 = CARTESIAN_POINT('',(134.39843248769,320.40278008564,
    814.30965046321));
#10554 = CARTESIAN_POINT('',(134.68753562318,318.07221805159,
    810.91292392466));
#10555 = CARTESIAN_POINT('',(134.97649214153,317.47158030854,
    806.59995742298));
#10556 = CARTESIAN_POINT('',(135.2657125207,318.97354441748,
    802.40320184683));
#10557 = CARTESIAN_POINT('',(135.55462536062,322.1734660653,
    799.45007632295));
#10558 = CARTESIAN_POINT('',(135.84378055981,326.13014480199,
    798.3029923841));
#10559 = CARTESIAN_POINT('',(136.13280799733,329.89183859052,
    798.92095423345));
#10560 = CARTESIAN_POINT('',(136.42187500002,332.77790400396,
    800.84936133419));
#10561 = CARTESIAN_POINT('',(136.71095085871,335.66396859214,
    802.77776803967));
#10562 = CARTESIAN_POINT('',(136.99996438992,337.67443008784,
    806.01663689401));
#10563 = CARTESIAN_POINT('',(137.28913710091,338.1288167853,
    810.11110039786));
#10564 = CARTESIAN_POINT('',(137.57803206815,336.62504321286,
    814.19755580609));
#10565 = CARTESIAN_POINT('',(137.86726720968,333.32252229377,
    817.19121780437));
#10566 = CARTESIAN_POINT('',(138.15621400126,329.10800754384,
    818.28680243742));
#10567 = CARTESIAN_POINT('',(138.44532207422,325.07797351622,
    817.4335146993));
#10568 = CARTESIAN_POINT('',(138.73437669885,322.05170655606,
    815.11518029481));
#10569 = CARTESIAN_POINT('',(139.31250143166,318.77924906107,
    808.99284321273));
#10570 = CARTESIAN_POINT('',(139.6015560563,318.53292815114,
    805.1885966205));
#10571 = CARTESIAN_POINT('',(139.89066412926,320.06241212765,
    801.36368446554));
#10572 = CARTESIAN_POINT('',(140.17961092084,323.31481629168,
    798.46811760907));
#10573 = CARTESIAN_POINT('',(140.46884606236,327.63873754881,
    797.38536115383));
#10574 = CARTESIAN_POINT('',(140.75774102961,331.87195291505,
    798.40533195025));
#10575 = CARTESIAN_POINT('',(141.0469137406,335.02393127241,
    801.05790260696));
#10576 = CARTESIAN_POINT('',(141.33592727179,336.59999987074,
    804.52895931277));
#10577 = CARTESIAN_POINT('',(141.6250031305,336.59999999999,
    807.9999996797));
#10578 = ORIENTED_EDGE('',*,*,#10579,.T.);
#10579 = EDGE_CURVE('',#10438,#10580,#10582,.T.);
#10580 = VERTEX_POINT('',#10581);
#10581 = CARTESIAN_POINT('',(143.19186115648,335.,807.67604612008));
#10582 = B_SPLINE_CURVE_WITH_KNOTS('',7,(#10583,#10584,#10585,#10586,
    #10587,#10588,#10589,#10590,#10591,#10592,#10593,#10594,#10595,
    #10596,#10597,#10598,#10599,#10600,#10601,#10602,#10603,#10604,
    #10605,#10606,#10607,#10608,#10609,#10610,#10611,#10612,#10613,
    #10614,#10615,#10616,#10617,#10618,#10619,#10620,#10621,#10622,
    #10623,#10624,#10625,#10626,#10627,#10628,#10629,#10630,#10631,
    #10632),.UNSPECIFIED.,.F.,.F.,(8,6,6,6,6,6,6,6,8),(0.,0.206936710715
    ,0.336068124851,0.540846076428,0.769825765179,0.843000100388,
    0.919976817459,0.964222170716,1.),.UNSPECIFIED.);
#10583 = CARTESIAN_POINT('',(141.49144762499,336.45090764664,
    806.40558356658));
#10584 = CARTESIAN_POINT('',(141.57778895924,336.44954312314,
    806.39835139687));
#10585 = CARTESIAN_POINT('',(141.66457318954,336.44358987618,
    806.39657531023));
#10586 = CARTESIAN_POINT('',(141.7509899283,336.43306151206,
    806.40031962511));
#10587 = CARTESIAN_POINT('',(141.83631374748,336.41811103615,
    806.40945191979));
#10588 = CARTESIAN_POINT('',(141.91991696036,336.39898261667,
    806.42370260806));
#10589 = CARTESIAN_POINT('',(142.00127447717,336.37597923831,
    806.44270950039));
#10590 = CARTESIAN_POINT('',(142.12906206396,336.33288928556,
    806.48061049711));
#10591 = CARTESIAN_POINT('',(142.17713804719,336.31495282941,
    806.49686459508));
#10592 = CARTESIAN_POINT('',(142.22409835985,336.29571462754,
    806.5147120835));
#10593 = CARTESIAN_POINT('',(142.26987229911,336.2752537282,
    806.5340513713));
#10594 = CARTESIAN_POINT('',(142.31440652967,336.25364824717,
    806.5547800249));
#10595 = CARTESIAN_POINT('',(142.35766283003,336.23097313745,
    806.57679795546));
#10596 = CARTESIAN_POINT('',(142.46614536005,336.16975361234,
    806.6368214716));
#10597 = CARTESIAN_POINT('',(142.52938844193,336.12969942359,
    806.67663210247));
#10598 = CARTESIAN_POINT('',(142.58925850947,336.08740767372,
    806.71906819569));
#10599 = CARTESIAN_POINT('',(142.64572454947,336.04312778441,
    806.76378162769));
#10600 = CARTESIAN_POINT('',(142.69879895406,335.99708080907,
    806.81045480739));
#10601 = CARTESIAN_POINT('',(142.74852536446,335.94945392383,
    806.85880502888));
#10602 = CARTESIAN_POINT('',(142.84689632456,335.84553786175,
    806.96425633072));
#10603 = CARTESIAN_POINT('',(142.8947066273,335.78890300232,
    807.02170339495));
#10604 = CARTESIAN_POINT('',(142.93848939483,335.73069515069,
    807.08058385159));
#10605 = CARTESIAN_POINT('',(142.97834110797,335.67109265416,
    807.1405923395));
#10606 = CARTESIAN_POINT('',(143.01435628361,335.61021615162,
    807.2014038046));
#10607 = CARTESIAN_POINT('',(143.04663336626,335.54817464352,
    807.26274588099));
#10608 = CARTESIAN_POINT('',(143.08437782083,335.46466884237,
    807.34373433987));
#10609 = CARTESIAN_POINT('',(143.09314307452,335.44432002127,
    807.36335040633));
#10610 = CARTESIAN_POINT('',(143.10153477955,335.42384248524,
    807.38295171826));
#10611 = CARTESIAN_POINT('',(143.10955452033,335.40323268834,
    807.40251941597));
#10612 = CARTESIAN_POINT('',(143.11720308534,335.38248439114,
    807.42202949949));
#10613 = CARTESIAN_POINT('',(143.1244800707,335.36158655101,
    807.44144915649));
#10614 = CARTESIAN_POINT('',(143.138645621,335.31836124857,
    807.48101908118));
#10615 = CARTESIAN_POINT('',(143.1454918488,335.29602335555,
    807.50114772817));
#10616 = CARTESIAN_POINT('',(143.15192297123,335.27347660324,
    807.52107244698));
#10617 = CARTESIAN_POINT('',(143.15793429264,335.25068904915,
    807.54072355928));
#10618 = CARTESIAN_POINT('',(143.16351314305,335.22761506288,
    807.55998217043));
#10619 = CARTESIAN_POINT('',(143.1686417433,335.20419681858,
    807.57868321493));
#10620 = CARTESIAN_POINT('',(143.17594012808,335.16654306691,
    807.60668552327));
#10621 = CARTESIAN_POINT('',(143.17841981859,335.15274522208,
    807.61652218669));
#10622 = CARTESIAN_POINT('',(143.18070707981,335.1388917307,
    807.62589663995));
#10623 = CARTESIAN_POINT('',(143.18279180771,335.12498302475,
    807.63471413325));
#10624 = CARTESIAN_POINT('',(143.18466107151,335.11101742137,
    807.64285206921));
#10625 = CARTESIAN_POINT('',(143.18629924756,335.09699161841,
    807.65016207131));
#10626 = CARTESIAN_POINT('',(143.18881325922,335.07151501753,
    807.66159861335));
#10627 = CARTESIAN_POINT('',(143.18978868127,335.05994627956,
    807.66612880313));
#10628 = CARTESIAN_POINT('',(143.19059934295,335.048200521,
    807.66996497233));
#10629 = CARTESIAN_POINT('',(143.19122621491,335.03629235489,
    807.6729743547));
#10630 = CARTESIAN_POINT('',(143.19165115333,335.02425148959,
    807.67503065834));
#10631 = CARTESIAN_POINT('',(143.19186230063,335.01212775887,
    807.67605165399));
#10632 = CARTESIAN_POINT('',(143.19186115642,334.9999994,807.67604611981
    ));
#10633 = ORIENTED_EDGE('',*,*,#10634,.T.);
#10634 = EDGE_CURVE('',#10580,#10635,#10637,.T.);
#10635 = VERTEX_POINT('',#10636);
#10636 = CARTESIAN_POINT('',(143.225,335.,807.99999999999));
#10637 = B_SPLINE_CURVE_WITH_KNOTS('',6,(#10638,#10639,#10640,#10641,
    #10642,#10643,#10644),.UNSPECIFIED.,.F.,.F.,(7,7),(0.,1.),
  .PIECEWISE_BEZIER_KNOTS.);
#10638 = CARTESIAN_POINT('',(143.05384552943,335.,806.4));
#10639 = CARTESIAN_POINT('',(143.08629773073,335.,806.66483601903));
#10640 = CARTESIAN_POINT('',(143.11547720292,335.,806.93086409547));
#10641 = CARTESIAN_POINT('',(143.14305938868,335.,807.19768754961));
#10642 = CARTESIAN_POINT('',(143.17025921855,335.,807.46498018575));
#10643 = CARTESIAN_POINT('',(143.19762927517,335.,807.7324827507));
#10644 = CARTESIAN_POINT('',(143.225,335.,807.99999999999));
#10645 = ORIENTED_EDGE('',*,*,#10646,.F.);
#10646 = EDGE_CURVE('',#10647,#10635,#10649,.T.);
#10647 = VERTEX_POINT('',#10648);
#10648 = CARTESIAN_POINT('',(140.025,335.,808.));
#10649 = ( BOUNDED_CURVE() B_SPLINE_CURVE(6,(#10650,#10651,#10652,#10653
    ,#10654,#10655,#10656),.UNSPECIFIED.,.T.,.F.) 
B_SPLINE_CURVE_WITH_KNOTS((1,6,6,1),(-6.28318530718,0.,6.28318530718,
12.566370614359),.UNSPECIFIED.) CURVE() GEOMETRIC_REPRESENTATION_ITEM() 
RATIONAL_B_SPLINE_CURVE((1.669078461068,1.03672962321,1.038346699848,
    0.853534330196,1.038346699848,1.03672962321,1.669078461068)) 
REPRESENTATION_ITEM('') );
#10650 = CARTESIAN_POINT('',(141.6250031305,336.59999999999,
    807.9999996797));
#10651 = CARTESIAN_POINT('',(138.96653420959,336.60000520146,
    807.9999996797));
#10652 = CARTESIAN_POINT('',(138.58481688554,333.31272884343,
    808.00000033776));
#10653 = CARTESIAN_POINT('',(141.62499139387,330.60141292639,
    808.00000088052));
#10654 = CARTESIAN_POINT('',(144.66517651192,333.31271694681,
    808.00000033776));
#10655 = CARTESIAN_POINT('',(144.28347205141,336.59999479852,
    807.9999996797));
#10656 = CARTESIAN_POINT('',(141.6250031305,336.59999999999,
    807.9999996797));
#10657 = ORIENTED_EDGE('',*,*,#10658,.F.);
#10658 = EDGE_CURVE('',#10438,#10647,#10659,.T.);
#10659 = B_SPLINE_CURVE_WITH_KNOTS('',7,(#10660,#10661,#10662,#10663,
    #10664,#10665,#10666,#10667,#10668,#10669,#10670,#10671,#10672,
    #10673,#10674,#10675,#10676,#10677,#10678,#10679,#10680,#10681,
    #10682,#10683,#10684,#10685,#10686,#10687,#10688,#10689,#10690,
    #10691,#10692,#10693,#10694,#10695,#10696,#10697,#10698,#10699,
    #10700,#10701,#10702,#10703,#10704,#10705,#10706,#10707,#10708,
    #10709),.UNSPECIFIED.,.F.,.F.,(8,6,6,6,6,6,6,6,8),(0.,0.227853832889
    ,0.353059822799,0.55060549056,0.773254939779,0.847546304735,
    0.925474750764,0.961083127823,1.),.UNSPECIFIED.);
#10660 = CARTESIAN_POINT('',(141.49144762499,336.45090764664,
    806.40558356658));
#10661 = CARTESIAN_POINT('',(141.39471245643,336.45243643251,
    806.4136863503));
#10662 = CARTESIAN_POINT('',(141.29831377785,336.44820861602,
    806.42865631269));
#10663 = CARTESIAN_POINT('',(141.20342683034,336.43815927818,
    806.45045522649));
#10664 = CARTESIAN_POINT('',(141.11105454956,336.42245829369,
    806.47874771657));
#10665 = CARTESIAN_POINT('',(141.02201871736,336.40142861849,
    806.51300362046));
#10666 = CARTESIAN_POINT('',(140.93696125426,336.37549398786,
    806.55257148056));
#10667 = CARTESIAN_POINT('',(140.81206276537,336.32848527324,
    806.62098458001));
#10668 = CARTESIAN_POINT('',(140.76909421244,336.31047732664,
    806.64664111114));
#10669 = CARTESIAN_POINT('',(140.72751420401,336.29120713241,
    806.67358297846));
#10670 = CARTESIAN_POINT('',(140.68736805416,336.27075074087,
    806.70170070804));
#10671 = CARTESIAN_POINT('',(140.64868487646,336.24918322521,
    806.7308875933));
#10672 = CARTESIAN_POINT('',(140.61148027946,336.22657660122,
    806.76104215348));
#10673 = CARTESIAN_POINT('',(140.51939936499,336.16579584874,
    806.84102618599));
#10674 = CARTESIAN_POINT('',(140.46673945171,336.12617849964,
    806.89215120323));
#10675 = CARTESIAN_POINT('',(140.41778571719,336.08440362581,
    806.9450824959));
#10676 = CARTESIAN_POINT('',(140.37249897544,336.04070781187,
    806.99949162383));
#10677 = CARTESIAN_POINT('',(140.33080629107,335.99530112073,
    807.05508643437));
#10678 = CARTESIAN_POINT('',(140.29261281059,335.94836191345,
    807.11161264225));
#10679 = CARTESIAN_POINT('',(140.21859214907,335.84555969591,
    807.2333724941));
#10680 = CARTESIAN_POINT('',(140.18369099803,335.78933292692,
    807.29878549828));
#10681 = CARTESIAN_POINT('',(140.15295467469,335.73155202725,
    807.3647826271));
#10682 = CARTESIAN_POINT('',(140.1262313152,335.67239162568,
    807.43109116225));
#10683 = CARTESIAN_POINT('',(140.10336723356,335.61197108464,
    807.4974205634));
#10684 = CARTESIAN_POINT('',(140.08421532522,335.55039680297,
    807.56352897367));
#10685 = CARTESIAN_POINT('',(140.06341215389,335.46664532661,
    807.6507907193));
#10686 = CARTESIAN_POINT('',(140.05860331879,335.4455565281,
    807.67254627391));
#10687 = CARTESIAN_POINT('',(140.05418434059,335.42432943157,
    807.69420710348));
#10688 = CARTESIAN_POINT('',(140.05014931943,335.40296029234,
    807.71575333123));
#10689 = CARTESIAN_POINT('',(140.04649206214,335.38144230899,
    807.73715911544));
#10690 = CARTESIAN_POINT('',(140.04320565364,335.35976310262,
    807.75838822212));
#10691 = CARTESIAN_POINT('',(140.0372152707,335.31497104535,
    807.80141913731));
#10692 = CARTESIAN_POINT('',(140.03454905642,335.29185023855,
    807.82318781849));
#10693 = CARTESIAN_POINT('',(140.03227159046,335.26850241474,
    807.84464609521));
#10694 = CARTESIAN_POINT('',(140.030372299,335.2448905922,
    807.86571585552));
#10695 = CARTESIAN_POINT('',(140.02883808579,335.2209619028,
    807.88625605456));
#10696 = CARTESIAN_POINT('',(140.02765044922,335.19665148084,
    807.9060714506));
#10697 = CARTESIAN_POINT('',(140.02637122006,335.16041584761,
    807.93322637741));
#10698 = CARTESIAN_POINT('',(140.02603792662,335.14902566641,
    807.94142912482));
#10699 = CARTESIAN_POINT('',(140.02576764541,335.13761178953,
    807.9492693117));
#10700 = CARTESIAN_POINT('',(140.02555449487,335.12617649188,
    807.95668933066));
#10701 = CARTESIAN_POINT('',(140.0253916089,335.11472236303,
    807.96362271743));
#10702 = CARTESIAN_POINT('',(140.02527113683,335.10325230715,
    807.96999415086));
#10703 = CARTESIAN_POINT('',(140.02508927642,335.07921987646,
    807.98197671226));
#10704 = CARTESIAN_POINT('',(140.02503288441,335.06645401059,
    807.987561232));
#10705 = CARTESIAN_POINT('',(140.0250069549,335.05347135847,
    807.99233674838));
#10706 = CARTESIAN_POINT('',(140.02499981852,335.04028419875,
    807.996113298));
#10707 = CARTESIAN_POINT('',(140.02500000512,335.02692665454,
    807.99870702652));
#10708 = CARTESIAN_POINT('',(140.025,335.01346367219,807.9999999973));
#10709 = CARTESIAN_POINT('',(140.025,335.00000000008,808.));
#10710 = ORIENTED_EDGE('',*,*,#10437,.F.);
#10711 = ( BOUNDED_SURFACE() B_SPLINE_SURFACE(6,9,(
    (#10712,#10713,#10714,#10715,#10716,#10717,#10718,#10719,#10720
      ,#10721,#10722,#10723,#10724,#10725,#10726,#10727,#10728,#10729
      ,#10730,#10731,#10732,#10733,#10734,#10735,#10736,#10737,#10738
      ,#10739,#10740,#10741,#10742,#10743,#10744,#10745,#10746,#10747
      ,#10748,#10749,#10750,#10751,#10752,#10753,#10754,#10755,#10756
      ,#10757,#10758,#10759,#10760,#10761,#10762,#10763,#10764,#10765
      ,#10766,#10767,#10768,#10769,#10770,#10771,#10772,#10773,#10774
      ,#10775,#10776,#10777,#10778,#10779,#10780,#10781,#10782,#10783
      ,#10784,#10785,#10786,#10787,#10788,#10789,#10790,#10791,#10792
      ,#10793,#10794,#10795,#10796,#10797,#10798,#10799,#10800,#10801
      ,#10802,#10803,#10804,#10805,#10806,#10807,#10808,#10809,#10810
      ,#10811,#10812,#10813,#10814,#10815,#10816,#10817,#10818,#10819
      ,#10820,#10821,#10822,#10823,#10824,#10825,#10826,#10827,#10828
      ,#10829,#10830,#10831,#10832,#10833,#10834,#10835,#10836,#10837
      ,#10838,#10839,#10840,#10841,#10842,#10843,#10844,#10845,#10846
      ,#10847,#10848)
    ,(#10849,#10850,#10851,#10852,#10853,#10854,#10855,#10856,#10857
      ,#10858,#10859,#10860,#10861,#10862,#10863,#10864,#10865,#10866
      ,#10867,#10868,#10869,#10870,#10871,#10872,#10873,#10874,#10875
      ,#10876,#10877,#10878,#10879,#10880,#10881,#10882,#10883,#10884
      ,#10885,#10886,#10887,#10888,#10889,#10890,#10891,#10892,#10893
      ,#10894,#10895,#10896,#10897,#10898,#10899,#10900,#10901,#10902
      ,#10903,#10904,#10905,#10906,#10907,#10908,#10909,#10910,#10911
      ,#10912,#10913,#10914,#10915,#10916,#10917,#10918,#10919,#10920
      ,#10921,#10922,#10923,#10924,#10925,#10926,#10927,#10928,#10929
      ,#10930,#10931,#10932,#10933,#10934,#10935,#10936,#10937,#10938
      ,#10939,#10940,#10941,#10942,#10943,#10944,#10945,#10946,#10947
      ,#10948,#10949,#10950,#10951,#10952,#10953,#10954,#10955,#10956
      ,#10957,#10958,#10959,#10960,#10961,#10962,#10963,#10964,#10965
      ,#10966,#10967,#10968,#10969,#10970,#10971,#10972,#10973,#10974
      ,#10975,#10976,#10977,#10978,#10979,#10980,#10981,#10982,#10983
      ,#10984,#10985)
    ,(#10986,#10987,#10988,#10989,#10990,#10991,#10992,#10993,#10994
      ,#10995,#10996,#10997,#10998,#10999,#11000,#11001,#11002,#11003
      ,#11004,#11005,#11006,#11007,#11008,#11009,#11010,#11011,#11012
      ,#11013,#11014,#11015,#11016,#11017,#11018,#11019,#11020,#11021
      ,#11022,#11023,#11024,#11025,#11026,#11027,#11028,#11029,#11030
      ,#11031,#11032,#11033,#11034,#11035,#11036,#11037,#11038,#11039
      ,#11040,#11041,#11042,#11043,#11044,#11045,#11046,#11047,#11048
      ,#11049,#11050,#11051,#11052,#11053,#11054,#11055,#11056,#11057
      ,#11058,#11059,#11060,#11061,#11062,#11063,#11064,#11065,#11066
      ,#11067,#11068,#11069,#11070,#11071,#11072,#11073,#11074,#11075
      ,#11076,#11077,#11078,#11079,#11080,#11081,#11082,#11083,#11084
      ,#11085,#11086,#11087,#11088,#11089,#11090,#11091,#11092,#11093
      ,#11094,#11095,#11096,#11097,#11098,#11099,#11100,#11101,#11102
      ,#11103,#11104,#11105,#11106,#11107,#11108,#11109,#11110,#11111
      ,#11112,#11113,#11114,#11115,#11116,#11117,#11118,#11119,#11120
      ,#11121,#11122)
    ,(#11123,#11124,#11125,#11126,#11127,#11128,#11129,#11130,#11131
      ,#11132,#11133,#11134,#11135,#11136,#11137,#11138,#11139,#11140
      ,#11141,#11142,#11143,#11144,#11145,#11146,#11147,#11148,#11149
      ,#11150,#11151,#11152,#11153,#11154,#11155,#11156,#11157,#11158
      ,#11159,#11160,#11161,#11162,#11163,#11164,#11165,#11166,#11167
      ,#11168,#11169,#11170,#11171,#11172,#11173,#11174,#11175,#11176
      ,#11177,#11178,#11179,#11180,#11181,#11182,#11183,#11184,#11185
      ,#11186,#11187,#11188,#11189,#11190,#11191,#11192,#11193,#11194
      ,#11195,#11196,#11197,#11198,#11199,#11200,#11201,#11202,#11203
      ,#11204,#11205,#11206,#11207,#11208,#11209,#11210,#11211,#11212
      ,#11213,#11214,#11215,#11216,#11217,#11218,#11219,#11220,#11221
      ,#11222,#11223,#11224,#11225,#11226,#11227,#11228,#11229,#11230
      ,#11231,#11232,#11233,#11234,#11235,#11236,#11237,#11238,#11239
      ,#11240,#11241,#11242,#11243,#11244,#11245,#11246,#11247,#11248
      ,#11249,#11250,#11251,#11252,#11253,#11254,#11255,#11256,#11257
      ,#11258,#11259)
    ,(#11260,#11261,#11262,#11263,#11264,#11265,#11266,#11267,#11268
      ,#11269,#11270,#11271,#11272,#11273,#11274,#11275,#11276,#11277
      ,#11278,#11279,#11280,#11281,#11282,#11283,#11284,#11285,#11286
      ,#11287,#11288,#11289,#11290,#11291,#11292,#11293,#11294,#11295
      ,#11296,#11297,#11298,#11299,#11300,#11301,#11302,#11303,#11304
      ,#11305,#11306,#11307,#11308,#11309,#11310,#11311,#11312,#11313
      ,#11314,#11315,#11316,#11317,#11318,#11319,#11320,#11321,#11322
      ,#11323,#11324,#11325,#11326,#11327,#11328,#11329,#11330,#11331
      ,#11332,#11333,#11334,#11335,#11336,#11337,#11338,#11339,#11340
      ,#11341,#11342,#11343,#11344,#11345,#11346,#11347,#11348,#11349
      ,#11350,#11351,#11352,#11353,#11354,#11355,#11356,#11357,#11358
      ,#11359,#11360,#11361,#11362,#11363,#11364,#11365,#11366,#11367
      ,#11368,#11369,#11370,#11371,#11372,#11373,#11374,#11375,#11376
      ,#11377,#11378,#11379,#11380,#11381,#11382,#11383,#11384,#11385
      ,#11386,#11387,#11388,#11389,#11390,#11391,#11392,#11393,#11394
      ,#11395,#11396)
    ,(#11397,#11398,#11399,#11400,#11401,#11402,#11403,#11404,#11405
      ,#11406,#11407,#11408,#11409,#11410,#11411,#11412,#11413,#11414
      ,#11415,#11416,#11417,#11418,#11419,#11420,#11421,#11422,#11423
      ,#11424,#11425,#11426,#11427,#11428,#11429,#11430,#11431,#11432
      ,#11433,#11434,#11435,#11436,#11437,#11438,#11439,#11440,#11441
      ,#11442,#11443,#11444,#11445,#11446,#11447,#11448,#11449,#11450
      ,#11451,#11452,#11453,#11454,#11455,#11456,#11457,#11458,#11459
      ,#11460,#11461,#11462,#11463,#11464,#11465,#11466,#11467,#11468
      ,#11469,#11470,#11471,#11472,#11473,#11474,#11475,#11476,#11477
      ,#11478,#11479,#11480,#11481,#11482,#11483,#11484,#11485,#11486
      ,#11487,#11488,#11489,#11490,#11491,#11492,#11493,#11494,#11495
      ,#11496,#11497,#11498,#11499,#11500,#11501,#11502,#11503,#11504
      ,#11505,#11506,#11507,#11508,#11509,#11510,#11511,#11512,#11513
      ,#11514,#11515,#11516,#11517,#11518,#11519,#11520,#11521,#11522
      ,#11523,#11524,#11525,#11526,#11527,#11528,#11529,#11530,#11531
      ,#11532,#11533)
    ,(#11534,#11535,#11536,#11537,#11538,#11539,#11540,#11541,#11542
      ,#11543,#11544,#11545,#11546,#11547,#11548,#11549,#11550,#11551
      ,#11552,#11553,#11554,#11555,#11556,#11557,#11558,#11559,#11560
      ,#11561,#11562,#11563,#11564,#11565,#11566,#11567,#11568,#11569
      ,#11570,#11571,#11572,#11573,#11574,#11575,#11576,#11577,#11578
      ,#11579,#11580,#11581,#11582,#11583,#11584,#11585,#11586,#11587
      ,#11588,#11589,#11590,#11591,#11592,#11593,#11594,#11595,#11596
      ,#11597,#11598,#11599,#11600,#11601,#11602,#11603,#11604,#11605
      ,#11606,#11607,#11608,#11609,#11610,#11611,#11612,#11613,#11614
      ,#11615,#11616,#11617,#11618,#11619,#11620,#11621,#11622,#11623
      ,#11624,#11625,#11626,#11627,#11628,#11629,#11630,#11631,#11632
      ,#11633,#11634,#11635,#11636,#11637,#11638,#11639,#11640,#11641
      ,#11642,#11643,#11644,#11645,#11646,#11647,#11648,#11649,#11650
      ,#11651,#11652,#11653,#11654,#11655,#11656,#11657,#11658,#11659
      ,#11660,#11661,#11662,#11663,#11664,#11665,#11666,#11667,#11668
      ,#11669,#11670
)),.UNSPECIFIED.,.T.,.F.,.F.) B_SPLINE_SURFACE_WITH_KNOTS((1,6,6,1),(10,
    8,9,8,9,8,9,8,9,8,9,8,9,8,9,8,10),(-6.28318530718,0.,6.28318530718,
    12.566370614359),(0.,4.46799063971,8.93598127942,13.403971919129,
    17.871962558839,22.339953198549,26.807943838259,31.275934477969,
    35.743925117679,40.211915757388,44.679906397098,49.147897036808,
    53.615887676518,58.083878316228,62.551868955937,67.019859595647,
71.487850235357),.UNSPECIFIED.) GEOMETRIC_REPRESENTATION_ITEM() 
RATIONAL_B_SPLINE_SURFACE((
    (1.669078461068,1.669078461068,1.669078461068,1.669078461068
      ,1.669078461068,1.669078461068,1.669078461068,1.669078461068
      ,1.669078461068,1.669078461068,1.669078461068,1.669078461068
      ,1.669078461068,1.669078461068,1.669078461068,1.669078461068
      ,1.669078461068,1.669078461068,1.669078461068,1.669078461068
      ,1.669078461068,1.669078461068,1.669078461068,1.669078461068
      ,1.669078461068,1.669078461068,1.669078461068,1.669078461068
      ,1.669078461068,1.669078461069,1.669078461068,1.669078461068
      ,1.669078461068,1.669078461068,1.669078461068,1.669078461068
      ,1.669078461068,1.669078461068,1.669078461068,1.669078461068
      ,1.669078461068,1.669078461068,1.669078461068,1.669078461068
      ,1.669078461068,1.669078461069,1.669078461068,1.669078461069
      ,1.669078461068,1.669078461068,1.669078461068,1.669078461068
      ,1.669078461068,1.669078461068,1.669078461068,1.669078461068
      ,1.669078461068,1.669078461068,1.669078461068,1.669078461068
      ,1.669078461068,1.669078461068,1.669078461068,1.669078461068
      ,1.669078461068,1.669078461068,1.669078461068,1.669078461068
      ,1.669078461068,1.669078461068,1.669078461068,1.669078461069
      ,1.669078461068,1.669078461069,1.669078461068,1.669078461068
      ,1.669078461068,1.669078461068,1.669078461068,1.669078461068
      ,1.669078461068,1.669078461068,1.669078461068,1.669078461068
      ,1.669078461068,1.669078461068,1.669078461068,1.669078461068
      ,1.669078461068,1.669078461068,1.669078461068,1.669078461068
      ,1.669078461068,1.669078461068,1.669078461068,1.669078461068
      ,1.669078461068,1.669078461068,1.669078461068,1.669078461068
      ,1.669078461068,1.669078461068,1.669078461068,1.669078461068
      ,1.669078461068,1.669078461068,1.669078461068,1.669078461068
      ,1.669078461068,1.669078461068,1.669078461068,1.669078461068
      ,1.669078461068,1.669078461068,1.669078461069,1.669078461068
      ,1.669078461069,1.669078461068,1.669078461068,1.669078461068
      ,1.669078461068,1.669078461068,1.669078461068,1.669078461068
      ,1.669078461068,1.669078461068,1.669078461068,1.669078461068
      ,1.669078461068,1.669078461068,1.669078461068,1.669078461068
      ,1.669078461069,1.669078461068,1.669078461068,1.669078461068
      ,1.669078461068)
    ,(1.03672962321,1.03672962321,1.03672962321,1.03672962321
      ,1.03672962321,1.03672962321,1.03672962321,1.03672962321
      ,1.03672962321,1.03672962321,1.03672962321,1.03672962321
      ,1.03672962321,1.03672962321,1.03672962321,1.03672962321
      ,1.03672962321,1.03672962321,1.03672962321,1.03672962321
      ,1.03672962321,1.03672962321,1.03672962321,1.03672962321
      ,1.03672962321,1.03672962321,1.03672962321,1.03672962321
      ,1.03672962321,1.03672962321,1.036729623209,1.03672962321
      ,1.03672962321,1.03672962321,1.03672962321,1.03672962321
      ,1.03672962321,1.03672962321,1.03672962321,1.03672962321
      ,1.03672962321,1.03672962321,1.03672962321,1.03672962321
      ,1.03672962321,1.03672962321,1.036729623209,1.03672962321
      ,1.036729623209,1.03672962321,1.03672962321,1.03672962321
      ,1.03672962321,1.03672962321,1.03672962321,1.03672962321
      ,1.03672962321,1.03672962321,1.03672962321,1.03672962321
      ,1.03672962321,1.03672962321,1.03672962321,1.036729623209
      ,1.03672962321,1.03672962321,1.03672962321,1.03672962321
      ,1.03672962321,1.03672962321,1.03672962321,1.03672962321
      ,1.036729623209,1.03672962321,1.036729623209,1.03672962321
      ,1.03672962321,1.03672962321,1.03672962321,1.03672962321
      ,1.03672962321,1.03672962321,1.03672962321,1.03672962321
      ,1.03672962321,1.03672962321,1.03672962321,1.03672962321
      ,1.03672962321,1.036729623209,1.03672962321,1.03672962321
      ,1.03672962321,1.03672962321,1.03672962321,1.03672962321
      ,1.03672962321,1.03672962321,1.03672962321,1.03672962321
      ,1.03672962321,1.03672962321,1.03672962321,1.03672962321
      ,1.03672962321,1.03672962321,1.03672962321,1.03672962321
      ,1.03672962321,1.03672962321,1.03672962321,1.03672962321
      ,1.03672962321,1.036729623209,1.03672962321,1.036729623209
      ,1.03672962321,1.03672962321,1.03672962321,1.03672962321
      ,1.03672962321,1.03672962321,1.03672962321,1.036729623209
      ,1.03672962321,1.03672962321,1.03672962321,1.03672962321
      ,1.03672962321,1.03672962321,1.03672962321,1.036729623209
      ,1.03672962321,1.03672962321,1.03672962321,1.03672962321
      ,1.03672962321)
    ,(1.038346699848,1.038346699847,1.038346699848,1.038346699847
      ,1.038346699848,1.038346699847,1.038346699848,1.038346699847
      ,1.038346699848,1.038346699847,1.038346699848,1.038346699847
      ,1.038346699848,1.038346699847,1.038346699848,1.038346699847
      ,1.038346699848,1.038346699848,1.038346699848,1.038346699848
      ,1.038346699847,1.038346699848,1.038346699847,1.038346699848
      ,1.038346699847,1.038346699848,1.038346699847,1.038346699848
      ,1.038346699847,1.038346699848,1.038346699847,1.038346699848
      ,1.038346699847,1.038346699848,1.038346699848,1.038346699847
      ,1.038346699848,1.038346699847,1.038346699848,1.038346699847
      ,1.038346699848,1.038346699847,1.038346699848,1.038346699848
      ,1.038346699847,1.038346699848,1.038346699847,1.038346699848
      ,1.038346699847,1.038346699848,1.038346699847,1.038346699848
      ,1.038346699848,1.038346699847,1.038346699848,1.038346699847
      ,1.038346699848,1.038346699847,1.038346699848,1.038346699847
      ,1.038346699848,1.038346699847,1.038346699848,1.038346699847
      ,1.038346699848,1.038346699847,1.038346699848,1.038346699847
      ,1.038346699848,1.038346699848,1.038346699847,1.038346699848
      ,1.038346699847,1.038346699848,1.038346699847,1.038346699848
      ,1.038346699848,1.038346699848,1.038346699847,1.038346699848
      ,1.038346699847,1.038346699848,1.038346699847,1.038346699848
      ,1.038346699848,1.038346699848,1.038346699848,1.038346699847
      ,1.038346699848,1.038346699847,1.038346699848,1.038346699847
      ,1.038346699848,1.038346699848,1.038346699848,1.038346699848
      ,1.038346699847,1.038346699848,1.038346699847,1.038346699848
      ,1.038346699847,1.038346699848,1.038346699848,1.038346699848
      ,1.038346699848,1.038346699848,1.038346699847,1.038346699848
      ,1.038346699847,1.038346699848,1.038346699848,1.038346699847
      ,1.038346699848,1.038346699847,1.038346699848,1.038346699847
      ,1.038346699848,1.038346699847,1.038346699848,1.038346699848
      ,1.038346699848,1.038346699847,1.038346699848,1.038346699847
      ,1.038346699848,1.038346699847,1.038346699848,1.038346699847
      ,1.038346699848,1.038346699847,1.038346699848,1.038346699847
      ,1.038346699848,1.038346699847,1.038346699848,1.038346699848
      ,1.038346699848)
    ,(0.853534330196,0.853534330196,0.853534330196,0.853534330196
      ,0.853534330196,0.853534330196,0.853534330196,0.853534330196
      ,0.853534330196,0.853534330196,0.853534330196,0.853534330196
      ,0.853534330196,0.853534330196,0.853534330196,0.853534330196
      ,0.853534330196,0.853534330196,0.853534330196,0.853534330196
      ,0.853534330196,0.853534330196,0.853534330196,0.853534330196
      ,0.853534330196,0.853534330196,0.853534330196,0.853534330196
      ,0.853534330196,0.853534330196,0.853534330196,0.853534330196
      ,0.853534330196,0.853534330196,0.853534330196,0.853534330196
      ,0.853534330196,0.853534330196,0.853534330196,0.853534330196
      ,0.853534330196,0.853534330196,0.853534330196,0.853534330196
      ,0.853534330196,0.853534330196,0.853534330196,0.853534330196
      ,0.853534330196,0.853534330196,0.853534330196,0.853534330196
      ,0.853534330196,0.853534330196,0.853534330196,0.853534330196
      ,0.853534330196,0.853534330196,0.853534330196,0.853534330196
      ,0.853534330196,0.853534330196,0.853534330196,0.853534330196
      ,0.853534330196,0.853534330196,0.853534330196,0.853534330196
      ,0.853534330196,0.853534330196,0.853534330196,0.853534330196
      ,0.853534330196,0.853534330196,0.853534330196,0.853534330196
      ,0.853534330196,0.853534330196,0.853534330196,0.853534330196
      ,0.853534330196,0.853534330196,0.853534330196,0.853534330196
      ,0.853534330196,0.853534330196,0.853534330196,0.853534330196
      ,0.853534330196,0.853534330196,0.853534330196,0.853534330196
      ,0.853534330196,0.853534330196,0.853534330196,0.853534330196
      ,0.853534330196,0.853534330196,0.853534330196,0.853534330196
      ,0.853534330196,0.853534330196,0.853534330196,0.853534330196
      ,0.853534330196,0.853534330196,0.853534330196,0.853534330196
      ,0.853534330196,0.853534330196,0.853534330196,0.853534330196
      ,0.853534330196,0.853534330196,0.853534330196,0.853534330196
      ,0.853534330196,0.853534330196,0.853534330196,0.853534330196
      ,0.853534330196,0.853534330196,0.853534330196,0.853534330196
      ,0.853534330196,0.853534330196,0.853534330196,0.853534330196
      ,0.853534330196,0.853534330196,0.853534330196,0.853534330196
      ,0.853534330196,0.853534330196,0.853534330196,0.853534330196
      ,0.853534330196)
    ,(1.038346699848,1.038346699847,1.038346699848,1.038346699847
      ,1.038346699848,1.038346699847,1.038346699848,1.038346699848
      ,1.038346699848,1.038346699848,1.038346699848,1.038346699847
      ,1.038346699848,1.038346699847,1.038346699848,1.038346699848
      ,1.038346699848,1.038346699848,1.038346699848,1.038346699848
      ,1.038346699847,1.038346699848,1.038346699847,1.038346699848
      ,1.038346699847,1.038346699848,1.038346699847,1.038346699848
      ,1.038346699847,1.038346699848,1.038346699847,1.038346699848
      ,1.038346699847,1.038346699848,1.038346699848,1.038346699847
      ,1.038346699848,1.038346699847,1.038346699848,1.038346699847
      ,1.038346699848,1.038346699847,1.038346699848,1.038346699848
      ,1.038346699847,1.038346699848,1.038346699847,1.038346699848
      ,1.038346699847,1.038346699848,1.038346699847,1.038346699848
      ,1.038346699848,1.038346699847,1.038346699848,1.038346699847
      ,1.038346699848,1.038346699847,1.038346699848,1.038346699847
      ,1.038346699848,1.038346699847,1.038346699848,1.038346699847
      ,1.038346699848,1.038346699847,1.038346699848,1.038346699847
      ,1.038346699848,1.038346699848,1.038346699847,1.038346699848
      ,1.038346699847,1.038346699848,1.038346699847,1.038346699848
      ,1.038346699848,1.038346699848,1.038346699847,1.038346699848
      ,1.038346699847,1.038346699848,1.038346699847,1.038346699848
      ,1.038346699847,1.038346699848,1.038346699848,1.038346699847
      ,1.038346699848,1.038346699847,1.038346699848,1.038346699847
      ,1.038346699848,1.038346699848,1.038346699848,1.038346699848
      ,1.038346699847,1.038346699848,1.038346699847,1.038346699848
      ,1.038346699847,1.038346699848,1.038346699848,1.038346699848
      ,1.038346699848,1.038346699847,1.038346699848,1.038346699847
      ,1.038346699848,1.038346699847,1.038346699848,1.038346699847
      ,1.038346699848,1.038346699847,1.038346699848,1.038346699847
      ,1.038346699848,1.038346699847,1.038346699848,1.038346699848
      ,1.038346699848,1.038346699847,1.038346699848,1.038346699847
      ,1.038346699848,1.038346699847,1.038346699848,1.038346699848
      ,1.038346699848,1.038346699847,1.038346699848,1.038346699847
      ,1.038346699848,1.038346699848,1.038346699848,1.038346699848
      ,1.038346699848)
    ,(1.03672962321,1.03672962321,1.03672962321,1.03672962321
      ,1.03672962321,1.03672962321,1.03672962321,1.03672962321
      ,1.03672962321,1.03672962321,1.03672962321,1.03672962321
      ,1.03672962321,1.03672962321,1.03672962321,1.03672962321
      ,1.03672962321,1.03672962321,1.03672962321,1.03672962321
      ,1.03672962321,1.03672962321,1.03672962321,1.03672962321
      ,1.03672962321,1.03672962321,1.03672962321,1.03672962321
      ,1.03672962321,1.03672962321,1.036729623209,1.03672962321
      ,1.03672962321,1.03672962321,1.03672962321,1.03672962321
      ,1.03672962321,1.03672962321,1.03672962321,1.03672962321
      ,1.03672962321,1.03672962321,1.03672962321,1.03672962321
      ,1.03672962321,1.03672962321,1.036729623209,1.03672962321
      ,1.036729623209,1.03672962321,1.03672962321,1.03672962321
      ,1.03672962321,1.03672962321,1.03672962321,1.03672962321
      ,1.03672962321,1.03672962321,1.03672962321,1.03672962321
      ,1.03672962321,1.03672962321,1.03672962321,1.036729623209
      ,1.03672962321,1.036729623209,1.03672962321,1.03672962321
      ,1.03672962321,1.03672962321,1.03672962321,1.03672962321
      ,1.036729623209,1.03672962321,1.03672962321,1.03672962321
      ,1.03672962321,1.03672962321,1.03672962321,1.03672962321
      ,1.036729623209,1.03672962321,1.03672962321,1.03672962321
      ,1.03672962321,1.03672962321,1.03672962321,1.03672962321
      ,1.03672962321,1.036729623209,1.03672962321,1.036729623209
      ,1.03672962321,1.03672962321,1.03672962321,1.03672962321
      ,1.03672962321,1.03672962321,1.03672962321,1.03672962321
      ,1.03672962321,1.03672962321,1.03672962321,1.03672962321
      ,1.03672962321,1.03672962321,1.03672962321,1.03672962321
      ,1.03672962321,1.03672962321,1.03672962321,1.03672962321
      ,1.03672962321,1.036729623209,1.03672962321,1.036729623209
      ,1.03672962321,1.03672962321,1.03672962321,1.03672962321
      ,1.03672962321,1.03672962321,1.03672962321,1.036729623209
      ,1.03672962321,1.036729623209,1.03672962321,1.03672962321
      ,1.03672962321,1.03672962321,1.03672962321,1.03672962321
      ,1.03672962321,1.03672962321,1.03672962321,1.03672962321
      ,1.03672962321)
    ,(1.669078461068,1.669078461068,1.669078461068,1.669078461068
      ,1.669078461068,1.669078461068,1.669078461068,1.669078461068
      ,1.669078461068,1.669078461068,1.669078461068,1.669078461068
      ,1.669078461068,1.669078461068,1.669078461068,1.669078461068
      ,1.669078461068,1.669078461068,1.669078461068,1.669078461068
      ,1.669078461068,1.669078461068,1.669078461068,1.669078461068
      ,1.669078461068,1.669078461068,1.669078461068,1.669078461068
      ,1.669078461068,1.669078461069,1.669078461068,1.669078461068
      ,1.669078461068,1.669078461068,1.669078461068,1.669078461068
      ,1.669078461068,1.669078461068,1.669078461068,1.669078461068
      ,1.669078461068,1.669078461068,1.669078461068,1.669078461068
      ,1.669078461068,1.669078461069,1.669078461068,1.669078461069
      ,1.669078461068,1.669078461068,1.669078461068,1.669078461068
      ,1.669078461068,1.669078461068,1.669078461068,1.669078461068
      ,1.669078461068,1.669078461068,1.669078461068,1.669078461068
      ,1.669078461068,1.669078461068,1.669078461068,1.669078461068
      ,1.669078461068,1.669078461068,1.669078461068,1.669078461068
      ,1.669078461068,1.669078461068,1.669078461068,1.669078461069
      ,1.669078461068,1.669078461069,1.669078461068,1.669078461068
      ,1.669078461068,1.669078461068,1.669078461068,1.669078461068
      ,1.669078461068,1.669078461068,1.669078461068,1.669078461068
      ,1.669078461068,1.669078461068,1.669078461068,1.669078461068
      ,1.669078461068,1.669078461068,1.669078461068,1.669078461068
      ,1.669078461068,1.669078461068,1.669078461068,1.669078461068
      ,1.669078461068,1.669078461068,1.669078461068,1.669078461068
      ,1.669078461068,1.669078461068,1.669078461068,1.669078461068
      ,1.669078461068,1.669078461068,1.669078461068,1.669078461068
      ,1.669078461068,1.669078461068,1.669078461068,1.669078461068
      ,1.669078461068,1.669078461068,1.669078461069,1.669078461068
      ,1.669078461069,1.669078461068,1.669078461068,1.669078461068
      ,1.669078461068,1.669078461068,1.669078461068,1.669078461068
      ,1.669078461068,1.669078461068,1.669078461068,1.669078461068
      ,1.669078461068,1.669078461068,1.669078461068,1.669078461068
      ,1.669078461069,1.669078461068,1.669078461068,1.669078461068
,1.669078461068))) REPRESENTATION_ITEM('') SURFACE() );
#10712 = CARTESIAN_POINT('',(100.,328.,799.4));
#10713 = CARTESIAN_POINT('',(100.28907585876,331.47104036692,799.4));
#10714 = CARTESIAN_POINT('',(100.57808938988,334.94209713143,
    800.97606846897));
#10715 = CARTESIAN_POINT('',(100.86726210092,337.59466790553,
    804.12804672771));
#10716 = CARTESIAN_POINT('',(101.15615706816,338.61463885963,
    808.36126205573));
#10717 = CARTESIAN_POINT('',(101.44539220968,337.53188256539,
    812.68518335339));
#10718 = CARTESIAN_POINT('',(101.73433900126,334.63631583009,
    815.93758762515));
#10719 = CARTESIAN_POINT('',(102.02344707422,330.81140373208,
    817.46707174416));
#10720 = CARTESIAN_POINT('',(102.31250169885,327.00715713068,
    817.2207509759));
#10721 = CARTESIAN_POINT('',(102.89062643166,320.88481992672,
    813.94829370892));
#10722 = CARTESIAN_POINT('',(103.1796810563,318.56648540952,
    810.9220268351));
#10723 = CARTESIAN_POINT('',(103.46878912926,317.71319752129,
    806.89199283928));
#10724 = CARTESIAN_POINT('',(103.75773592084,318.80878199742,
    802.67747804849));
#10725 = CARTESIAN_POINT('',(104.04697106236,321.80244387261,
    799.374957018));
#10726 = CARTESIAN_POINT('',(104.3358660296,325.88889922497,
    797.87118329328));
#10727 = CARTESIAN_POINT('',(104.62503874063,329.98336274562,
    798.3255698383));
#10728 = CARTESIAN_POINT('',(104.91405227176,333.22223167491,
    800.33603121335));
#10729 = CARTESIAN_POINT('',(105.20312813052,335.15063848785,
    803.22209572971));
#10730 = CARTESIAN_POINT('',(105.49219513996,337.07904569635,
    806.1081610707));
#10731 = CARTESIAN_POINT('',(105.78122254268,337.69700768446,
    809.86985483947));
#10732 = CARTESIAN_POINT('',(106.07037783865,336.54992389667,
    813.8265336098));
#10733 = CARTESIAN_POINT('',(106.35929048773,333.59679848464,
    817.02645538558));
#10734 = CARTESIAN_POINT('',(106.64851115668,329.40004297563,
    818.52841962347));
#10735 = CARTESIAN_POINT('',(106.93746732412,325.08707643793,
    817.92778207421));
#10736 = CARTESIAN_POINT('',(107.22657080347,321.69034982602,
    815.59722013416));
#10737 = CARTESIAN_POINT('',(107.51562693425,319.78163180328,
    812.29725607264));
#10738 = CARTESIAN_POINT('',(108.09375131922,319.10119229108,
    805.38863891451));
#10739 = CARTESIAN_POINT('',(108.38280621695,320.32944357192,
    801.77971039681));
#10740 = CARTESIAN_POINT('',(108.67191394601,323.20623304463,
    798.83126055032));
#10741 = CARTESIAN_POINT('',(108.96086108858,327.31914812654,
    797.40074675569));
#10742 = CARTESIAN_POINT('',(109.2500959402,331.72828344941,
    798.05510328061));
#10743 = CARTESIAN_POINT('',(109.53899109845,335.2489385468,
    800.61741479323));
#10744 = CARTESIAN_POINT('',(109.82816371252,337.14589200013,
    804.27428043628));
#10745 = CARTESIAN_POINT('',(110.11717727858,337.27367362385,
    808.08425402086));
#10746 = CARTESIAN_POINT('',(110.40625313053,335.94536410216,
    811.29107722242));
#10747 = CARTESIAN_POINT('',(110.69532013994,334.61705411419,
    814.49790121044));
#10748 = CARTESIAN_POINT('',(110.98434754272,331.83264134041,
    817.10160290877));
#10749 = CARTESIAN_POINT('',(111.27350283859,327.90549756996,
    818.34605054289));
#10750 = CARTESIAN_POINT('',(111.5624154878,323.60419127836,
    817.66839778806));
#10751 = CARTESIAN_POINT('',(111.85163615663,320.02376121972,
    815.0133697337));
#10752 = CARTESIAN_POINT('',(112.14059232415,318.12701726558,
    811.09357277551));
#10753 = CARTESIAN_POINT('',(112.42969580346,318.17768850304,
    806.97450697631));
#10754 = CARTESIAN_POINT('',(112.71875193425,319.86108142522,
    803.55410413934));
#10755 = CARTESIAN_POINT('',(113.29687631922,325.22735471689,
    799.15011731754));
#10756 = CARTESIAN_POINT('',(113.58593121696,328.91044896263,
    798.1663576763));
#10757 = CARTESIAN_POINT('',(113.87503894601,332.96025401108,
    798.9202497356));
#10758 = CARTESIAN_POINT('',(114.16398608858,336.43469595176,
    801.54526276196));
#10759 = CARTESIAN_POINT('',(114.4532209402,338.34020272439,
    805.57486580649));
#10760 = CARTESIAN_POINT('',(114.74211609844,338.16568973726,
    809.9257275395));
#10761 = CARTESIAN_POINT('',(115.03128871254,336.17900795087,
    813.53463238933));
#10762 = CARTESIAN_POINT('',(115.32030227856,333.08212235808,
    815.75758683865));
#10763 = CARTESIAN_POINT('',(115.60937813054,329.67777708348,
    816.43475334897));
#10764 = CARTESIAN_POINT('',(115.89844513992,326.2734308959,
    817.11191990853));
#10765 = CARTESIAN_POINT('',(116.18748593179,322.56161720603,
    816.24234774236));
#10766 = CARTESIAN_POINT('',(116.47657619514,319.34498575139,
    813.67307200206));
#10767 = CARTESIAN_POINT('',(116.76563229833,317.51899145759,
    809.70993230075));
#10768 = CARTESIAN_POINT('',(117.0546693461,317.73708445499,
    805.27097962868));
#10769 = CARTESIAN_POINT('',(117.34376896756,319.94273780312,
    801.50592163132));
#10770 = CARTESIAN_POINT('',(117.63280741442,323.39566039431,
    799.2642697855));
#10771 = CARTESIAN_POINT('',(117.92187693425,327.17488641848,
    798.76272912878));
#10772 = CARTESIAN_POINT('',(118.50000131922,333.81800933688,
    800.77789831731));
#10773 = CARTESIAN_POINT('',(118.78905621696,336.68219311272,
    803.29373168877));
#10774 = CARTESIAN_POINT('',(119.07816394601,338.30530590891,
    807.07986150936));
#10775 = CARTESIAN_POINT('',(119.36711108858,338.05298386419,
    811.42713350149));
#10776 = CARTESIAN_POINT('',(119.6563459402,335.76113422471,
    815.25023198138));
#10777 = CARTESIAN_POINT('',(119.94524109844,332.04657068546,
    817.52233900249));
#10778 = CARTESIAN_POINT('',(120.23441371254,327.94213470613,
    817.87547357615));
#10779 = CARTESIAN_POINT('',(120.52342727857,324.37327818158,
    816.53551463437));
#10780 = CARTESIAN_POINT('',(120.81250313054,321.91888190828,
    814.08111854468));
#10781 = CARTESIAN_POINT('',(121.1015701331,319.46448508696,
    811.62672172255));
#10782 = CARTESIAN_POINT('',(121.39059757084,318.1245270158,
    808.05786625153));
#10783 = CARTESIAN_POINT('',(121.67975276974,318.47766017676,
    803.95342899903));
#10784 = CARTESIAN_POINT('',(121.96866560996,320.7497683386,
    800.23886665449));
#10785 = CARTESIAN_POINT('',(122.25788598889,324.57286568624,
    797.9470158255));
#10786 = CARTESIAN_POINT('',(122.54684250739,328.92013834719,
    797.69469429722));
#10787 = CARTESIAN_POINT('',(122.8359456428,332.70626789593,
    799.31780662006));
#10788 = CARTESIAN_POINT('',(123.12500204669,335.22210148303,
    802.18199041116));
#10789 = CARTESIAN_POINT('',(123.70312608383,337.23727089381,
    808.82511322935));
#10790 = CARTESIAN_POINT('',(123.99219587674,336.73573039761,
    812.60433929195));
#10791 = CARTESIAN_POINT('',(124.28123397974,334.49407865547,
    816.05726194174));
#10792 = CARTESIAN_POINT('',(124.57033395209,330.72902076572,
    818.26291545551));
#10793 = CARTESIAN_POINT('',(124.85937071011,326.29006808074,
    818.48100859726));
#10794 = CARTESIAN_POINT('',(125.14842700414,322.32692832524,
    816.65501446485));
#10795 = CARTESIAN_POINT('',(125.43751717069,319.75765245817,
    813.43838309892));
#10796 = CARTESIAN_POINT('',(125.72655799739,318.88808015625,
    809.72656944394));
#10797 = CARTESIAN_POINT('',(126.015625,319.56524658853,806.32222323066)
  );
#10798 = CARTESIAN_POINT('',(126.30470085875,320.24241297144,
    802.91787793109));
#10799 = CARTESIAN_POINT('',(126.59371438989,322.46536730865,
    799.82099225415));
#10800 = CARTESIAN_POINT('',(126.88288710092,326.07427207546,
    797.83431033717));
#10801 = CARTESIAN_POINT('',(127.17178206816,330.42513381985,
    797.65979718045));
#10802 = CARTESIAN_POINT('',(127.46101720968,334.45473690809,
    799.56530381445));
#10803 = CARTESIAN_POINT('',(127.74996400126,337.07975009695,
    803.03974564355));
#10804 = CARTESIAN_POINT('',(128.03907207422,337.8336422746,
    807.08955067741));
#10805 = CARTESIAN_POINT('',(128.32812669885,336.84988279634,
    810.7726449491));
#10806 = CARTESIAN_POINT('',(128.90625143166,332.44589614153,
    816.13891841841));
#10807 = CARTESIAN_POINT('',(129.1953060563,329.02549350961,
    817.822311409));
#10808 = CARTESIAN_POINT('',(129.48441412926,324.90642727811,
    817.87298297975));
#10809 = CARTESIAN_POINT('',(129.77336092084,320.98663113548,
    815.97623880442));
#10810 = CARTESIAN_POINT('',(130.06259606236,318.33160157982,
    812.39580941147));
#10811 = CARTESIAN_POINT('',(130.3514910296,317.65395033612,
    808.09450245262));
#10812 = CARTESIAN_POINT('',(130.64066374062,318.89839617784,
    804.16735931782));
#10813 = CARTESIAN_POINT('',(130.92967727177,321.50209908368,
    801.38294590388));
#10814 = CARTESIAN_POINT('',(131.21875313052,324.70892218574,
    800.05463614297));
#10815 = CARTESIAN_POINT('',(131.50782013313,327.91574617433,
    798.72632615538));
#10816 = CARTESIAN_POINT('',(131.7968475708,331.72571845241,
    798.85410818027));
#10817 = CARTESIAN_POINT('',(132.08600276977,335.38258581234,
    800.75106081566));
#10818 = CARTESIAN_POINT('',(132.37491560993,337.94489578462,
    804.27171650977));
#10819 = CARTESIAN_POINT('',(132.66413598891,338.59925384184,
    808.68085124176));
#10820 = CARTESIAN_POINT('',(132.95309250738,337.16873931411,
    812.79376674396));
#10821 = CARTESIAN_POINT('',(133.24219564281,334.22029000898,
    815.67055614666));
#10822 = CARTESIAN_POINT('',(133.53125204669,330.61136139466,
    816.89880762087));
#10823 = CARTESIAN_POINT('',(134.10937608383,323.70274424406,
    816.21836835235));
#10824 = CARTESIAN_POINT('',(134.39843248769,320.40278008564,
    814.30965046321));
#10825 = CARTESIAN_POINT('',(134.68753562318,318.07221805159,
    810.91292392466));
#10826 = CARTESIAN_POINT('',(134.97649214153,317.47158030854,
    806.59995742298));
#10827 = CARTESIAN_POINT('',(135.2657125207,318.97354441748,
    802.40320184683));
#10828 = CARTESIAN_POINT('',(135.55462536062,322.1734660653,
    799.45007632295));
#10829 = CARTESIAN_POINT('',(135.84378055981,326.13014480199,
    798.3029923841));
#10830 = CARTESIAN_POINT('',(136.13280799733,329.89183859052,
    798.92095423345));
#10831 = CARTESIAN_POINT('',(136.42187500002,332.77790400396,
    800.84936133419));
#10832 = CARTESIAN_POINT('',(136.71095085871,335.66396859214,
    802.77776803967));
#10833 = CARTESIAN_POINT('',(136.99996438992,337.67443008784,
    806.01663689401));
#10834 = CARTESIAN_POINT('',(137.28913710091,338.1288167853,
    810.11110039786));
#10835 = CARTESIAN_POINT('',(137.57803206815,336.62504321286,
    814.19755580609));
#10836 = CARTESIAN_POINT('',(137.86726720968,333.32252229377,
    817.19121780437));
#10837 = CARTESIAN_POINT('',(138.15621400126,329.10800754384,
    818.28680243742));
#10838 = CARTESIAN_POINT('',(138.44532207422,325.07797351622,
    817.4335146993));
#10839 = CARTESIAN_POINT('',(138.73437669885,322.05170655607,
    815.11518029481));
#10840 = CARTESIAN_POINT('',(139.31250143166,318.77924906107,
    808.99284321273));
#10841 = CARTESIAN_POINT('',(139.6015560563,318.53292815114,
    805.1885966205));
#10842 = CARTESIAN_POINT('',(139.89066412926,320.06241212765,
    801.36368446554));
#10843 = CARTESIAN_POINT('',(140.17961092084,323.31481629168,
    798.46811760907));
#10844 = CARTESIAN_POINT('',(140.46884606236,327.63873754881,
    797.38536115383));
#10845 = CARTESIAN_POINT('',(140.75774102961,331.87195291505,
    798.40533195025));
#10846 = CARTESIAN_POINT('',(141.0469137406,335.02393127241,
    801.05790260696));
#10847 = CARTESIAN_POINT('',(141.33592727179,336.59999987074,
    804.52895931277));
#10848 = CARTESIAN_POINT('',(141.6250031305,336.59999999999,
    807.9999996797));
#10849 = CARTESIAN_POINT('',(97.341531079086,328.,799.4));
#10850 = CARTESIAN_POINT('',(97.630606937851,331.47104141663,
    799.39997780383));
#10851 = CARTESIAN_POINT('',(97.919620468986,334.94209769792,
    800.97612537026));
#10852 = CARTESIAN_POINT('',(98.208793180001,337.59468207068,
    804.12794049415));
#10853 = CARTESIAN_POINT('',(98.497688147248,338.61461437591,
    808.36137863021));
#10854 = CARTESIAN_POINT('',(98.786923288786,337.53191673632,
    812.68510515589));
#10855 = CARTESIAN_POINT('',(99.075870080341,334.63630084084,
    815.93762252346));
#10856 = CARTESIAN_POINT('',(99.364978153315,330.81140850211,
    817.46706752425));
#10857 = CARTESIAN_POINT('',(99.654032777945,327.00715671195,
    817.22075395865));
#10858 = CARTESIAN_POINT('',(100.23215751075,320.8848178707,
    813.94829530132));
#10859 = CARTESIAN_POINT('',(100.52121213536,318.56647884523,
    810.92203491301));
#10860 = CARTESIAN_POINT('',(100.81032020846,317.71321198897,
    806.89196031763));
#10861 = CARTESIAN_POINT('',(101.09926699968,318.80873040361,
    802.67754668541));
#10862 = CARTESIAN_POINT('',(101.38850214175,321.8025234502,
    799.37486667884));
#10863 = CARTESIAN_POINT('',(101.67739710844,325.88881748761,
    797.87124796495));
#10864 = CARTESIAN_POINT('',(101.96656981985,329.98341157175,
    798.32553284545));
#10865 = CARTESIAN_POINT('',(102.25558335081,333.22221696118,
    800.33603978227));
#10866 = CARTESIAN_POINT('',(102.54465920961,335.15064281274,
    803.22209283991));
#10867 = CARTESIAN_POINT('',(102.83372621903,337.07905683432,
    806.10815489103));
#10868 = CARTESIAN_POINT('',(103.12275362179,337.69697195076,
    809.86987939727));
#10869 = CARTESIAN_POINT('',(103.41190891771,336.55000730036,
    813.82649491753));
#10870 = CARTESIAN_POINT('',(103.70082156683,333.59669958591,
    817.02649202128));
#10871 = CARTESIAN_POINT('',(103.99004223577,329.40011861646,
    818.52841017891));
#10872 = CARTESIAN_POINT('',(104.2789984032,325.08704368407,
    817.92778593222));
#10873 = CARTESIAN_POINT('',(104.56810188256,321.69035422926,
    815.59722292887));
#10874 = CARTESIAN_POINT('',(104.85715801334,319.78162941579,
    812.29725716431));
#10875 = CARTESIAN_POINT('',(105.43528239831,319.10118966944,
    805.38863819348));
#10876 = CARTESIAN_POINT('',(105.72433729602,320.32943343041,
    801.77970927834));
#10877 = CARTESIAN_POINT('',(106.01344502521,323.20626787005,
    798.83125468084));
#10878 = CARTESIAN_POINT('',(106.30239216743,327.31906262479,
    797.40074183478));
#10879 = CARTESIAN_POINT('',(106.59162701959,331.72840260584,
    798.05511937));
#10880 = CARTESIAN_POINT('',(106.88052217729,335.24883945855,
    800.61738269718));
#10881 = CARTESIAN_POINT('',(107.16969479174,337.14594984608,
    804.27430050756));
#10882 = CARTESIAN_POINT('',(107.45870835763,337.27365833397,
    808.08424654117));
#10883 = CARTESIAN_POINT('',(107.74778420962,335.94536890774,
    811.29107921295));
#10884 = CARTESIAN_POINT('',(108.03685121902,334.61706544031,
    814.49790703807));
#10885 = CARTESIAN_POINT('',(108.32587862183,331.83260106879,
    817.10158684091));
#10886 = CARTESIAN_POINT('',(108.61503391765,327.90557607798,
    818.34609839415));
#10887 = CARTESIAN_POINT('',(108.9039465669,323.60410587174,
    817.66833591058));
#10888 = CARTESIAN_POINT('',(109.19316723572,320.02381109633,
    815.01342737956));
#10889 = CARTESIAN_POINT('',(109.48212340323,318.12699586073,
    811.0935476851));
#10890 = CARTESIAN_POINT('',(109.77122688255,318.17768862561,
    806.97451219013));
#10891 = CARTESIAN_POINT('',(110.06028301334,319.86107919111,
    803.55410276071));
#10892 = CARTESIAN_POINT('',(110.63840739831,325.2273538599,
    799.15011473715));
#10893 = CARTESIAN_POINT('',(110.92746229602,328.91044425829,
    798.16634862256));
#10894 = CARTESIAN_POINT('',(111.21657002521,332.96027823932,
    798.92027543097));
#10895 = CARTESIAN_POINT('',(111.50551716743,336.43465254116,
    801.54518893592));
#10896 = CARTESIAN_POINT('',(111.79475201959,338.34025554627,
    805.57497382026));
#10897 = CARTESIAN_POINT('',(112.08364717728,338.1656613737,
    809.92562731897));
#10898 = CARTESIAN_POINT('',(112.37281979176,336.17902339969,
    813.53469163753));
#10899 = CARTESIAN_POINT('',(112.66183335761,333.08212008261,
    815.75756997004));
#10900 = CARTESIAN_POINT('',(112.95090920963,329.67777809825,
    816.43475845056));
#10901 = CARTESIAN_POINT('',(113.239976219,326.27343234285,
    817.11193256348));
#10902 = CARTESIAN_POINT('',(113.5290170109,322.56160727848,
    816.24232168168));
#10903 = CARTESIAN_POINT('',(113.8181072742,319.34499310579,
    813.67310079672));
#10904 = CARTESIAN_POINT('',(114.10716337744,317.51898919157,
    809.7099390297));
#10905 = CARTESIAN_POINT('',(114.39620042519,317.73707050006,
    805.27094100667));
#10906 = CARTESIAN_POINT('',(114.68530004665,319.94274324857,
    801.50595296141));
#10907 = CARTESIAN_POINT('',(114.97433849351,323.39565704106,
    799.26425643333));
#10908 = CARTESIAN_POINT('',(115.26340801334,327.17488632356,
    798.76272650526));
#10909 = CARTESIAN_POINT('',(115.84153239831,333.81801100628,
    800.77789617116));
#10910 = CARTESIAN_POINT('',(116.13058729602,336.68219802704,
    803.29372274727));
#10911 = CARTESIAN_POINT('',(116.41969502521,338.30529800448,
    807.07989592999));
#10912 = CARTESIAN_POINT('',(116.70864216743,338.05302113066,
    811.42705639134));
#10913 = CARTESIAN_POINT('',(116.99787701959,335.76107376081,
    815.25033591042));
#10914 = CARTESIAN_POINT('',(117.28677217728,332.04663825783,
    817.5222597395));
#10915 = CARTESIAN_POINT('',(117.57594479176,327.94209402596,
    817.87551933791));
#10916 = CARTESIAN_POINT('',(117.86495835761,324.37329094312,
    816.53550337069));
#10917 = CARTESIAN_POINT('',(118.15403420963,321.91887823024,
    814.08112222272));
#10918 = CARTESIAN_POINT('',(118.44310121218,319.46447537976,
    811.62672995858));
#10919 = CARTESIAN_POINT('',(118.73212864995,318.12455722603,
    808.05783518523));
#10920 = CARTESIAN_POINT('',(119.0212838488,318.47758603643,
    803.95348324138));
#10921 = CARTESIAN_POINT('',(119.31019668906,320.74985799058,
    800.23881138898));
#10922 = CARTESIAN_POINT('',(119.59941706798,324.57279361479,
    797.94703989973));
#10923 = CARTESIAN_POINT('',(119.88837358647,328.92016942038,
    797.694684064));
#10924 = CARTESIAN_POINT('',(120.17747672189,332.70626329389,
    799.31780479014));
#10925 = CARTESIAN_POINT('',(120.46653312578,335.22210342843,
    802.18198883824));
#10926 = CARTESIAN_POINT('',(121.04465716291,337.23727398934,
    808.82511350137));
#10927 = CARTESIAN_POINT('',(121.33372695585,336.73572214031,
    812.60433891225));
#10928 = CARTESIAN_POINT('',(121.62276505877,334.49411412858,
    816.05727204523));
#10929 = CARTESIAN_POINT('',(121.91186503125,330.72898359732,
    818.26290790487));
#10930 = CARTESIAN_POINT('',(122.20090178919,326.29007391887,
    818.48101252684));
#10931 = CARTESIAN_POINT('',(122.48995808316,322.32695360791,
    816.6550271351));
#10932 = CARTESIAN_POINT('',(122.77904824985,319.75762144524,
    813.43837642748));
#10933 = CARTESIAN_POINT('',(123.06808907644,318.8880872921,
    809.72657194325));
#10934 = CARTESIAN_POINT('',(123.35715607908,319.56524658852,
    806.32222323066));
#10935 = CARTESIAN_POINT('',(123.64623193784,320.24239140658,
    802.9178725713));
#10936 = CARTESIAN_POINT('',(123.93524546899,322.46542322708,
    799.82100279944));
#10937 = CARTESIAN_POINT('',(124.22441817999,326.07417064665,
    797.83427571904));
#10938 = CARTESIAN_POINT('',(124.51331314724,330.42524337782,
    797.6598439363));
#10939 = CARTESIAN_POINT('',(124.80254828878,334.45466687956,
    799.56525504451));
#10940 = CARTESIAN_POINT('',(125.09149508034,337.07978140044,
    803.03976715312));
#10941 = CARTESIAN_POINT('',(125.38060315331,337.83363906636,
    807.08954517577));
#10942 = CARTESIAN_POINT('',(125.66965777794,336.84988564009,
    810.77264594168));
#10943 = CARTESIAN_POINT('',(126.24778251075,332.44589730222,
    816.13892074558));
#10944 = CARTESIAN_POINT('',(126.53683713536,329.02550015167,
    817.82231942308));
#10945 = CARTESIAN_POINT('',(126.82594520846,324.90639820384,
    817.87296244541));
#10946 = CARTESIAN_POINT('',(127.11489199968,320.98668838812,
    815.97630279726));
#10947 = CARTESIAN_POINT('',(127.40412714175,318.3315285013,
    812.39571373867));
#10948 = CARTESIAN_POINT('',(127.69302210844,317.65399781899,
    808.09459523621));
#10949 = CARTESIAN_POINT('',(127.98219481984,318.89836942131,
    804.16730421295));
#10950 = CARTESIAN_POINT('',(128.27120835082,321.50210461745,
    801.38296200658));
#10951 = CARTESIAN_POINT('',(128.56028420961,324.70892019521,
    800.05463133741));
#10952 = CARTESIAN_POINT('',(128.84935121221,327.91574227999,
    798.72631403525));
#10953 = CARTESIAN_POINT('',(129.13837864991,331.72573559301,
    798.8541479795));
#10954 = CARTESIAN_POINT('',(129.42753384883,335.38256407117,
    800.75097156122));
#10955 = CARTESIAN_POINT('',(129.71644668903,337.94491253501,
    804.27182048662));
#10956 = CARTESIAN_POINT('',(130.005667068,338.59925918067,
    808.68077544359));
#10957 = CARTESIAN_POINT('',(130.29462358646,337.16873687719,
    812.79379936794));
#10958 = CARTESIAN_POINT('',(130.5837267219,334.22029346073,
    815.6705525952));
#10959 = CARTESIAN_POINT('',(130.87278312578,330.61136210337,
    816.89881002013));
#10960 = CARTESIAN_POINT('',(131.45090716292,323.70274280814,
    816.21837110815));
#10961 = CARTESIAN_POINT('',(131.73996356676,320.40277818318,
    814.30965843608));
#10962 = CARTESIAN_POINT('',(132.02906670238,318.07221602169,
    810.91289321389));
#10963 = CARTESIAN_POINT('',(132.31802322039,317.47156438909,
    806.60003195954));
#10964 = CARTESIAN_POINT('',(132.60724360008,318.97357567193,
    802.40309975055));
#10965 = CARTESIAN_POINT('',(132.89615643948,322.17342380474,
    799.45015444973));
#10966 = CARTESIAN_POINT('',(133.18531163902,326.13016824699,
    798.30295082851));
#10967 = CARTESIAN_POINT('',(133.47433907639,329.89183355065,
    798.92095986974));
#10968 = CARTESIAN_POINT('',(133.76340607911,332.77790400399,
    800.84936133416));
#10969 = CARTESIAN_POINT('',(134.0524819378,335.66398179642,
    802.77775016749));
#10970 = CARTESIAN_POINT('',(134.34149546902,337.67439894621,
    806.01668452032));
#10971 = CARTESIAN_POINT('',(134.63066817998,338.12888758345,
    810.11101993774));
#10972 = CARTESIAN_POINT('',(134.91956314724,336.62495809001,
    814.19763913171));
#10973 = CARTESIAN_POINT('',(135.20879828878,333.32259415012,
    817.19117176993));
#10974 = CARTESIAN_POINT('',(135.49774508034,329.10797569225,
    818.2868231267));
#10975 = CARTESIAN_POINT('',(135.78685315331,325.07797982682,
    817.43351384066));
#10976 = CARTESIAN_POINT('',(136.07590777794,322.05170455078,
    815.11518254224));
#10977 = CARTESIAN_POINT('',(136.65403251075,318.77924646686,
    808.9928433945));
#10978 = CARTESIAN_POINT('',(136.94308713536,318.53291820528,
    805.18859969011));
#10979 = CARTESIAN_POINT('',(137.23219520846,320.06244222514,
    801.36366546255));
#10980 = CARTESIAN_POINT('',(137.52114199968,323.31473526038,
    798.46814601465));
#10981 = CARTESIAN_POINT('',(137.81037714175,327.63885390487,
    797.38533025043));
#10982 = CARTESIAN_POINT('',(138.09927210845,331.87184902332,
    798.40534031201));
#10983 = CARTESIAN_POINT('',(138.38844481982,335.0239924219,
    801.05789897484));
#10984 = CARTESIAN_POINT('',(138.67745835084,336.59998287615,
    804.52895826307));
#10985 = CARTESIAN_POINT('',(138.96653420959,336.60000520146,
    807.9999996797));
#10986 = CARTESIAN_POINT('',(96.959820186807,328.,802.68727710487));
#10987 = CARTESIAN_POINT('',(97.248868599346,330.14423768503,
    802.68725172172));
#10988 = CARTESIAN_POINT('',(97.5379827394,332.2886605244,
    803.66099018117));
#10989 = CARTESIAN_POINT('',(97.826929016522,333.92697156014,
    805.60789102246));
#10990 = CARTESIAN_POINT('',(98.116168187912,334.55751534698,
    808.22338351032));
#10991 = CARTESIAN_POINT('',(98.405048629118,333.88826257064,
    810.89416172353));
#10992 = CARTESIAN_POINT('',(98.6942331492,332.09969171579,
    812.90358060971));
#10993 = CARTESIAN_POINT('',(98.983247590328,329.73676120152,
    813.84835289865));
#10994 = CARTESIAN_POINT('',(99.272318395282,327.38666352987,
    813.69620089919));
#10995 = CARTESIAN_POINT('',(99.850443677044,323.60453351766,
    811.6746095463));
#10996 = CARTESIAN_POINT('',(100.13951448197,322.17237085381,
    809.80512270373));
#10997 = CARTESIAN_POINT('',(100.42852892324,321.64519529814,
    807.31544032029));
#10998 = CARTESIAN_POINT('',(100.71771344294,322.32213762825,
    804.71215901113));
#10999 = CARTESIAN_POINT('',(101.00659388476,324.17128970221,
    802.67152958686));
#11000 = CARTESIAN_POINT('',(101.2958330555,326.69593186466,
    801.74307355079));
#11001 = CARTESIAN_POINT('',(101.58477933308,329.22521336646,
    802.02340656076));
#11002 = CARTESIAN_POINT('',(101.87389347293,331.22607715709,
    803.26555182904));
#11003 = CARTESIAN_POINT('',(102.16294188552,332.4173727794,
    805.0484062793));
#11004 = CARTESIAN_POINT('',(102.45199963008,333.60865400366,
    806.83126920172));
#11005 = CARTESIAN_POINT('',(102.74109914189,333.99042030792,
    809.15525833233));
#11006 = CARTESIAN_POINT('',(103.03006378401,333.28179970636,
    811.59912114992));
#11007 = CARTESIAN_POINT('',(103.31928430907,331.45743753529,
    813.57647183935));
#11008 = CARTESIAN_POINT('',(103.60818001229,328.86492595635,
    814.50382734669));
#11009 = CARTESIAN_POINT('',(103.89735464509,326.20049386232,
    814.13304929379));
#11010 = CARTESIAN_POINT('',(104.18637393039,324.10216302436,
    812.69323617304));
#11011 = CARTESIAN_POINT('',(104.47544314704,322.92303094713,
    810.65466879648));
#11012 = CARTESIAN_POINT('',(105.05356879561,322.50268330296,
    806.38680697855));
#11013 = CARTESIAN_POINT('',(105.34263931255,323.26143830612,
    804.15737573913));
#11014 = CARTESIAN_POINT('',(105.63165411648,325.03864994198,
    802.33585219452));
#11015 = CARTESIAN_POINT('',(105.92083826605,327.57928882649,
    801.45240322871));
#11016 = CARTESIAN_POINT('',(106.20971901358,330.30334355592,
    801.85620430201));
#11017 = CARTESIAN_POINT('',(106.49895798289,332.47794288402,
    803.43954482121));
#11018 = CARTESIAN_POINT('',(106.78790436272,333.65004785922,
    805.69831030025));
#11019 = CARTESIAN_POINT('',(107.07701846573,333.72886223427,
    808.0520666429));
#11020 = CARTESIAN_POINT('',(107.36606688551,332.90832131102,
    810.0330936211));
#11021 = CARTESIAN_POINT('',(107.65512463009,332.08776535546,
    812.01411332801));
#11022 = CARTESIAN_POINT('',(107.94422414187,330.36753700867,
    813.62267959191));
#11023 = CARTESIAN_POINT('',(108.23318878405,327.94185082643,
    814.39122052992));
#11024 = CARTESIAN_POINT('',(108.52240930903,325.28418249889,
    813.97287600638));
#11025 = CARTESIAN_POINT('',(108.81130501233,323.07279231263,
    812.33249252402));
#11026 = CARTESIAN_POINT('',(109.10047964506,321.90080383726,
    809.91110495469));
#11027 = CARTESIAN_POINT('',(109.3894989304,321.93219454191,
    807.36648931531));
#11028 = CARTESIAN_POINT('',(109.67856814704,322.97211068526,
    805.25350947179));
#11029 = CARTESIAN_POINT('',(110.25669379561,326.28717545775,
    802.53290619438));
#11030 = CARTESIAN_POINT('',(110.54576431255,328.56242147996,
    801.9251822895));
#11031 = CARTESIAN_POINT('',(110.83477911648,331.06432883803,
    802.39089549922));
#11032 = CARTESIAN_POINT('',(111.12396326606,333.21039314428,
    804.01254157971));
#11033 = CARTESIAN_POINT('',(111.41284401357,334.38804854309,
    806.50185016592));
#11034 = CARTESIAN_POINT('',(111.70208298292,334.279691671,
    809.18962028728));
#11035 = CARTESIAN_POINT('',(111.99102936269,333.05278344798,
    811.41909282022));
#11036 = CARTESIAN_POINT('',(112.28014346576,331.13949349503,
    812.79230153775));
#11037 = CARTESIAN_POINT('',(112.5691918855,329.03646164958,
    813.21064631438));
#11038 = CARTESIAN_POINT('',(112.85824963012,326.93342749847,
    813.62897455225));
#11039 = CARTESIAN_POINT('',(113.14733502245,324.64029468952,
    813.09175951406));
#11040 = CARTESIAN_POINT('',(113.43636824456,322.65340007929,
    811.50461722914));
#11041 = CARTESIAN_POINT('',(113.72543749037,321.5252425223,
    809.05633084167));
#11042 = CARTESIAN_POINT('',(114.01452683097,321.65991941614,
    806.31408196386));
#11043 = CARTESIAN_POINT('',(114.30355018458,323.02263078553,
    803.98826213529));
#11044 = CARTESIAN_POINT('',(114.59263804979,325.1556039688,
    802.60341344531));
#11045 = CARTESIAN_POINT('',(114.88169314704,327.49027777649,
    802.29359443803));
#11046 = CARTESIAN_POINT('',(115.45981879561,331.59412803692,
    803.53848386239));
#11047 = CARTESIAN_POINT('',(115.74888931255,333.36349095923,
    805.09264847892));
#11048 = CARTESIAN_POINT('',(116.03790411648,334.36624983121,
    807.4316448164));
#11049 = CARTESIAN_POINT('',(116.32708826606,334.21018984008,
    810.1169703639));
#11050 = CARTESIAN_POINT('',(116.61596901357,332.79467567933,
    812.47914079308));
#11051 = CARTESIAN_POINT('',(116.90520798292,330.49967664589,
    813.88229041927));
#11052 = CARTESIAN_POINT('',(117.19415436269,327.96430429593,
    814.10078208939));
#11053 = CARTESIAN_POINT('',(117.48326846575,325.75955603096,
    813.27285352117));
#11054 = CARTESIAN_POINT('',(117.7723168855,324.24333316931,
    811.75666635301));
#11055 = CARTESIAN_POINT('',(118.06137463731,322.72712279074,
    810.24046808258));
#11056 = CARTESIAN_POINT('',(118.35047411221,321.89930416662,
    808.0356126461));
#11057 = CARTESIAN_POINT('',(118.63943885667,322.11753501681,
    805.50046299207));
#11058 = CARTESIAN_POINT('',(118.92865918019,323.52108024541,
    803.20519104731));
#11059 = CARTESIAN_POINT('',(119.21755518922,325.88285989112,
    801.78988063532));
#11060 = CARTESIAN_POINT('',(119.50672945182,328.56843023247,
    801.63372920948));
#11061 = CARTESIAN_POINT('',(119.79574909982,330.90733647085,
    802.63651284982));
#11062 = CARTESIAN_POINT('',(120.08481802847,332.46151611858,
    804.40587233909));
#11063 = CARTESIAN_POINT('',(120.66294404385,333.70640607792,
    808.5097227974));
#11064 = CARTESIAN_POINT('',(120.95199885315,333.39656164936,
    810.84439209308));
#11065 = CARTESIAN_POINT('',(121.24108708087,332.01181395727,
    812.977387265));
#11066 = CARTESIAN_POINT('',(121.5301100646,329.6858309476,
    814.34005608482));
#11067 = CARTESIAN_POINT('',(121.8191997107,326.94368312752,
    814.47475932227));
#11068 = CARTESIAN_POINT('',(122.10826875512,324.49544426761,
    813.34662259252));
#11069 = CARTESIAN_POINT('',(122.39730207955,322.90817500606,
    811.35968600655));
#11070 = CARTESIAN_POINT('',(122.68638743499,322.37104801183,
    809.06657665601));
#11071 = CARTESIAN_POINT('',(122.9754451868,322.78935958559,
    806.9635391796));
#11072 = CARTESIAN_POINT('',(123.26449359935,323.20765471064,
    804.86049746843));
#11073 = CARTESIAN_POINT('',(123.55360773938,324.58103920086,
    802.94724606223));
#11074 = CARTESIAN_POINT('',(123.84255401653,326.81014951599,
    801.7202362257));
#11075 = CARTESIAN_POINT('',(124.1317931879,329.49839903946,
    801.61206543264));
#11076 = CARTESIAN_POINT('',(124.42067362912,331.98729425857,
    802.78950168615));
#11077 = CARTESIAN_POINT('',(124.70985814919,333.60916986027,
    804.93572383114));
#11078 = CARTESIAN_POINT('',(124.99887259032,334.07480373967,
    807.43756722822));
#11079 = CARTESIAN_POINT('',(125.28794339528,333.46709398668,
    809.71282504952));
#11080 = CARTESIAN_POINT('',(125.86606867704,330.74648998279,
    813.02788958605));
#11081 = CARTESIAN_POINT('',(126.15513948197,328.63352373042,
    814.06781485577));
#11082 = CARTESIAN_POINT('',(126.44415392324,326.08883304694,
    814.09914794307));
#11083 = CARTESIAN_POINT('',(126.73333844294,323.66763795536,
    812.92733788107));
#11084 = CARTESIAN_POINT('',(127.02221888477,322.0269703268,
    810.71560969429));
#11085 = CARTESIAN_POINT('',(127.31145805548,321.60888756562,
    808.05834503592));
#11086 = CARTESIAN_POINT('',(127.6004043331,322.37727239804,
    805.63235322623));
#11087 = CARTESIAN_POINT('',(127.88951847292,323.98589935451,
    803.91226599261));
#11088 = CARTESIAN_POINT('',(128.17856688552,325.966907003,
    803.09167843047));
#11089 = CARTESIAN_POINT('',(128.46762463728,327.94792014411,
    802.27110665291));
#11090 = CARTESIAN_POINT('',(128.75672411225,330.30173342653,
    802.35006361589));
#11091 = CARTESIAN_POINT('',(129.04568885663,332.56039297284,
    803.52184240278));
#11092 = CARTESIAN_POINT('',(129.33490918023,334.14383423871,
    805.69691165857));
#11093 = CARTESIAN_POINT('',(129.6238051892,334.5475966191,
    808.42052737979));
#11094 = CARTESIAN_POINT('',(129.91297945184,333.66413844936,
    810.96142741494));
#11095 = CARTESIAN_POINT('',(130.20199909981,331.84262650122,
    812.7385463316));
#11096 = CARTESIAN_POINT('',(130.49106802847,329.61319268133,
    813.49731653556));
#11097 = CARTESIAN_POINT('',(131.06919404385,325.34533047585,
    813.07696930992));
#11098 = CARTESIAN_POINT('',(131.35826297249,323.30676461552,
    811.89785082374));
#11099 = CARTESIAN_POINT('',(131.64728262055,321.86695266412,
    809.79943317821));
#11100 = CARTESIAN_POINT('',(131.93645688294,321.49614371915,
    807.1352453636));
#11101 = CARTESIAN_POINT('',(132.22535289233,322.42360600635,
    804.54233226066));
#11102 = CARTESIAN_POINT('',(132.51457321551,324.4007866164,
    802.71838478552));
#11103 = CARTESIAN_POINT('',(132.80353796014,326.84479694092,
    802.00949123306));
#11104 = CARTESIAN_POINT('',(133.09263743504,329.16871832505,
    802.39136525312));
#11105 = CARTESIAN_POINT('',(133.38169518678,330.95159069684,
    803.58263235408));
#11106 = CARTESIAN_POINT('',(133.6707435994,332.73447327554,
    804.7738858792));
#11107 = CARTESIAN_POINT('',(133.95985773933,333.97651559966,
    806.77489731492));
#11108 = CARTESIAN_POINT('',(134.24880401657,334.25708128733,
    809.30388304677));
#11109 = CARTESIAN_POINT('',(134.53804318787,333.32826951426,
    811.82889692996));
#11110 = CARTESIAN_POINT('',(134.82692362913,331.28800129367,
    813.67775093472));
#11111 = CARTESIAN_POINT('',(135.11610814919,328.68448565949,
    814.35484495028));
#11112 = CARTESIAN_POINT('',(135.40512259033,326.19489338021,
    813.82762054268));
#11113 = CARTESIAN_POINT('',(135.69419339528,324.32538970208,
    812.39546646761));
#11114 = CARTESIAN_POINT('',(136.27231867704,322.30379950614,
    808.613335837));
#11115 = CARTESIAN_POINT('',(136.56138948197,322.15163101203,
    806.26324739193));
#11116 = CARTESIAN_POINT('',(136.85040392324,323.09649397905,
    803.90026909948));
#11117 = CARTESIAN_POINT('',(137.13958844293,325.1056565594,
    802.11180880681));
#11118 = CARTESIAN_POINT('',(137.42846888479,327.77688328208,
    801.44242129901));
#11119 = CARTESIAN_POINT('',(137.71770805545,330.39186905854,
    802.07305435334));
#11120 = CARTESIAN_POINT('',(138.00665433314,332.3391450924,
    803.71133624564));
#11121 = CARTESIAN_POINT('',(138.29576847288,333.3127035967,
    805.85576265274));
#11122 = CARTESIAN_POINT('',(138.58481688554,333.31272884343,
    808.00000033776));
#11123 = CARTESIAN_POINT('',(100.,328.,805.39858707361));
#11124 = CARTESIAN_POINT('',(100.28902577519,329.04990324833,
    805.39858707361));
#11125 = CARTESIAN_POINT('',(100.57822289636,330.10013403864,
    805.87536531147));
#11126 = CARTESIAN_POINT('',(100.86698241333,330.90186642978,
    806.82867199414));
#11127 = CARTESIAN_POINT('',(101.15650548049,331.21129562839,
    808.10941953653));
#11128 = CARTESIAN_POINT('',(101.44509336875,330.88297360125,
    809.4171099817));
#11129 = CARTESIAN_POINT('',(101.73447396473,330.0075433498,
    810.40109219696));
#11130 = CARTESIAN_POINT('',(102.02341117933,328.85039791822,
    810.86368223695));
#11131 = CARTESIAN_POINT('',(102.31249532964,327.69967710399,
    810.78918457086));
#11132 = CARTESIAN_POINT('',(102.89062106417,325.8477276385,
    809.79929655537));
#11133 = CARTESIAN_POINT('',(103.17970521448,325.1464791719,
    808.88389561445));
#11134 = CARTESIAN_POINT('',(103.46864242908,324.88823358874,
    807.66476300729));
#11135 = CARTESIAN_POINT('',(103.75802302505,325.22002234229,
    806.39019823936));
#11136 = CARTESIAN_POINT('',(104.04661091333,326.12492160315,
    805.3906948715));
#11137 = CARTESIAN_POINT('',(104.33613398047,327.36173407114,
    804.93643105553));
#11138 = CARTESIAN_POINT('',(104.62489349745,328.59979821421,
    805.0734187791));
#11139 = CARTESIAN_POINT('',(104.91409061862,329.57970158965,
    805.68177030217));
#11140 = CARTESIAN_POINT('',(105.20311639381,330.16299628654,
    806.55473314643));
#11141 = CARTESIAN_POINT('',(105.49216649685,330.74628989599,
    807.42769372371));
#11142 = CARTESIAN_POINT('',(105.78132548336,330.933342412,
    808.56581575258));
#11143 = CARTESIAN_POINT('',(106.07013287638,330.58611280409,
    809.76205661601));
#11144 = CARTESIAN_POINT('',(106.35960733409,329.69312255665,
    810.73088693761));
#11145 = CARTESIAN_POINT('',(106.64823500917,328.42340948246,
    811.18440764965));
#11146 = CARTESIAN_POINT('',(106.9375898298,327.11889664779,
    811.00318741922));
#11147 = CARTESIAN_POINT('',(107.22653967277,326.09139081169,
    810.29805633786));
#11148 = CARTESIAN_POINT('',(107.51561968251,325.51402736169,
    809.29987861511));
#11149 = CARTESIAN_POINT('',(108.09374637328,325.30820111571,
    807.21008651426));
#11150 = CARTESIAN_POINT('',(108.38282977281,325.67973644985,
    806.11845027342));
#11151 = CARTESIAN_POINT('',(108.67176793284,326.5499345535,
    805.22641305143));
#11152 = CARTESIAN_POINT('',(108.96114756391,327.79402843694,
    804.79417515472));
#11153 = CARTESIAN_POINT('',(109.24973624916,329.1278201626,
    804.99127700547));
#11154 = CARTESIAN_POINT('',(109.5392587912,330.19266294246,
    805.76727357937));
#11155 = CARTESIAN_POINT('',(109.82801857472,330.76659338234,
    806.8727925712));
#11156 = CARTESIAN_POINT('',(110.11721559985,330.80517272941,
    808.02553445649));
#11157 = CARTESIAN_POINT('',(110.40624139379,330.40339182134,
    808.99551844118));
#11158 = CARTESIAN_POINT('',(110.69529149687,330.00161219512,
    809.96550026381));
#11159 = CARTESIAN_POINT('',(110.98445048329,329.1592191229,
    810.75333546758));
#11160 = CARTESIAN_POINT('',(111.27325787651,327.97167076183,
    811.12922041531));
#11161 = CARTESIAN_POINT('',(111.56273233395,326.66999899005,
    810.92497944807));
#11162 = CARTESIAN_POINT('',(111.85136000928,325.58749551097,
    810.12121421815));
#11163 = CARTESIAN_POINT('',(112.14071482974,325.01342612616,
    808.93587087165));
#11164 = CARTESIAN_POINT('',(112.4296646728,325.02886953622,
    807.68978115327));
#11165 = CARTESIAN_POINT('',(112.7187446825,325.5380580339,
    806.65516315932));
#11166 = CARTESIAN_POINT('',(113.29687137328,327.16130572635,
    805.32299860595));
#11167 = CARTESIAN_POINT('',(113.58595477281,328.27538206045,
    805.02543834549));
#11168 = CARTESIAN_POINT('',(113.87489293284,329.5005400668,
    805.25339229806));
#11169 = CARTESIAN_POINT('',(114.16427256392,330.55111427194,
    806.04768004802));
#11170 = CARTESIAN_POINT('',(114.45286124913,331.1282450523,
    807.26619125816));
#11171 = CARTESIAN_POINT('',(114.74238379126,331.07462243323,
    808.58269626891));
#11172 = CARTESIAN_POINT('',(115.03114357464,330.47427565389,
    809.67409543313));
#11173 = CARTESIAN_POINT('',(115.32034059992,329.53723934231,
    810.34660206571));
#11174 = CARTESIAN_POINT('',(115.60936639376,328.50750962188,
    810.55142767824));
#11175 = CARTESIAN_POINT('',(115.89841649694,327.47778241133,
    810.75625315542));
#11176 = CARTESIAN_POINT('',(116.18753867518,326.35478571196,
    810.49324340936));
#11177 = CARTESIAN_POINT('',(116.4765248504,325.38212844973,
    809.71603951483));
#11178 = CARTESIAN_POINT('',(116.76560493601,324.82955902714,
    808.51723351129));
#11179 = CARTESIAN_POINT('',(117.05473740718,324.89545962944,
    807.17450188344));
#11180 = CARTESIAN_POINT('',(117.34369785592,325.56288124945,
    806.03560387704));
#11181 = CARTESIAN_POINT('',(117.63282648083,326.6071930526,
    805.35753024086));
#11182 = CARTESIAN_POINT('',(117.9218696825,327.75040929473,
    805.20581875099));
#11183 = CARTESIAN_POINT('',(118.49999637329,329.7598917382,
    805.81538890916));
#11184 = CARTESIAN_POINT('',(118.78907977281,330.62625170114,
    806.57639390351));
#11185 = CARTESIAN_POINT('',(119.07801793284,331.11737623563,
    807.72171998661));
#11186 = CARTESIAN_POINT('',(119.36739756392,331.04061786409,
    809.03652314398));
#11187 = CARTESIAN_POINT('',(119.65598624913,330.34809950271,
    810.19335840714));
#11188 = CARTESIAN_POINT('',(119.94550879126,329.22367446087,
    810.88018382443));
#11189 = CARTESIAN_POINT('',(120.23426857465,327.98267442084,
    810.98736260856));
#11190 = CARTESIAN_POINT('',(120.52346559991,326.9029161098,
    810.58187005641));
#11191 = CARTESIAN_POINT('',(120.81249139378,326.16052265644,
    809.83947609828));
#11192 = CARTESIAN_POINT('',(121.10154151569,325.41813070964,
    809.09708415371));
#11193 = CARTESIAN_POINT('',(121.39070040597,325.01263576408,
    808.01732294641));
#11194 = CARTESIAN_POINT('',(121.67950806581,325.11981843188,
    806.7763264065));
#11195 = CARTESIAN_POINT('',(121.9689819981,325.80664071315,
    805.65189808021));
#11196 = CARTESIAN_POINT('',(122.25761047043,326.96347908901,
    804.95938298898));
#11197 = CARTESIAN_POINT('',(122.54696432598,328.27828040771,
    804.88262319766));
#11198 = CARTESIAN_POINT('',(122.83591511447,329.42360723815,
    805.37374903346));
#11199 = CARTESIAN_POINT('',(123.12499437339,330.1846116397,
    806.24010895443));
#11200 = CARTESIAN_POINT('',(123.70312202042,330.79418118689,
    808.2495916734));
#11201 = CARTESIAN_POINT('',(123.99216447134,330.64246925572,
    809.39280780986));
#11202 = CARTESIAN_POINT('',(124.28129404155,329.96439533453,
    810.43711945192));
#11203 = CARTESIAN_POINT('',(124.57025352566,328.82549703229,
    811.10454061659));
#11204 = CARTESIAN_POINT('',(124.8593867934,327.4827654399,
    811.17044082205));
#11205 = CARTESIAN_POINT('',(125.14846635435,326.28395958535,
    810.61787095578));
#11206 = CARTESIAN_POINT('',(125.43745279573,325.50675603934,
    809.64521344965));
#11207 = CARTESIAN_POINT('',(125.7265748782,325.24374666645,
    808.52221665438));
#11208 = CARTESIAN_POINT('',(126.01562499999,325.44857249354,
    807.49248951449));
#11209 = CARTESIAN_POINT('',(126.30465077522,325.65339845635,
    806.46275986267));
#11210 = CARTESIAN_POINT('',(126.59384789632,326.32590539713,
    805.52572378246));
#11211 = CARTESIAN_POINT('',(126.88260741335,327.41730478956,
    804.92537736212));
#11212 = CARTESIAN_POINT('',(127.17213048047,328.73380976905,
    804.87175520926));
#11213 = CARTESIAN_POINT('',(127.46071836876,329.952320859,
    805.44888637076));
#11214 = CARTESIAN_POINT('',(127.75009896473,330.74660816224,
    806.49946088263));
#11215 = CARTESIAN_POINT('',(128.03903617933,330.97456178946,
    807.72461892907));
#11216 = CARTESIAN_POINT('',(128.32812032964,330.67700108094,
    808.83869519186));
#11217 = CARTESIAN_POINT('',(128.90624606417,329.34483606852,
    810.46194239596));
#11218 = CARTESIAN_POINT('',(129.19533021448,328.31021751083,
    810.97113070556));
#11219 = CARTESIAN_POINT('',(129.48426742908,327.06412898089,
    810.98657319936));
#11220 = CARTESIAN_POINT('',(129.77364802505,325.87878339237,
    810.41250442263));
#11221 = CARTESIAN_POINT('',(130.06223591334,325.07502228962,
    809.3299991135));
#11222 = CARTESIAN_POINT('',(130.35175898045,324.87077716819,
    808.02832917608));
#11223 = CARTESIAN_POINT('',(130.64051849749,325.24666704338,
    806.8407790675));
#11224 = CARTESIAN_POINT('',(130.92971561859,326.0344989276,
    805.99838775517));
#11225 = CARTESIAN_POINT('',(131.21874139382,327.00448318583,
    805.59660750472));
#11226 = CARTESIAN_POINT('',(131.5077915156,327.97446500689,
    805.19482787748));
#11227 = CARTESIAN_POINT('',(131.79695040608,329.12721048389,
    805.23340612169));
#11228 = CARTESIAN_POINT('',(132.08575806571,330.23272475581,
    805.80733881015));
#11229 = CARTESIAN_POINT('',(132.37523199819,331.00872556424,
    806.87217994965));
#11230 = CARTESIAN_POINT('',(132.66386047036,331.20582320261,
    808.2059732996));
#11231 = CARTESIAN_POINT('',(132.95321432602,330.77358732122,
    809.45006602767));
#11232 = CARTESIAN_POINT('',(133.24216511445,329.88154861098,
    810.32026432379));
#11233 = CARTESIAN_POINT('',(133.5312443734,328.78991263578,
    810.69179912631));
#11234 = CARTESIAN_POINT('',(134.10937202041,326.7001205142,
    810.48597221042));
#11235 = CARTESIAN_POINT('',(134.3984512794,325.70194305786,
    809.90860839316));
#11236 = CARTESIAN_POINT('',(134.68740206768,324.99681223491,
    808.88110235537));
#11237 = CARTESIAN_POINT('',(134.97675592366,324.81559253724,
    807.57658942168));
#11238 = CARTESIAN_POINT('',(135.26538439532,325.26911360378,
    806.30687653205));
#11239 = CARTESIAN_POINT('',(135.55485832841,326.23794427715,
    805.41388659211));
#11240 = CARTESIAN_POINT('',(135.84366598748,327.43418523303,
    805.06665739948));
#11241 = CARTESIAN_POINT('',(136.13282487834,328.57230720761,
    805.25371029698));
#11242 = CARTESIAN_POINT('',(136.42187499993,329.44526758569,
    805.83700420266));
#11243 = CARTESIAN_POINT('',(136.71090077533,330.31823023253,
    806.42029919498));
#11244 = CARTESIAN_POINT('',(137.0000978962,330.92658142389,
    807.40020277646));
#11245 = CARTESIAN_POINT('',(137.28885741344,331.06356872847,
    808.63826696569));
#11246 = CARTESIAN_POINT('',(137.57838048043,330.60930449372,
    809.87507928016));
#11247 = CARTESIAN_POINT('',(137.86696836878,329.60980081976,
    810.77997820252));
#11248 = CARTESIAN_POINT('',(138.15634896472,328.33523593937,
    811.11176652475));
#11249 = CARTESIAN_POINT('',(138.44528617933,327.11610341969,
    810.8535205289));
#11250 = CARTESIAN_POINT('',(138.73437032964,326.20070271612,
    810.15227175246));
#11251 = CARTESIAN_POINT('',(139.31249606417,325.21081532747,
    808.30032195191));
#11252 = CARTESIAN_POINT('',(139.60158021448,325.13631805088,
    807.14960111247));
#11253 = CARTESIAN_POINT('',(139.89051742908,325.5989084826,
    805.99245583743));
#11254 = CARTESIAN_POINT('',(140.17989802503,326.58289099402,
    805.11702591913));
#11255 = CARTESIAN_POINT('',(140.46848591337,327.89058155058,
    804.78870433453));
#11256 = CARTESIAN_POINT('',(140.75800898039,329.17132898794,
    805.09813396669));
#11257 = CARTESIAN_POINT('',(141.04676849757,330.12463539947,
    805.8998666805));
#11258 = CARTESIAN_POINT('',(141.33596561851,330.60141328171,
    806.9500976322));
#11259 = CARTESIAN_POINT('',(141.62499139387,330.60141292639,
    808.00000088052));
#11260 = CARTESIAN_POINT('',(103.04017981319,328.,802.68727710487));
#11261 = CARTESIAN_POINT('',(103.32922822573,330.14423528417,
    802.68730248803));
#11262 = CARTESIAN_POINT('',(103.61834236576,332.28865922876,
    803.66086003848));
#11263 = CARTESIAN_POINT('',(103.90728864293,333.92693916207,
    805.60813399625));
#11264 = CARTESIAN_POINT('',(104.19652781429,334.55757134531,
    808.22311688514));
#11265 = CARTESIAN_POINT('',(104.48540825547,333.88818441605,
    810.89434057419));
#11266 = CARTESIAN_POINT('',(104.7745927756,332.0997259987,
    812.90350079148));
#11267 = CARTESIAN_POINT('',(105.0636072167,329.73675029166,
    813.84836255028));
#11268 = CARTESIAN_POINT('',(105.35267802166,327.38666448756,
    813.69619407715));
#11269 = CARTESIAN_POINT('',(105.93080330342,323.6045382201,
    811.67460590421));
#11270 = CARTESIAN_POINT('',(106.21987410841,322.17238586744,
    809.80510422823));
#11271 = CARTESIAN_POINT('',(106.50888854937,321.64516220818,
    807.31551470271));
#11272 = CARTESIAN_POINT('',(106.79807306987,322.32225563186,
    804.71200202711));
#11273 = CARTESIAN_POINT('',(107.08695351044,324.17110769505,
    802.6717362075));
#11274 = CARTESIAN_POINT('',(107.37619268245,326.69611881157,
    801.74292563595));
#11275 = CARTESIAN_POINT('',(107.66513895917,329.22510169299,
    802.02349116955));
#11276 = CARTESIAN_POINT('',(107.9542530994,331.22611080983,
    803.26553223048));
#11277 = CARTESIAN_POINT('',(108.24330151189,332.41736288766,
    805.04841288875));
#11278 = CARTESIAN_POINT('',(108.53235925649,333.60862852928,
    806.83128333566));
#11279 = CARTESIAN_POINT('',(108.82145876822,333.99050203681,
    809.15520216457));
#11280 = CARTESIAN_POINT('',(109.11042341045,333.28160894828,
    811.59920964558));
#11281 = CARTESIAN_POINT('',(109.39964393543,331.4576637331,
    813.57638804742));
#11282 = CARTESIAN_POINT('',(109.68853963866,328.8647529532,
    814.50384894797));
#11283 = CARTESIAN_POINT('',(109.97771427148,326.20056877584,
    814.13304046988));
#11284 = CARTESIAN_POINT('',(110.26673355677,324.10215295341,
    812.69322978106));
#11285 = CARTESIAN_POINT('',(110.55580277342,322.92303640771,
    810.65466629964));
#11286 = CARTESIAN_POINT('',(111.133928422,322.50268929907,
    806.38680862765));
#11287 = CARTESIAN_POINT('',(111.42299893898,323.26146150142,
    804.15737829726));
#11288 = CARTESIAN_POINT('',(111.71201374261,325.03857029047,
    802.33586561899));
#11289 = CARTESIAN_POINT('',(112.00119789298,327.57948438318,
    801.45241448365));
#11290 = CARTESIAN_POINT('',(112.29007863927,330.30307102539,
    801.85616750292));
#11291 = CARTESIAN_POINT('',(112.57931760985,332.4781695153,
    803.4396182302));
#11292 = CARTESIAN_POINT('',(112.86826398881,333.64991555594,
    805.69826439391));
#11293 = CARTESIAN_POINT('',(113.15737809221,333.72889720476,
    808.05208375019));
#11294 = CARTESIAN_POINT('',(113.44642651188,332.90831031987,
    810.03308906843));
#11295 = CARTESIAN_POINT('',(113.7354842565,332.08773945074,
    812.01409999925));
#11296 = CARTESIAN_POINT('',(114.0245837682,330.36762911655,
    813.62271634175));
#11297 = CARTESIAN_POINT('',(114.31354841049,327.94167126556,
    814.39111108614));
#11298 = CARTESIAN_POINT('',(114.60276893538,325.28437783799,
    813.97301753044));
#11299 = CARTESIAN_POINT('',(114.8916646387,323.07267823653,
    812.33236067837));
#11300 = CARTESIAN_POINT('',(115.18083927146,321.90085279371,
    809.91116234062));
#11301 = CARTESIAN_POINT('',(115.46985855678,321.93219426156,
    807.36647739045));
#11302 = CARTESIAN_POINT('',(115.75892777342,322.97211579504,
    805.25351262493));
#11303 = CARTESIAN_POINT('',(116.337053422,326.28717741783,
    802.53291209615));
#11304 = CARTESIAN_POINT('',(116.62612393898,328.56243223956,
    801.92520299691));
#11305 = CARTESIAN_POINT('',(116.9151387426,331.06427342402,
    802.39083672964));
#11306 = CARTESIAN_POINT('',(117.20432289299,333.21049243154,
    804.01271043212));
#11307 = CARTESIAN_POINT('',(117.49320363925,334.38792773067,
    806.5016031205));
#11308 = CARTESIAN_POINT('',(117.78244260988,334.27975654317,
    809.18984950827));
#11309 = CARTESIAN_POINT('',(118.07138898877,333.05274811397,
    811.41895730975));
#11310 = CARTESIAN_POINT('',(118.36050309223,331.13949869942,
    812.79234011904));
#11311 = CARTESIAN_POINT('',(118.64955151187,329.03645932863,
    813.2106346462));
#11312 = CARTESIAN_POINT('',(118.93860925652,326.93342418906,
    813.62894560829));
#11313 = CARTESIAN_POINT('',(119.22769464878,324.64031739547,
    813.09181911914));
#11314 = CARTESIAN_POINT('',(119.51672787101,322.65338325854,
    811.50455137097));
#11315 = CARTESIAN_POINT('',(119.80579711672,321.52524770506,
    809.05631545143));
#11316 = CARTESIAN_POINT('',(120.09488645735,321.65995133339,
    806.3141702988));
#11317 = CARTESIAN_POINT('',(120.38390981097,323.02261833088,
    803.98819047818));
#11318 = CARTESIAN_POINT('',(120.67299767617,325.15561163825,
    802.60344398393));
#11319 = CARTESIAN_POINT('',(120.96205277342,327.49027799359,
    802.29360043844));
#11320 = CARTESIAN_POINT('',(121.540178422,331.59412421873,
    803.53848877099));
#11321 = CARTESIAN_POINT('',(121.82924893898,333.36347971936,
    805.09266892962));
#11322 = CARTESIAN_POINT('',(122.11826374261,334.36626790996,
    807.4315660907));
#11323 = CARTESIAN_POINT('',(122.40744789299,334.21010460549,
    810.11714672761));
#11324 = CARTESIAN_POINT('',(122.69632863925,332.7948139703,
    812.47890309013));
#11325 = CARTESIAN_POINT('',(122.98556760987,330.49952209666,
    813.88247170687));
#11326 = CARTESIAN_POINT('',(123.27451398878,327.96439733823,
    814.10067742465));
#11327 = CARTESIAN_POINT('',(123.56362809223,325.7595268432,
    813.27287928308));
#11328 = CARTESIAN_POINT('',(123.85267651188,324.24334158158,
    811.75665794073));
#11329 = CARTESIAN_POINT('',(124.14173426372,322.72714499271,
    810.24044924541));
#11330 = CARTESIAN_POINT('',(124.43083373854,321.89923507082,
    808.03568369989));
#11331 = CARTESIAN_POINT('',(124.71979848311,322.11770458806,
    805.50033893082));
#11332 = CARTESIAN_POINT('',(125.00901880655,323.52087519646,
    803.20531744869));
#11333 = CARTESIAN_POINT('',(125.2979148156,325.88302473049,
    801.78982557357));
#11334 = CARTESIAN_POINT('',(125.58708907821,328.56835916293,
    801.63375261455));
#11335 = CARTESIAN_POINT('',(125.87610872621,330.90734699647,
    802.63651703515));
#11336 = CARTESIAN_POINT('',(126.16517765485,332.46151166912,
    804.40587593662));
#11337 = CARTESIAN_POINT('',(126.74330367024,333.70639899793,
    808.50972217525));
#11338 = CARTESIAN_POINT('',(127.03235847948,333.39658053518,
    810.84439296153));
#11339 = CARTESIAN_POINT('',(127.32144670739,332.01173282437,
    812.97736415666));
#11340 = CARTESIAN_POINT('',(127.61046969084,329.68591595789,
    814.34007335438));
#11341 = CARTESIAN_POINT('',(127.89955933708,326.94366977475,
    814.47475033466));
#11342 = CARTESIAN_POINT('',(128.18862838166,324.49538644193,
    813.34659361355));
#11343 = CARTESIAN_POINT('',(128.47766170577,322.90824593777,
    811.35970126525));
#11344 = CARTESIAN_POINT('',(128.76674706144,322.37103169096,
    809.06657093968));
#11345 = CARTESIAN_POINT('',(129.05580481319,322.7893595856,
    806.9635391796));
#11346 = CARTESIAN_POINT('',(129.34485322574,323.20770403307,
    804.86050972717));
#11347 = CARTESIAN_POINT('',(129.63396736574,324.58091130612,
    802.94722194339));
#11348 = CARTESIAN_POINT('',(129.92291364294,326.8103815005,
    801.72031540312));
#11349 = CARTESIAN_POINT('',(130.21215281428,329.49814846218,
    801.61195849425));
#11350 = CARTESIAN_POINT('',(130.50103325547,331.98745442544,
    802.7896132311));
#11351 = CARTESIAN_POINT('',(130.7902177756,333.609098264,
    804.93567463519));
#11352 = CARTESIAN_POINT('',(131.0792322167,334.07481107744,
    807.4375798114));
#11353 = CARTESIAN_POINT('',(131.36830302166,333.46708748256,
    809.71282277932));
#11354 = CARTESIAN_POINT('',(131.94642830342,330.74648732809,
    813.02788426343));
#11355 = CARTESIAN_POINT('',(132.2354991084,328.63350853893,
    814.06779652624));
#11356 = CARTESIAN_POINT('',(132.52451354937,326.08889954461,
    814.0991949085));
#11357 = CARTESIAN_POINT('',(132.81369806987,323.66750700907,
    812.92719151883));
#11358 = CARTESIAN_POINT('',(133.10257851045,322.0271374695,
    810.71582851387));
#11359 = CARTESIAN_POINT('',(133.39181768244,321.60877896442,
    808.05813282445));
#11360 = CARTESIAN_POINT('',(133.68076395918,322.37733359468,
    805.63247926022));
#11361 = CARTESIAN_POINT('',(133.96987809939,323.98588669787,
    803.91222916305));
#11362 = CARTESIAN_POINT('',(134.25892651189,325.96691155568,
    803.09168942158));
#11363 = CARTESIAN_POINT('',(134.54798426368,327.9479290511,
    802.27113437365));
#11364 = CARTESIAN_POINT('',(134.83708373858,330.30169422312,
    802.34997258845));
#11365 = CARTESIAN_POINT('',(135.12604848307,332.5604426985,
    803.52204654248));
#11366 = CARTESIAN_POINT('',(135.41526880658,334.1437959278,
    805.69667384624));
#11367 = CARTESIAN_POINT('',(135.70416481557,334.54758440829,
    808.42070074279));
#11368 = CARTESIAN_POINT('',(135.99333907823,333.66414402301,
    810.96135279848));
#11369 = CARTESIAN_POINT('',(136.2823587262,331.8426186065,
    812.73855445437));
#11370 = CARTESIAN_POINT('',(136.57142765485,329.61319106038,
    813.49731104807));
#11371 = CARTESIAN_POINT('',(137.14955367023,325.34533376004,
    813.07696300696));
#11372 = CARTESIAN_POINT('',(137.43862259893,323.30676896677,
    811.89783258844));
#11373 = CARTESIAN_POINT('',(137.72764224669,321.86695730685,
    809.79950341885));
#11374 = CARTESIAN_POINT('',(138.01681650985,321.49618012956,
    807.13507488611));
#11375 = CARTESIAN_POINT('',(138.30571251804,322.42353452223,
    804.5425657718));
#11376 = CARTESIAN_POINT('',(138.59493284243,324.4008832733,
    802.71820609661));
#11377 = CARTESIAN_POINT('',(138.88389758625,326.84474331833,
    802.00958627758));
#11378 = CARTESIAN_POINT('',(139.1729970615,329.16872985207,
    802.39135236198));
#11379 = CARTESIAN_POINT('',(139.46205481316,330.95159069678,
    803.58263235416));
#11380 = CARTESIAN_POINT('',(139.75110322578,332.73444307515,
    804.77392675583));
#11381 = CARTESIAN_POINT('',(140.04021736569,333.97658682574,
    806.77478838565));
#11382 = CARTESIAN_POINT('',(140.32916364298,334.25691936022,
    809.30406707242));
#11383 = CARTESIAN_POINT('',(140.61840281426,333.32846420434,
    811.82870635045));
#11384 = CARTESIAN_POINT('',(140.90728325548,331.28783694627,
    813.67785622312));
#11385 = CARTESIAN_POINT('',(141.1964677756,328.68455850937,
    814.35479763046));
#11386 = CARTESIAN_POINT('',(141.4854822167,326.19487894683,
    813.82762250652));
#11387 = CARTESIAN_POINT('',(141.77455302166,324.32539428849,
    812.39546132736));
#11388 = CARTESIAN_POINT('',(142.35267830342,322.30380543952,
    808.61333542126));
#11389 = CARTESIAN_POINT('',(142.6417491084,322.15165375985,
    806.26324037123));
#11390 = CARTESIAN_POINT('',(142.93076354937,323.09642514109,
    803.90031256246));
#11391 = CARTESIAN_POINT('',(143.21994806986,325.10584189144,
    802.11174383854));
#11392 = CARTESIAN_POINT('',(143.50882851047,327.77661715646,
    801.44249198023));
#11393 = CARTESIAN_POINT('',(143.79806768241,330.39210667617,
    802.07303522861));
#11394 = CARTESIAN_POINT('',(144.08701395922,332.33900523336,
    803.7113445529));
#11395 = CARTESIAN_POINT('',(144.37612809936,333.31274246615,
    805.85576505359));
#11396 = CARTESIAN_POINT('',(144.66517651192,333.31271694681,
    808.00000033776));
#11397 = CARTESIAN_POINT('',(102.65846892091,328.,799.4));
#11398 = CARTESIAN_POINT('',(102.94754477967,331.47103931721,
    799.40002219616));
#11399 = CARTESIAN_POINT('',(103.23655831079,334.94209656495,
    800.97601156768));
#11400 = CARTESIAN_POINT('',(103.52573102184,337.59465374037,
    804.12815296128));
#11401 = CARTESIAN_POINT('',(103.81462598907,338.61466334336,
    808.36114548125));
#11402 = CARTESIAN_POINT('',(104.10386113058,337.53184839445,
    812.68526155089));
#11403 = CARTESIAN_POINT('',(104.39280792218,334.63633081935,
    815.93755272684));
#11404 = CARTESIAN_POINT('',(104.68191599513,330.81139896204,
    817.46707596406));
#11405 = CARTESIAN_POINT('',(104.97097061976,327.0071575494,
    817.22074799315));
#11406 = CARTESIAN_POINT('',(105.54909535258,320.88482198273,
    813.94829211652));
#11407 = CARTESIAN_POINT('',(105.83814997723,318.56649197382,
    810.9220187572));
#11408 = CARTESIAN_POINT('',(106.12725805006,317.71318305363,
    806.89202536094));
#11409 = CARTESIAN_POINT('',(106.41620484199,318.80883359123,
    802.67740941158));
#11410 = CARTESIAN_POINT('',(106.70543998297,321.80236429502,
    799.37504735715));
#11411 = CARTESIAN_POINT('',(106.99433495076,325.88898096233,
    797.87111862161));
#11412 = CARTESIAN_POINT('',(107.28350766141,329.98331391949,
    798.32560683115));
#11413 = CARTESIAN_POINT('',(107.57252119271,333.22224638864,
    800.33602264442));
#11414 = CARTESIAN_POINT('',(107.86159705143,335.15063416295,
    803.22209861951));
#11415 = CARTESIAN_POINT('',(108.15066406088,337.07903455838,
    806.10816725037));
#11416 = CARTESIAN_POINT('',(108.43969146357,337.69704341815,
    809.86983028167));
#11417 = CARTESIAN_POINT('',(108.72884675959,336.54984049298,
    813.82657230208));
#11418 = CARTESIAN_POINT('',(109.01775940863,333.59689738337,
    817.02641874988));
#11419 = CARTESIAN_POINT('',(109.30698007758,329.39996733479,
    818.52842906803));
#11420 = CARTESIAN_POINT('',(109.59593624504,325.08710919179,
    817.9277782162));
#11421 = CARTESIAN_POINT('',(109.88503972438,321.69034542277,
    815.59721733944));
#11422 = CARTESIAN_POINT('',(110.17409585516,319.78163419077,
    812.29725498097));
#11423 = CARTESIAN_POINT('',(110.75222024014,319.10119491271,
    805.38863963553));
#11424 = CARTESIAN_POINT('',(111.04127513789,320.32945371342,
    801.77971151528));
#11425 = CARTESIAN_POINT('',(111.33038286681,323.20619821921,
    798.8312664198));
#11426 = CARTESIAN_POINT('',(111.61933000973,327.3192336283,
    797.4007516766));
#11427 = CARTESIAN_POINT('',(111.9085648608,331.72816429297,
    798.05508719123));
#11428 = CARTESIAN_POINT('',(112.19746001961,335.24903763506,
    800.61744688928));
#11429 = CARTESIAN_POINT('',(112.48663263331,337.14583415418,
    804.27426036501));
#11430 = CARTESIAN_POINT('',(112.77564619954,337.27368891373,
    808.08426150055));
#11431 = CARTESIAN_POINT('',(113.06472205144,335.94535929659,
    811.29107523189));
#11432 = CARTESIAN_POINT('',(113.35378906087,334.61704278807,
    814.4978953828));
#11433 = CARTESIAN_POINT('',(113.64281646361,331.83268161202,
    817.10161897662));
#11434 = CARTESIAN_POINT('',(113.93197175953,327.90541906194,
    818.34600269163));
#11435 = CARTESIAN_POINT('',(114.2208844087,323.60427668497,
    817.66845966554));
#11436 = CARTESIAN_POINT('',(114.51010507753,320.0237113431,
    815.01331208784));
#11437 = CARTESIAN_POINT('',(114.79906124506,318.12703867044,
    811.09359786592));
#11438 = CARTESIAN_POINT('',(115.08816472437,318.17768838047,
    806.9745017625));
#11439 = CARTESIAN_POINT('',(115.37722085516,319.86108365933,
    803.55410551796));
#11440 = CARTESIAN_POINT('',(115.95534524014,325.22735557388,
    799.15011989793));
#11441 = CARTESIAN_POINT('',(116.24440013789,328.91045366697,
    798.16636673005));
#11442 = CARTESIAN_POINT('',(116.53350786681,332.96022978283,
    798.92022404023));
#11443 = CARTESIAN_POINT('',(116.82245500974,336.43473936237,
    801.545336588));
#11444 = CARTESIAN_POINT('',(117.1116898608,338.3401499025,
    805.57475779272));
#11445 = CARTESIAN_POINT('',(117.4005850196,338.16571810082,
    809.92582776003));
#11446 = CARTESIAN_POINT('',(117.68975763333,336.17899250205,
    813.53457314113));
#11447 = CARTESIAN_POINT('',(117.97877119952,333.08212463356,
    815.75760370725));
#11448 = CARTESIAN_POINT('',(118.26784705145,329.67777606871,
    816.43474824739));
#11449 = CARTESIAN_POINT('',(118.55691406084,326.27342944895,
    817.11190725359));
#11450 = CARTESIAN_POINT('',(118.84595485268,322.56162713358,
    816.24237380303));
#11451 = CARTESIAN_POINT('',(119.13504511609,319.34497839698,
    813.6730432074));
#11452 = CARTESIAN_POINT('',(119.42410121923,317.5189937236,
    809.7099255718));
#11453 = CARTESIAN_POINT('',(119.71313826702,317.73709840992,
    805.27101825069));
#11454 = CARTESIAN_POINT('',(120.00223788848,319.94273235767,
    801.50589030122));
#11455 = CARTESIAN_POINT('',(120.29127633534,323.39566374757,
    799.26428313767));
#11456 = CARTESIAN_POINT('',(120.58034585516,327.1748865134,
    798.76273175229));
#11457 = CARTESIAN_POINT('',(121.15847024014,333.81800766748,
    800.77790046346));
#11458 = CARTESIAN_POINT('',(121.44752513789,336.6821881984,
    803.29374063028));
#11459 = CARTESIAN_POINT('',(121.73663286681,338.30531381334,
    807.07982708873));
#11460 = CARTESIAN_POINT('',(122.02558000974,338.05294659773,
    811.42721061164));
#11461 = CARTESIAN_POINT('',(122.3148148608,335.7611946886,
    815.25012805235));
#11462 = CARTESIAN_POINT('',(122.6037100196,332.04650311309,
    817.52241826547));
#11463 = CARTESIAN_POINT('',(122.89288263333,327.9421753863,
    817.87542781439));
#11464 = CARTESIAN_POINT('',(123.18189619952,324.37326542004,
    816.53552589805));
#11465 = CARTESIAN_POINT('',(123.47097205144,321.91888558631,
    814.08111486665));
#11466 = CARTESIAN_POINT('',(123.76003905402,319.46449479416,
    811.62671348653));
#11467 = CARTESIAN_POINT('',(124.04906649173,318.12449680558,
    808.05789731783));
#11468 = CARTESIAN_POINT('',(124.33822169068,318.4777343171,
    803.95337475668));
#11469 = CARTESIAN_POINT('',(124.62713453086,320.74967868662,
    800.23892191999));
#11470 = CARTESIAN_POINT('',(124.91635490979,324.5729377577,
    797.94699175127));
#11471 = CARTESIAN_POINT('',(125.20531142831,328.920107274,
    797.69470453044));
#11472 = CARTESIAN_POINT('',(125.49441456371,332.70627249797,
    799.31780844998));
#11473 = CARTESIAN_POINT('',(125.7834709676,335.22209953762,
    802.18199198408));
#11474 = CARTESIAN_POINT('',(126.36159500474,337.23726779828,
    808.82511295733));
#11475 = CARTESIAN_POINT('',(126.65066479763,336.73573865491,
    812.60433967165));
#11476 = CARTESIAN_POINT('',(126.93970290071,334.49404318235,
    816.05725183826));
#11477 = CARTESIAN_POINT('',(127.22880287294,330.72905793411,
    818.26292300614));
#11478 = CARTESIAN_POINT('',(127.51783963102,326.29006224261,
    818.48100466768));
#11479 = CARTESIAN_POINT('',(127.80689592512,322.32690304256,
    816.6550017946));
#11480 = CARTESIAN_POINT('',(128.09598609153,319.7576834711,
    813.43838977036));
#11481 = CARTESIAN_POINT('',(128.38502691833,318.8880730204,
    809.72656694464));
#11482 = CARTESIAN_POINT('',(128.67409392091,319.56524658853,
    806.32222323066));
#11483 = CARTESIAN_POINT('',(128.96316977966,320.24243453631,
    802.91788329089));
#11484 = CARTESIAN_POINT('',(129.2521833108,322.46531139021,
    799.82098170885));
#11485 = CARTESIAN_POINT('',(129.54135602184,326.07437350427,
    797.83434495531));
#11486 = CARTESIAN_POINT('',(129.83025098907,330.42502426187,
    797.6597504246));
#11487 = CARTESIAN_POINT('',(130.11948613058,334.45480693662,
    799.56535258439));
#11488 = CARTESIAN_POINT('',(130.40843292218,337.07971879346,
    803.03972413398));
#11489 = CARTESIAN_POINT('',(130.69754099513,337.83364548284,
    807.08955617906));
#11490 = CARTESIAN_POINT('',(130.98659561976,336.8498799526,
    810.77264395651));
#11491 = CARTESIAN_POINT('',(131.56472035258,332.44589498083,
    816.13891609124));
#11492 = CARTESIAN_POINT('',(131.85377497723,329.02548686755,
    817.82230339492));
#11493 = CARTESIAN_POINT('',(132.14288305006,324.90645635238,
    817.87300351408));
#11494 = CARTESIAN_POINT('',(132.43182984199,320.98657388284,
    815.97617481158));
#11495 = CARTESIAN_POINT('',(132.72106498297,318.33167465834,
    812.39590508428));
#11496 = CARTESIAN_POINT('',(133.00995995076,317.65390285325,
    808.09440966902));
#11497 = CARTESIAN_POINT('',(133.2991326614,318.89842293438,
    804.1674144227));
#11498 = CARTESIAN_POINT('',(133.58814619272,321.50209354992,
    801.38292980117));
#11499 = CARTESIAN_POINT('',(133.87722205143,324.70892417627,
    800.05464094853));
#11500 = CARTESIAN_POINT('',(134.16628905405,327.91575006866,
    798.7263382755));
#11501 = CARTESIAN_POINT('',(134.45531649169,331.7257013118,
    798.85406838105));
#11502 = CARTESIAN_POINT('',(134.74447169071,335.38260755351,
    800.75115007009));
#11503 = CARTESIAN_POINT('',(135.03338453083,337.94487903424,
    804.27161253291));
#11504 = CARTESIAN_POINT('',(135.32260490981,338.59924850299,
    808.68092703993));
#11505 = CARTESIAN_POINT('',(135.61156142829,337.16874175103,
    812.79373411997));
#11506 = CARTESIAN_POINT('',(135.90066456372,334.22028655723,
    815.67055969811));
#11507 = CARTESIAN_POINT('',(136.1897209676,330.61136068594,
    816.89880522162));
#11508 = CARTESIAN_POINT('',(136.76784500474,323.70274567998,
    816.21836559656));
#11509 = CARTESIAN_POINT('',(137.05690140863,320.40278198811,
    814.30964249033));
#11510 = CARTESIAN_POINT('',(137.34600454399,318.0722200815,
    810.91295463544));
#11511 = CARTESIAN_POINT('',(137.63496106267,317.47159622798,
    806.59988288642));
#11512 = CARTESIAN_POINT('',(137.92418144132,318.97351316302,
    802.40330394311));
#11513 = CARTESIAN_POINT('',(138.21309428177,322.17350832585,
    799.44999819617));
#11514 = CARTESIAN_POINT('',(138.50224948061,326.130121357,
    798.30303393969));
#11515 = CARTESIAN_POINT('',(138.79127691827,329.89184363039,
    798.92094859715));
#11516 = CARTESIAN_POINT('',(139.08034392094,332.77790400394,
    800.84936133423));
#11517 = CARTESIAN_POINT('',(139.36941977963,335.66395538785,
    802.77778591184));
#11518 = CARTESIAN_POINT('',(139.65843331082,337.67446122947,
    806.0165892677));
#11519 = CARTESIAN_POINT('',(139.94760602183,338.12874598716,
    810.11118085798));
#11520 = CARTESIAN_POINT('',(140.23650098907,336.62512833571,
    814.19747248048));
#11521 = CARTESIAN_POINT('',(140.52573613058,333.32245043742,
    817.19126383881));
#11522 = CARTESIAN_POINT('',(140.81468292218,329.10803939544,
    818.28678174814));
#11523 = CARTESIAN_POINT('',(141.10379099513,325.07796720562,
    817.43351555793));
#11524 = CARTESIAN_POINT('',(141.39284561976,322.05170856135,
    815.11517804738));
#11525 = CARTESIAN_POINT('',(141.97097035258,318.77925165527,
    808.99284303096));
#11526 = CARTESIAN_POINT('',(142.26002497723,318.53293809699,
    805.18859355089));
#11527 = CARTESIAN_POINT('',(142.54913305006,320.06238203016,
    801.36370346852));
#11528 = CARTESIAN_POINT('',(142.83807984199,323.31489732299,
    798.46808920349));
#11529 = CARTESIAN_POINT('',(143.12731498297,327.63862119274,
    797.38539205724));
#11530 = CARTESIAN_POINT('',(143.41620995077,331.87205680678,
    798.40532358849));
#11531 = CARTESIAN_POINT('',(143.70538266139,335.02387012291,
    801.05790623909));
#11532 = CARTESIAN_POINT('',(143.99439619274,336.60001686533,
    804.52896036248));
#11533 = CARTESIAN_POINT('',(144.28347205141,336.59999479852,
    807.9999996797));
#11534 = CARTESIAN_POINT('',(100.,328.,799.4));
#11535 = CARTESIAN_POINT('',(100.28907585876,331.47104036692,799.4));
#11536 = CARTESIAN_POINT('',(100.57808938988,334.94209713143,
    800.97606846897));
#11537 = CARTESIAN_POINT('',(100.86726210092,337.59466790553,
    804.12804672771));
#11538 = CARTESIAN_POINT('',(101.15615706816,338.61463885963,
    808.36126205573));
#11539 = CARTESIAN_POINT('',(101.44539220968,337.53188256539,
    812.68518335339));
#11540 = CARTESIAN_POINT('',(101.73433900126,334.63631583009,
    815.93758762515));
#11541 = CARTESIAN_POINT('',(102.02344707422,330.81140373208,
    817.46707174416));
#11542 = CARTESIAN_POINT('',(102.31250169885,327.00715713068,
    817.2207509759));
#11543 = CARTESIAN_POINT('',(102.89062643166,320.88481992672,
    813.94829370892));
#11544 = CARTESIAN_POINT('',(103.1796810563,318.56648540952,
    810.9220268351));
#11545 = CARTESIAN_POINT('',(103.46878912926,317.71319752129,
    806.89199283928));
#11546 = CARTESIAN_POINT('',(103.75773592084,318.80878199742,
    802.67747804849));
#11547 = CARTESIAN_POINT('',(104.04697106236,321.80244387261,
    799.374957018));
#11548 = CARTESIAN_POINT('',(104.3358660296,325.88889922497,
    797.87118329328));
#11549 = CARTESIAN_POINT('',(104.62503874063,329.98336274562,
    798.3255698383));
#11550 = CARTESIAN_POINT('',(104.91405227176,333.22223167491,
    800.33603121335));
#11551 = CARTESIAN_POINT('',(105.20312813052,335.15063848785,
    803.22209572971));
#11552 = CARTESIAN_POINT('',(105.49219513996,337.07904569635,
    806.1081610707));
#11553 = CARTESIAN_POINT('',(105.78122254268,337.69700768446,
    809.86985483947));
#11554 = CARTESIAN_POINT('',(106.07037783865,336.54992389667,
    813.8265336098));
#11555 = CARTESIAN_POINT('',(106.35929048773,333.59679848464,
    817.02645538558));
#11556 = CARTESIAN_POINT('',(106.64851115668,329.40004297563,
    818.52841962347));
#11557 = CARTESIAN_POINT('',(106.93746732412,325.08707643793,
    817.92778207421));
#11558 = CARTESIAN_POINT('',(107.22657080347,321.69034982602,
    815.59722013416));
#11559 = CARTESIAN_POINT('',(107.51562693425,319.78163180328,
    812.29725607264));
#11560 = CARTESIAN_POINT('',(108.09375131922,319.10119229108,
    805.38863891451));
#11561 = CARTESIAN_POINT('',(108.38280621695,320.32944357192,
    801.77971039681));
#11562 = CARTESIAN_POINT('',(108.67191394601,323.20623304463,
    798.83126055032));
#11563 = CARTESIAN_POINT('',(108.96086108858,327.31914812654,
    797.40074675569));
#11564 = CARTESIAN_POINT('',(109.2500959402,331.72828344941,
    798.05510328061));
#11565 = CARTESIAN_POINT('',(109.53899109845,335.2489385468,
    800.61741479323));
#11566 = CARTESIAN_POINT('',(109.82816371252,337.14589200013,
    804.27428043628));
#11567 = CARTESIAN_POINT('',(110.11717727858,337.27367362385,
    808.08425402086));
#11568 = CARTESIAN_POINT('',(110.40625313053,335.94536410216,
    811.29107722242));
#11569 = CARTESIAN_POINT('',(110.69532013994,334.61705411419,
    814.49790121044));
#11570 = CARTESIAN_POINT('',(110.98434754272,331.83264134041,
    817.10160290877));
#11571 = CARTESIAN_POINT('',(111.27350283859,327.90549756996,
    818.34605054289));
#11572 = CARTESIAN_POINT('',(111.5624154878,323.60419127836,
    817.66839778806));
#11573 = CARTESIAN_POINT('',(111.85163615663,320.02376121972,
    815.0133697337));
#11574 = CARTESIAN_POINT('',(112.14059232415,318.12701726558,
    811.09357277551));
#11575 = CARTESIAN_POINT('',(112.42969580346,318.17768850304,
    806.97450697631));
#11576 = CARTESIAN_POINT('',(112.71875193425,319.86108142522,
    803.55410413934));
#11577 = CARTESIAN_POINT('',(113.29687631922,325.22735471689,
    799.15011731754));
#11578 = CARTESIAN_POINT('',(113.58593121696,328.91044896263,
    798.1663576763));
#11579 = CARTESIAN_POINT('',(113.87503894601,332.96025401108,
    798.9202497356));
#11580 = CARTESIAN_POINT('',(114.16398608858,336.43469595176,
    801.54526276196));
#11581 = CARTESIAN_POINT('',(114.4532209402,338.34020272439,
    805.57486580649));
#11582 = CARTESIAN_POINT('',(114.74211609844,338.16568973726,
    809.9257275395));
#11583 = CARTESIAN_POINT('',(115.03128871254,336.17900795087,
    813.53463238933));
#11584 = CARTESIAN_POINT('',(115.32030227856,333.08212235808,
    815.75758683865));
#11585 = CARTESIAN_POINT('',(115.60937813054,329.67777708348,
    816.43475334897));
#11586 = CARTESIAN_POINT('',(115.89844513992,326.2734308959,
    817.11191990853));
#11587 = CARTESIAN_POINT('',(116.18748593179,322.56161720603,
    816.24234774236));
#11588 = CARTESIAN_POINT('',(116.47657619514,319.34498575139,
    813.67307200206));
#11589 = CARTESIAN_POINT('',(116.76563229833,317.51899145759,
    809.70993230075));
#11590 = CARTESIAN_POINT('',(117.0546693461,317.73708445499,
    805.27097962868));
#11591 = CARTESIAN_POINT('',(117.34376896756,319.94273780312,
    801.50592163132));
#11592 = CARTESIAN_POINT('',(117.63280741442,323.39566039431,
    799.2642697855));
#11593 = CARTESIAN_POINT('',(117.92187693425,327.17488641848,
    798.76272912878));
#11594 = CARTESIAN_POINT('',(118.50000131922,333.81800933688,
    800.77789831731));
#11595 = CARTESIAN_POINT('',(118.78905621696,336.68219311272,
    803.29373168877));
#11596 = CARTESIAN_POINT('',(119.07816394601,338.30530590891,
    807.07986150936));
#11597 = CARTESIAN_POINT('',(119.36711108858,338.05298386419,
    811.42713350149));
#11598 = CARTESIAN_POINT('',(119.6563459402,335.76113422471,
    815.25023198138));
#11599 = CARTESIAN_POINT('',(119.94524109844,332.04657068546,
    817.52233900249));
#11600 = CARTESIAN_POINT('',(120.23441371254,327.94213470613,
    817.87547357615));
#11601 = CARTESIAN_POINT('',(120.52342727857,324.37327818158,
    816.53551463437));
#11602 = CARTESIAN_POINT('',(120.81250313054,321.91888190828,
    814.08111854468));
#11603 = CARTESIAN_POINT('',(121.1015701331,319.46448508696,
    811.62672172255));
#11604 = CARTESIAN_POINT('',(121.39059757084,318.1245270158,
    808.05786625153));
#11605 = CARTESIAN_POINT('',(121.67975276974,318.47766017676,
    803.95342899903));
#11606 = CARTESIAN_POINT('',(121.96866560996,320.7497683386,
    800.23886665449));
#11607 = CARTESIAN_POINT('',(122.25788598889,324.57286568624,
    797.9470158255));
#11608 = CARTESIAN_POINT('',(122.54684250739,328.92013834719,
    797.69469429722));
#11609 = CARTESIAN_POINT('',(122.8359456428,332.70626789593,
    799.31780662006));
#11610 = CARTESIAN_POINT('',(123.12500204669,335.22210148303,
    802.18199041116));
#11611 = CARTESIAN_POINT('',(123.70312608383,337.23727089381,
    808.82511322935));
#11612 = CARTESIAN_POINT('',(123.99219587674,336.73573039761,
    812.60433929195));
#11613 = CARTESIAN_POINT('',(124.28123397974,334.49407865547,
    816.05726194174));
#11614 = CARTESIAN_POINT('',(124.57033395209,330.72902076572,
    818.26291545551));
#11615 = CARTESIAN_POINT('',(124.85937071011,326.29006808074,
    818.48100859726));
#11616 = CARTESIAN_POINT('',(125.14842700414,322.32692832524,
    816.65501446485));
#11617 = CARTESIAN_POINT('',(125.43751717069,319.75765245817,
    813.43838309892));
#11618 = CARTESIAN_POINT('',(125.72655799739,318.88808015625,
    809.72656944394));
#11619 = CARTESIAN_POINT('',(126.015625,319.56524658853,806.32222323066)
  );
#11620 = CARTESIAN_POINT('',(126.30470085875,320.24241297144,
    802.91787793109));
#11621 = CARTESIAN_POINT('',(126.59371438989,322.46536730865,
    799.82099225415));
#11622 = CARTESIAN_POINT('',(126.88288710092,326.07427207546,
    797.83431033717));
#11623 = CARTESIAN_POINT('',(127.17178206816,330.42513381985,
    797.65979718045));
#11624 = CARTESIAN_POINT('',(127.46101720968,334.45473690809,
    799.56530381445));
#11625 = CARTESIAN_POINT('',(127.74996400126,337.07975009695,
    803.03974564355));
#11626 = CARTESIAN_POINT('',(128.03907207422,337.8336422746,
    807.08955067741));
#11627 = CARTESIAN_POINT('',(128.32812669885,336.84988279634,
    810.7726449491));
#11628 = CARTESIAN_POINT('',(128.90625143166,332.44589614153,
    816.13891841841));
#11629 = CARTESIAN_POINT('',(129.1953060563,329.02549350961,
    817.822311409));
#11630 = CARTESIAN_POINT('',(129.48441412926,324.90642727811,
    817.87298297975));
#11631 = CARTESIAN_POINT('',(129.77336092084,320.98663113548,
    815.97623880442));
#11632 = CARTESIAN_POINT('',(130.06259606236,318.33160157982,
    812.39580941147));
#11633 = CARTESIAN_POINT('',(130.3514910296,317.65395033612,
    808.09450245262));
#11634 = CARTESIAN_POINT('',(130.64066374062,318.89839617784,
    804.16735931782));
#11635 = CARTESIAN_POINT('',(130.92967727177,321.50209908368,
    801.38294590388));
#11636 = CARTESIAN_POINT('',(131.21875313052,324.70892218574,
    800.05463614297));
#11637 = CARTESIAN_POINT('',(131.50782013313,327.91574617433,
    798.72632615538));
#11638 = CARTESIAN_POINT('',(131.7968475708,331.72571845241,
    798.85410818027));
#11639 = CARTESIAN_POINT('',(132.08600276977,335.38258581234,
    800.75106081566));
#11640 = CARTESIAN_POINT('',(132.37491560993,337.94489578462,
    804.27171650977));
#11641 = CARTESIAN_POINT('',(132.66413598891,338.59925384184,
    808.68085124176));
#11642 = CARTESIAN_POINT('',(132.95309250738,337.16873931411,
    812.79376674396));
#11643 = CARTESIAN_POINT('',(133.24219564281,334.22029000898,
    815.67055614666));
#11644 = CARTESIAN_POINT('',(133.53125204669,330.61136139466,
    816.89880762087));
#11645 = CARTESIAN_POINT('',(134.10937608383,323.70274424406,
    816.21836835235));
#11646 = CARTESIAN_POINT('',(134.39843248769,320.40278008564,
    814.30965046321));
#11647 = CARTESIAN_POINT('',(134.68753562318,318.07221805159,
    810.91292392466));
#11648 = CARTESIAN_POINT('',(134.97649214153,317.47158030854,
    806.59995742298));
#11649 = CARTESIAN_POINT('',(135.2657125207,318.97354441748,
    802.40320184683));
#11650 = CARTESIAN_POINT('',(135.55462536062,322.1734660653,
    799.45007632295));
#11651 = CARTESIAN_POINT('',(135.84378055981,326.13014480199,
    798.3029923841));
#11652 = CARTESIAN_POINT('',(136.13280799733,329.89183859052,
    798.92095423345));
#11653 = CARTESIAN_POINT('',(136.42187500002,332.77790400396,
    800.84936133419));
#11654 = CARTESIAN_POINT('',(136.71095085871,335.66396859214,
    802.77776803967));
#11655 = CARTESIAN_POINT('',(136.99996438992,337.67443008784,
    806.01663689401));
#11656 = CARTESIAN_POINT('',(137.28913710091,338.1288167853,
    810.11110039786));
#11657 = CARTESIAN_POINT('',(137.57803206815,336.62504321286,
    814.19755580609));
#11658 = CARTESIAN_POINT('',(137.86726720968,333.32252229377,
    817.19121780437));
#11659 = CARTESIAN_POINT('',(138.15621400126,329.10800754384,
    818.28680243742));
#11660 = CARTESIAN_POINT('',(138.44532207422,325.07797351622,
    817.4335146993));
#11661 = CARTESIAN_POINT('',(138.73437669885,322.05170655607,
    815.11518029481));
#11662 = CARTESIAN_POINT('',(139.31250143166,318.77924906107,
    808.99284321273));
#11663 = CARTESIAN_POINT('',(139.6015560563,318.53292815114,
    805.1885966205));
#11664 = CARTESIAN_POINT('',(139.89066412926,320.06241212765,
    801.36368446554));
#11665 = CARTESIAN_POINT('',(140.17961092084,323.31481629168,
    798.46811760907));
#11666 = CARTESIAN_POINT('',(140.46884606236,327.63873754881,
    797.38536115383));
#11667 = CARTESIAN_POINT('',(140.75774102961,331.87195291505,
    798.40533195025));
#11668 = CARTESIAN_POINT('',(141.0469137406,335.02393127241,
    801.05790260696));
#11669 = CARTESIAN_POINT('',(141.33592727179,336.59999987074,
    804.52895931277));
#11670 = CARTESIAN_POINT('',(141.6250031305,336.59999999999,
    807.9999996797));
#11671 = ADVANCED_FACE('',(#11672),#11691,.T.);
#11672 = FACE_BOUND('',#11673,.T.);
#11673 = EDGE_LOOP('',(#11674,#11683,#11689,#11690));
#11674 = ORIENTED_EDGE('',*,*,#11675,.F.);
#11675 = EDGE_CURVE('',#11676,#11676,#11678,.T.);
#11676 = VERTEX_POINT('',#11677);
#11677 = CARTESIAN_POINT('',(100.,288.,799.4));
#11678 = CIRCLE('',#11679,1.6);
#11679 = AXIS2_PLACEMENT_3D('',#11680,#11681,#11682);
#11680 = CARTESIAN_POINT('',(100.,288.,801.));
#11681 = DIRECTION('',(0.,-1.,0.));
#11682 = DIRECTION('',(0.,0.,-1.));
#11683 = ORIENTED_EDGE('',*,*,#11684,.F.);
#11684 = EDGE_CURVE('',#10426,#11676,#11685,.T.);
#11685 = LINE('',#11686,#11687);
#11686 = CARTESIAN_POINT('',(100.,328.,799.4));
#11687 = VECTOR('',#11688,1.);
#11688 = DIRECTION('',(0.,-1.,0.));
#11689 = ORIENTED_EDGE('',*,*,#10425,.F.);
#11690 = ORIENTED_EDGE('',*,*,#11684,.T.);
#11691 = CYLINDRICAL_SURFACE('',#11692,1.6);
#11692 = AXIS2_PLACEMENT_3D('',#11693,#11694,#11695);
#11693 = CARTESIAN_POINT('',(100.,328.,801.));
#11694 = DIRECTION('',(0.,-1.,0.));
#11695 = DIRECTION('',(0.,0.,-1.));
#11696 = ADVANCED_FACE('',(#11697),#11740,.T.);
#11697 = FACE_BOUND('',#11698,.T.);
#11698 = EDGE_LOOP('',(#11699,#11709,#11716,#11717,#11724,#11731,#11732,
    #11733));
#11699 = ORIENTED_EDGE('',*,*,#11700,.T.);
#11700 = EDGE_CURVE('',#11701,#11703,#11705,.T.);
#11701 = VERTEX_POINT('',#11702);
#11702 = CARTESIAN_POINT('',(141.625,335.,809.6));
#11703 = VERTEX_POINT('',#11704);
#11704 = CARTESIAN_POINT('',(141.625,348.,809.6));
#11705 = LINE('',#11706,#11707);
#11706 = CARTESIAN_POINT('',(141.625,335.,809.6));
#11707 = VECTOR('',#11708,1.);
#11708 = DIRECTION('',(0.,1.,0.));
#11709 = ORIENTED_EDGE('',*,*,#11710,.F.);
#11710 = EDGE_CURVE('',#11703,#11703,#11711,.T.);
#11711 = CIRCLE('',#11712,1.6);
#11712 = AXIS2_PLACEMENT_3D('',#11713,#11714,#11715);
#11713 = CARTESIAN_POINT('',(141.625,348.,808.));
#11714 = DIRECTION('',(0.,1.,0.));
#11715 = DIRECTION('',(0.,0.,1.));
#11716 = ORIENTED_EDGE('',*,*,#11700,.F.);
#11717 = ORIENTED_EDGE('',*,*,#11718,.T.);
#11718 = EDGE_CURVE('',#11701,#10635,#11719,.T.);
#11719 = CIRCLE('',#11720,1.6);
#11720 = AXIS2_PLACEMENT_3D('',#11721,#11722,#11723);
#11721 = CARTESIAN_POINT('',(141.625,335.,808.));
#11722 = DIRECTION('',(0.,1.,0.));
#11723 = DIRECTION('',(0.,0.,1.));
#11724 = ORIENTED_EDGE('',*,*,#11725,.T.);
#11725 = EDGE_CURVE('',#10635,#10580,#11726,.T.);
#11726 = CIRCLE('',#11727,1.6);
#11727 = AXIS2_PLACEMENT_3D('',#11728,#11729,#11730);
#11728 = CARTESIAN_POINT('',(141.625,335.,808.));
#11729 = DIRECTION('',(0.,1.,0.));
#11730 = DIRECTION('',(0.,0.,1.));
#11731 = ORIENTED_EDGE('',*,*,#10579,.F.);
#11732 = ORIENTED_EDGE('',*,*,#10658,.T.);
#11733 = ORIENTED_EDGE('',*,*,#11734,.T.);
#11734 = EDGE_CURVE('',#10647,#11701,#11735,.T.);
#11735 = CIRCLE('',#11736,1.6);
#11736 = AXIS2_PLACEMENT_3D('',#11737,#11738,#11739);
#11737 = CARTESIAN_POINT('',(141.625,335.,808.));
#11738 = DIRECTION('',(0.,1.,0.));
#11739 = DIRECTION('',(0.,0.,1.));
#11740 = CYLINDRICAL_SURFACE('',#11741,1.6);
#11741 = AXIS2_PLACEMENT_3D('',#11742,#11743,#11744);
#11742 = CARTESIAN_POINT('',(141.625,335.,808.));
#11743 = DIRECTION('',(0.,1.,0.));
#11744 = DIRECTION('',(0.,0.,1.));
#11745 = ADVANCED_FACE('',(#11746),#11755,.T.);
#11746 = FACE_BOUND('',#11747,.T.);
#11747 = EDGE_LOOP('',(#11748,#11754));
#11748 = ORIENTED_EDGE('',*,*,#11749,.T.);
#11749 = EDGE_CURVE('',#10635,#10647,#11750,.T.);
#11750 = LINE('',#11751,#11752);
#11751 = CARTESIAN_POINT('',(141.62500000024,335.,808.));
#11752 = VECTOR('',#11753,1.);
#11753 = DIRECTION('',(-1.,0.,1.490457229742E-12));
#11754 = ORIENTED_EDGE('',*,*,#10646,.T.);
#11755 = PLANE('',#11756);
#11756 = AXIS2_PLACEMENT_3D('',#11757,#11758,#11759);
#11757 = CARTESIAN_POINT('',(141.62500000049,335.00025347717,
    807.99999999994));
#11758 = DIRECTION('',(1.490457229742E-12,2.001835749067E-07,1.));
#11759 = DIRECTION('',(-2.222484140132E-23,-1.,2.001835749067E-07));
#11760 = ADVANCED_FACE('',(#11761),#11765,.F.);
#11761 = FACE_BOUND('',#11762,.F.);
#11762 = EDGE_LOOP('',(#11763,#11764));
#11763 = ORIENTED_EDGE('',*,*,#11725,.T.);
#11764 = ORIENTED_EDGE('',*,*,#10634,.T.);
#11765 = PLANE('',#11766);
#11766 = AXIS2_PLACEMENT_3D('',#11767,#11768,#11769);
#11767 = CARTESIAN_POINT('',(141.625,335.,808.));
#11768 = DIRECTION('',(0.,1.,0.));
#11769 = DIRECTION('',(0.,0.,1.));
#11770 = ADVANCED_FACE('',(#11771),#11774,.T.);
#11771 = FACE_BOUND('',#11772,.T.);
#11772 = EDGE_LOOP('',(#11773));
#11773 = ORIENTED_EDGE('',*,*,#11675,.T.);
#11774 = PLANE('',#11775);
#11775 = AXIS2_PLACEMENT_3D('',#11776,#11777,#11778);
#11776 = CARTESIAN_POINT('',(100.,288.,801.));
#11777 = DIRECTION('',(0.,-1.,0.));
#11778 = DIRECTION('',(0.,0.,-1.));
#11779 = ADVANCED_FACE('',(#11780),#11785,.F.);
#11780 = FACE_BOUND('',#11781,.F.);
#11781 = EDGE_LOOP('',(#11782,#11783,#11784));
#11782 = ORIENTED_EDGE('',*,*,#11749,.T.);
#11783 = ORIENTED_EDGE('',*,*,#11734,.T.);
#11784 = ORIENTED_EDGE('',*,*,#11718,.T.);
#11785 = PLANE('',#11786);
#11786 = AXIS2_PLACEMENT_3D('',#11787,#11788,#11789);
#11787 = CARTESIAN_POINT('',(141.625,335.,808.));
#11788 = DIRECTION('',(0.,1.,0.));
#11789 = DIRECTION('',(0.,0.,1.));
#11790 = ADVANCED_FACE('',(#11791),#11794,.T.);
#11791 = FACE_BOUND('',#11792,.T.);
#11792 = EDGE_LOOP('',(#11793));
#11793 = ORIENTED_EDGE('',*,*,#11710,.T.);
#11794 = PLANE('',#11795);
#11795 = AXIS2_PLACEMENT_3D('',#11796,#11797,#11798);
#11796 = CARTESIAN_POINT('',(141.625,348.,808.));
#11797 = DIRECTION('',(0.,1.,0.));
#11798 = DIRECTION('',(0.,0.,1.));
#11799 = MANIFOLD_SOLID_BREP('',#11800);
#11800 = CLOSED_SHELL('',(#11801,#13051,#13076,#13125,#13140,#13150,
    #13159,#13170));
#11801 = ADVANCED_FACE('',(#11802),#12091,.T.);
#11802 = FACE_BOUND('',#11803,.T.);
#11803 = EDGE_LOOP('',(#11804,#11816,#11958,#12013,#12025,#12037,#12090)
  );
#11804 = ORIENTED_EDGE('',*,*,#11805,.T.);
#11805 = EDGE_CURVE('',#11806,#11806,#11808,.T.);
#11806 = VERTEX_POINT('',#11807);
#11807 = CARTESIAN_POINT('',(270.,328.,799.4));
#11808 = ( BOUNDED_CURVE() B_SPLINE_CURVE(6,(#11809,#11810,#11811,#11812
    ,#11813,#11814,#11815),.UNSPECIFIED.,.T.,.F.) 
B_SPLINE_CURVE_WITH_KNOTS((1,6,6,1),(-6.28318530718,0.,6.28318530718,
12.566370614359),.UNSPECIFIED.) CURVE() GEOMETRIC_REPRESENTATION_ITEM() 
RATIONAL_B_SPLINE_CURVE((1.669078461068,1.03672962321,1.038346699848,
    0.853534330196,1.038346699848,1.03672962321,1.669078461068)) 
REPRESENTATION_ITEM('') );
#11809 = CARTESIAN_POINT('',(270.,328.,799.4));
#11810 = CARTESIAN_POINT('',(267.34153107908,328.,799.4));
#11811 = CARTESIAN_POINT('',(266.9598201868,328.,802.68727710487));
#11812 = CARTESIAN_POINT('',(270.,328.,805.39858707361));
#11813 = CARTESIAN_POINT('',(273.04017981319,328.,802.68727710487));
#11814 = CARTESIAN_POINT('',(272.65846892091,328.,799.4));
#11815 = CARTESIAN_POINT('',(270.,328.,799.4));
#11816 = ORIENTED_EDGE('',*,*,#11817,.T.);
#11817 = EDGE_CURVE('',#11806,#11818,#11820,.T.);
#11818 = VERTEX_POINT('',#11819);
#11819 = CARTESIAN_POINT('',(311.49144762499,336.45090764664,
    806.40558356658));
#11820 = ( BOUNDED_CURVE() B_SPLINE_CURVE(9,(#11821,#11822,#11823,#11824
    ,#11825,#11826,#11827,#11828,#11829,#11830,#11831,#11832,#11833,
    #11834,#11835,#11836,#11837,#11838,#11839,#11840,#11841,#11842,
    #11843,#11844,#11845,#11846,#11847,#11848,#11849,#11850,#11851,
    #11852,#11853,#11854,#11855,#11856,#11857,#11858,#11859,#11860,
    #11861,#11862,#11863,#11864,#11865,#11866,#11867,#11868,#11869,
    #11870,#11871,#11872,#11873,#11874,#11875,#11876,#11877,#11878,
    #11879,#11880,#11881,#11882,#11883,#11884,#11885,#11886,#11887,
    #11888,#11889,#11890,#11891,#11892,#11893,#11894,#11895,#11896,
    #11897,#11898,#11899,#11900,#11901,#11902,#11903,#11904,#11905,
    #11906,#11907,#11908,#11909,#11910,#11911,#11912,#11913,#11914,
    #11915,#11916,#11917,#11918,#11919,#11920,#11921,#11922,#11923,
    #11924,#11925,#11926,#11927,#11928,#11929,#11930,#11931,#11932,
    #11933,#11934,#11935,#11936,#11937,#11938,#11939,#11940,#11941,
    #11942,#11943,#11944,#11945,#11946,#11947,#11948,#11949,#11950,
    #11951,#11952,#11953,#11954,#11955,#11956,#11957),.UNSPECIFIED.,.F.,
.F.) B_SPLINE_CURVE_WITH_KNOTS((10,8,9,8,9,8,9,8,9,8,9,8,9,8,9,8,10),(0.
    ,4.46799063971,8.93598127942,13.403971919129,17.871962558839,
    22.339953198549,26.807943838259,31.275934477969,35.743925117679,
    40.211915757388,44.679906397098,49.147897036808,53.615887676518,
    58.083878316228,62.551868955937,67.019859595647,71.487850235357),
.UNSPECIFIED.) CURVE() GEOMETRIC_REPRESENTATION_ITEM() 
RATIONAL_B_SPLINE_CURVE((1.669078461068,1.669078461068,1.669078461068,
    1.669078461068,1.669078461068,1.669078461068,1.669078461068,
    1.669078461068,1.669078461068,1.669078461068,1.669078461068,
    1.669078461068,1.669078461068,1.669078461068,1.669078461068,
    1.669078461068,1.669078461068,1.669078461068,1.669078461068,
    1.669078461068,1.669078461068,1.669078461068,1.669078461068,
    1.669078461068,1.669078461068,1.669078461068,1.669078461068,
    1.669078461068,1.669078461068,1.669078461069,1.669078461068,
    1.669078461068,1.669078461068,1.669078461068,1.669078461068,
    1.669078461068,1.669078461068,1.669078461068,1.669078461068,
    1.669078461068,1.669078461068,1.669078461068,1.669078461068,
    1.669078461068,1.669078461068,1.669078461069,1.669078461068,
    1.669078461069,1.669078461068,1.669078461068,1.669078461068,
    1.669078461068,1.669078461068,1.669078461068,1.669078461068,
    1.669078461068,1.669078461068,1.669078461068,1.669078461068,
    1.669078461068,1.669078461068,1.669078461068,1.669078461068,
    1.669078461068,1.669078461068,1.669078461068,1.669078461068,
    1.669078461068,1.669078461068,1.669078461068,1.669078461068,
    1.669078461069,1.669078461068,1.669078461069,1.669078461068,
    1.669078461068,1.669078461068,1.669078461068,1.669078461068,
    1.669078461068,1.669078461068,1.669078461068,1.669078461068,
    1.669078461068,1.669078461068,1.669078461068,1.669078461068,
    1.669078461068,1.669078461068,1.669078461068,1.669078461068,
    1.669078461068,1.669078461068,1.669078461068,1.669078461068,
    1.669078461068,1.669078461068,1.669078461068,1.669078461068,
    1.669078461068,1.669078461068,1.669078461068,1.669078461068,
    1.669078461068,1.669078461068,1.669078461068,1.669078461068,
    1.669078461068,1.669078461068,1.669078461068,1.669078461068,
    1.669078461068,1.669078461068,1.669078461068,1.669078461069,
    1.669078461068,1.669078461069,1.669078461068,1.669078461068,
    1.669078461068,1.669078461068,1.669078461068,1.669078461068,
    1.669078461068,1.669078461068,1.669078461068,1.669078461068,
    1.669078461068,1.669078461068,1.669078461068,1.669078461068,
    1.669078461068,1.669078461069,1.669078461068,1.669078461068,
1.669078461068,1.669078461068)) REPRESENTATION_ITEM('') );
#11821 = CARTESIAN_POINT('',(270.,328.,799.4));
#11822 = CARTESIAN_POINT('',(270.28907585876,331.47104036692,799.4));
#11823 = CARTESIAN_POINT('',(270.57808938988,334.94209713143,
    800.97606846897));
#11824 = CARTESIAN_POINT('',(270.86726210092,337.59466790553,
    804.12804672771));
#11825 = CARTESIAN_POINT('',(271.15615706816,338.61463885963,
    808.36126205573));
#11826 = CARTESIAN_POINT('',(271.44539220968,337.53188256539,
    812.68518335339));
#11827 = CARTESIAN_POINT('',(271.73433900126,334.63631583009,
    815.93758762515));
#11828 = CARTESIAN_POINT('',(272.02344707422,330.81140373208,
    817.46707174416));
#11829 = CARTESIAN_POINT('',(272.31250169885,327.00715713068,
    817.2207509759));
#11830 = CARTESIAN_POINT('',(272.89062643166,320.88481992672,
    813.94829370892));
#11831 = CARTESIAN_POINT('',(273.1796810563,318.56648540952,
    810.9220268351));
#11832 = CARTESIAN_POINT('',(273.46878912926,317.71319752129,
    806.89199283928));
#11833 = CARTESIAN_POINT('',(273.75773592084,318.80878199742,
    802.67747804849));
#11834 = CARTESIAN_POINT('',(274.04697106236,321.80244387261,
    799.374957018));
#11835 = CARTESIAN_POINT('',(274.3358660296,325.88889922497,
    797.87118329328));
#11836 = CARTESIAN_POINT('',(274.62503874063,329.98336274562,
    798.3255698383));
#11837 = CARTESIAN_POINT('',(274.91405227176,333.22223167491,
    800.33603121335));
#11838 = CARTESIAN_POINT('',(275.20312813052,335.15063848785,
    803.22209572971));
#11839 = CARTESIAN_POINT('',(275.49219513996,337.07904569635,
    806.1081610707));
#11840 = CARTESIAN_POINT('',(275.78122254268,337.69700768446,
    809.86985483947));
#11841 = CARTESIAN_POINT('',(276.07037783865,336.54992389667,
    813.8265336098));
#11842 = CARTESIAN_POINT('',(276.35929048773,333.59679848464,
    817.02645538558));
#11843 = CARTESIAN_POINT('',(276.64851115668,329.40004297563,
    818.52841962347));
#11844 = CARTESIAN_POINT('',(276.93746732412,325.08707643793,
    817.92778207421));
#11845 = CARTESIAN_POINT('',(277.22657080347,321.69034982602,
    815.59722013416));
#11846 = CARTESIAN_POINT('',(277.51562693425,319.78163180328,
    812.29725607264));
#11847 = CARTESIAN_POINT('',(278.09375131922,319.10119229108,
    805.38863891451));
#11848 = CARTESIAN_POINT('',(278.38280621695,320.32944357192,
    801.77971039681));
#11849 = CARTESIAN_POINT('',(278.67191394601,323.20623304463,
    798.83126055032));
#11850 = CARTESIAN_POINT('',(278.96086108858,327.31914812654,
    797.40074675569));
#11851 = CARTESIAN_POINT('',(279.2500959402,331.72828344941,
    798.05510328061));
#11852 = CARTESIAN_POINT('',(279.53899109845,335.2489385468,
    800.61741479323));
#11853 = CARTESIAN_POINT('',(279.82816371252,337.14589200013,
    804.27428043628));
#11854 = CARTESIAN_POINT('',(280.11717727858,337.27367362385,
    808.08425402086));
#11855 = CARTESIAN_POINT('',(280.40625313053,335.94536410216,
    811.29107722242));
#11856 = CARTESIAN_POINT('',(280.69532013994,334.61705411419,
    814.49790121044));
#11857 = CARTESIAN_POINT('',(280.98434754272,331.83264134041,
    817.10160290877));
#11858 = CARTESIAN_POINT('',(281.27350283859,327.90549756996,
    818.34605054289));
#11859 = CARTESIAN_POINT('',(281.5624154878,323.60419127836,
    817.66839778806));
#11860 = CARTESIAN_POINT('',(281.85163615663,320.02376121972,
    815.0133697337));
#11861 = CARTESIAN_POINT('',(282.14059232415,318.12701726558,
    811.09357277551));
#11862 = CARTESIAN_POINT('',(282.42969580346,318.17768850304,
    806.97450697631));
#11863 = CARTESIAN_POINT('',(282.71875193425,319.86108142522,
    803.55410413934));
#11864 = CARTESIAN_POINT('',(283.29687631922,325.22735471689,
    799.15011731754));
#11865 = CARTESIAN_POINT('',(283.58593121696,328.91044896263,
    798.1663576763));
#11866 = CARTESIAN_POINT('',(283.87503894601,332.96025401108,
    798.9202497356));
#11867 = CARTESIAN_POINT('',(284.16398608858,336.43469595176,
    801.54526276196));
#11868 = CARTESIAN_POINT('',(284.4532209402,338.34020272439,
    805.57486580649));
#11869 = CARTESIAN_POINT('',(284.74211609844,338.16568973726,
    809.9257275395));
#11870 = CARTESIAN_POINT('',(285.03128871254,336.17900795087,
    813.53463238933));
#11871 = CARTESIAN_POINT('',(285.32030227856,333.08212235808,
    815.75758683865));
#11872 = CARTESIAN_POINT('',(285.60937813054,329.67777708348,
    816.43475334897));
#11873 = CARTESIAN_POINT('',(285.89844513992,326.2734308959,
    817.11191990853));
#11874 = CARTESIAN_POINT('',(286.18748593179,322.56161720603,
    816.24234774236));
#11875 = CARTESIAN_POINT('',(286.47657619514,319.34498575139,
    813.67307200206));
#11876 = CARTESIAN_POINT('',(286.76563229833,317.51899145759,
    809.70993230075));
#11877 = CARTESIAN_POINT('',(287.0546693461,317.73708445499,
    805.27097962868));
#11878 = CARTESIAN_POINT('',(287.34376896756,319.94273780312,
    801.50592163132));
#11879 = CARTESIAN_POINT('',(287.63280741442,323.39566039431,
    799.2642697855));
#11880 = CARTESIAN_POINT('',(287.92187693425,327.17488641848,
    798.76272912878));
#11881 = CARTESIAN_POINT('',(288.50000131922,333.81800933688,
    800.77789831731));
#11882 = CARTESIAN_POINT('',(288.78905621696,336.68219311272,
    803.29373168877));
#11883 = CARTESIAN_POINT('',(289.07816394601,338.30530590891,
    807.07986150936));
#11884 = CARTESIAN_POINT('',(289.36711108858,338.05298386419,
    811.42713350149));
#11885 = CARTESIAN_POINT('',(289.6563459402,335.76113422471,
    815.25023198138));
#11886 = CARTESIAN_POINT('',(289.94524109844,332.04657068546,
    817.52233900249));
#11887 = CARTESIAN_POINT('',(290.23441371254,327.94213470613,
    817.87547357615));
#11888 = CARTESIAN_POINT('',(290.52342727857,324.37327818158,
    816.53551463437));
#11889 = CARTESIAN_POINT('',(290.81250313054,321.91888190828,
    814.08111854468));
#11890 = CARTESIAN_POINT('',(291.1015701331,319.46448508696,
    811.62672172255));
#11891 = CARTESIAN_POINT('',(291.39059757084,318.1245270158,
    808.05786625153));
#11892 = CARTESIAN_POINT('',(291.67975276974,318.47766017676,
    803.95342899903));
#11893 = CARTESIAN_POINT('',(291.96866560996,320.7497683386,
    800.23886665449));
#11894 = CARTESIAN_POINT('',(292.25788598889,324.57286568624,
    797.9470158255));
#11895 = CARTESIAN_POINT('',(292.54684250739,328.92013834719,
    797.69469429722));
#11896 = CARTESIAN_POINT('',(292.8359456428,332.70626789593,
    799.31780662006));
#11897 = CARTESIAN_POINT('',(293.12500204669,335.22210148303,
    802.18199041116));
#11898 = CARTESIAN_POINT('',(293.70312608383,337.23727089381,
    808.82511322935));
#11899 = CARTESIAN_POINT('',(293.99219587674,336.73573039761,
    812.60433929195));
#11900 = CARTESIAN_POINT('',(294.28123397974,334.49407865547,
    816.05726194174));
#11901 = CARTESIAN_POINT('',(294.57033395209,330.72902076572,
    818.26291545551));
#11902 = CARTESIAN_POINT('',(294.85937071011,326.29006808074,
    818.48100859726));
#11903 = CARTESIAN_POINT('',(295.14842700414,322.32692832524,
    816.65501446485));
#11904 = CARTESIAN_POINT('',(295.43751717069,319.75765245817,
    813.43838309892));
#11905 = CARTESIAN_POINT('',(295.72655799739,318.88808015625,
    809.72656944394));
#11906 = CARTESIAN_POINT('',(296.015625,319.56524658853,806.32222323066)
  );
#11907 = CARTESIAN_POINT('',(296.30470085875,320.24241297144,
    802.91787793109));
#11908 = CARTESIAN_POINT('',(296.59371438989,322.46536730865,
    799.82099225415));
#11909 = CARTESIAN_POINT('',(296.88288710092,326.07427207546,
    797.83431033717));
#11910 = CARTESIAN_POINT('',(297.17178206816,330.42513381985,
    797.65979718045));
#11911 = CARTESIAN_POINT('',(297.46101720968,334.45473690809,
    799.56530381445));
#11912 = CARTESIAN_POINT('',(297.74996400126,337.07975009695,
    803.03974564355));
#11913 = CARTESIAN_POINT('',(298.03907207422,337.8336422746,
    807.08955067741));
#11914 = CARTESIAN_POINT('',(298.32812669885,336.84988279634,
    810.7726449491));
#11915 = CARTESIAN_POINT('',(298.90625143166,332.44589614153,
    816.13891841841));
#11916 = CARTESIAN_POINT('',(299.1953060563,329.02549350961,
    817.822311409));
#11917 = CARTESIAN_POINT('',(299.48441412926,324.90642727811,
    817.87298297975));
#11918 = CARTESIAN_POINT('',(299.77336092084,320.98663113548,
    815.97623880442));
#11919 = CARTESIAN_POINT('',(300.06259606236,318.33160157982,
    812.39580941147));
#11920 = CARTESIAN_POINT('',(300.3514910296,317.65395033612,
    808.09450245262));
#11921 = CARTESIAN_POINT('',(300.64066374062,318.89839617784,
    804.16735931782));
#11922 = CARTESIAN_POINT('',(300.92967727177,321.50209908368,
    801.38294590388));
#11923 = CARTESIAN_POINT('',(301.21875313052,324.70892218574,
    800.05463614297));
#11924 = CARTESIAN_POINT('',(301.50782013313,327.91574617433,
    798.72632615538));
#11925 = CARTESIAN_POINT('',(301.7968475708,331.72571845241,
    798.85410818027));
#11926 = CARTESIAN_POINT('',(302.08600276977,335.38258581234,
    800.75106081566));
#11927 = CARTESIAN_POINT('',(302.37491560993,337.94489578462,
    804.27171650977));
#11928 = CARTESIAN_POINT('',(302.66413598891,338.59925384184,
    808.68085124176));
#11929 = CARTESIAN_POINT('',(302.95309250738,337.16873931411,
    812.79376674396));
#11930 = CARTESIAN_POINT('',(303.24219564281,334.22029000898,
    815.67055614666));
#11931 = CARTESIAN_POINT('',(303.53125204669,330.61136139466,
    816.89880762087));
#11932 = CARTESIAN_POINT('',(304.10937608383,323.70274424406,
    816.21836835235));
#11933 = CARTESIAN_POINT('',(304.39843248769,320.40278008564,
    814.30965046321));
#11934 = CARTESIAN_POINT('',(304.68753562318,318.07221805159,
    810.91292392466));
#11935 = CARTESIAN_POINT('',(304.97649214153,317.47158030854,
    806.59995742298));
#11936 = CARTESIAN_POINT('',(305.2657125207,318.97354441748,
    802.40320184683));
#11937 = CARTESIAN_POINT('',(305.55462536062,322.1734660653,
    799.45007632295));
#11938 = CARTESIAN_POINT('',(305.84378055981,326.13014480199,
    798.3029923841));
#11939 = CARTESIAN_POINT('',(306.13280799733,329.89183859052,
    798.92095423345));
#11940 = CARTESIAN_POINT('',(306.42187500002,332.77790400396,
    800.84936133419));
#11941 = CARTESIAN_POINT('',(306.71095085871,335.66396859214,
    802.77776803967));
#11942 = CARTESIAN_POINT('',(306.99996438992,337.67443008784,
    806.01663689401));
#11943 = CARTESIAN_POINT('',(307.28913710091,338.1288167853,
    810.11110039786));
#11944 = CARTESIAN_POINT('',(307.57803206815,336.62504321286,
    814.19755580609));
#11945 = CARTESIAN_POINT('',(307.86726720968,333.32252229377,
    817.19121780437));
#11946 = CARTESIAN_POINT('',(308.15621400126,329.10800754384,
    818.28680243742));
#11947 = CARTESIAN_POINT('',(308.44532207422,325.07797351622,
    817.4335146993));
#11948 = CARTESIAN_POINT('',(308.73437669885,322.05170655606,
    815.11518029481));
#11949 = CARTESIAN_POINT('',(309.31250143166,318.77924906107,
    808.99284321273));
#11950 = CARTESIAN_POINT('',(309.6015560563,318.53292815114,
    805.1885966205));
#11951 = CARTESIAN_POINT('',(309.89066412926,320.06241212765,
    801.36368446554));
#11952 = CARTESIAN_POINT('',(310.17961092084,323.31481629168,
    798.46811760907));
#11953 = CARTESIAN_POINT('',(310.46884606236,327.63873754881,
    797.38536115383));
#11954 = CARTESIAN_POINT('',(310.75774102961,331.87195291505,
    798.40533195025));
#11955 = CARTESIAN_POINT('',(311.0469137406,335.02393127241,
    801.05790260696));
#11956 = CARTESIAN_POINT('',(311.33592727179,336.59999987074,
    804.52895931277));
#11957 = CARTESIAN_POINT('',(311.6250031305,336.59999999999,
    807.9999996797));
#11958 = ORIENTED_EDGE('',*,*,#11959,.T.);
#11959 = EDGE_CURVE('',#11818,#11960,#11962,.T.);
#11960 = VERTEX_POINT('',#11961);
#11961 = CARTESIAN_POINT('',(313.19186115648,335.,807.67604612008));
#11962 = B_SPLINE_CURVE_WITH_KNOTS('',7,(#11963,#11964,#11965,#11966,
    #11967,#11968,#11969,#11970,#11971,#11972,#11973,#11974,#11975,
    #11976,#11977,#11978,#11979,#11980,#11981,#11982,#11983,#11984,
    #11985,#11986,#11987,#11988,#11989,#11990,#11991,#11992,#11993,
    #11994,#11995,#11996,#11997,#11998,#11999,#12000,#12001,#12002,
    #12003,#12004,#12005,#12006,#12007,#12008,#12009,#12010,#12011,
    #12012),.UNSPECIFIED.,.F.,.F.,(8,6,6,6,6,6,6,6,8),(0.,0.20693671071,
    0.336068124847,0.540846076423,0.769825765173,0.843000100383,
    0.919976817453,0.96422217071,1.),.UNSPECIFIED.);
#11963 = CARTESIAN_POINT('',(311.491447625,336.45090764664,
    806.40558356658));
#11964 = CARTESIAN_POINT('',(311.57778895924,336.44954312314,
    806.39835139687));
#11965 = CARTESIAN_POINT('',(311.66457318953,336.44358987618,
    806.39657531023));
#11966 = CARTESIAN_POINT('',(311.7509899283,336.43306151206,
    806.4003196251));
#11967 = CARTESIAN_POINT('',(311.83631374747,336.41811103615,
    806.40945191979));
#11968 = CARTESIAN_POINT('',(311.91991696035,336.39898261667,
    806.42370260806));
#11969 = CARTESIAN_POINT('',(312.00127447716,336.37597923831,
    806.44270950039));
#11970 = CARTESIAN_POINT('',(312.12906206395,336.33288928557,
    806.4806104971));
#11971 = CARTESIAN_POINT('',(312.17713804718,336.31495282941,
    806.49686459508));
#11972 = CARTESIAN_POINT('',(312.22409835984,336.29571462755,
    806.51471208349));
#11973 = CARTESIAN_POINT('',(312.2698722991,336.27525372821,
    806.5340513713));
#11974 = CARTESIAN_POINT('',(312.31440652966,336.25364824718,
    806.55478002489));
#11975 = CARTESIAN_POINT('',(312.35766283002,336.23097313746,
    806.57679795545));
#11976 = CARTESIAN_POINT('',(312.46614536004,336.16975361235,
    806.6368214716));
#11977 = CARTESIAN_POINT('',(312.52938844192,336.1296994236,
    806.67663210247));
#11978 = CARTESIAN_POINT('',(312.58925850946,336.08740767373,
    806.71906819568));
#11979 = CARTESIAN_POINT('',(312.64572454946,336.04312778442,
    806.76378162769));
#11980 = CARTESIAN_POINT('',(312.69879895406,335.99708080907,
    806.81045480739));
#11981 = CARTESIAN_POINT('',(312.74852536446,335.94945392384,
    806.85880502887));
#11982 = CARTESIAN_POINT('',(312.84689632456,335.84553786176,
    806.96425633071));
#11983 = CARTESIAN_POINT('',(312.89470662729,335.78890300233,
    807.02170339495));
#11984 = CARTESIAN_POINT('',(312.93848939483,335.7306951507,
    807.08058385157));
#11985 = CARTESIAN_POINT('',(312.97834110796,335.67109265417,
    807.14059233949));
#11986 = CARTESIAN_POINT('',(313.01435628361,335.61021615162,
    807.20140380459));
#11987 = CARTESIAN_POINT('',(313.04663336626,335.54817464352,
    807.26274588098));
#11988 = CARTESIAN_POINT('',(313.08437782082,335.46466884238,
    807.34373433986));
#11989 = CARTESIAN_POINT('',(313.09314307452,335.44432002128,
    807.36335040632));
#11990 = CARTESIAN_POINT('',(313.10153477954,335.42384248525,
    807.38295171825));
#11991 = CARTESIAN_POINT('',(313.10955452032,335.40323268835,
    807.40251941596));
#11992 = CARTESIAN_POINT('',(313.11720308534,335.38248439115,
    807.42202949948));
#11993 = CARTESIAN_POINT('',(313.12448007069,335.36158655102,
    807.44144915648));
#11994 = CARTESIAN_POINT('',(313.13864562099,335.31836124858,
    807.48101908117));
#11995 = CARTESIAN_POINT('',(313.14549184879,335.29602335556,
    807.50114772816));
#11996 = CARTESIAN_POINT('',(313.15192297123,335.27347660326,
    807.52107244697));
#11997 = CARTESIAN_POINT('',(313.15793429264,335.25068904916,
    807.54072355927));
#11998 = CARTESIAN_POINT('',(313.16351314304,335.22761506289,
    807.55998217043));
#11999 = CARTESIAN_POINT('',(313.1686417433,335.20419681859,
    807.57868321493));
#12000 = CARTESIAN_POINT('',(313.17594012808,335.16654306692,
    807.60668552327));
#12001 = CARTESIAN_POINT('',(313.17841981859,335.15274522209,
    807.61652218668));
#12002 = CARTESIAN_POINT('',(313.18070707981,335.13889173071,
    807.62589663994));
#12003 = CARTESIAN_POINT('',(313.1827918077,335.12498302476,
    807.63471413325));
#12004 = CARTESIAN_POINT('',(313.18466107151,335.11101742138,
    807.6428520692));
#12005 = CARTESIAN_POINT('',(313.18629924755,335.09699161842,
    807.65016207131));
#12006 = CARTESIAN_POINT('',(313.18881325922,335.07151501754,
    807.66159861335));
#12007 = CARTESIAN_POINT('',(313.18978868126,335.05994627957,
    807.66612880312));
#12008 = CARTESIAN_POINT('',(313.19059934295,335.04820052101,
    807.66996497233));
#12009 = CARTESIAN_POINT('',(313.19122621491,335.03629235489,
    807.6729743547));
#12010 = CARTESIAN_POINT('',(313.19165115333,335.02425148959,
    807.67503065834));
#12011 = CARTESIAN_POINT('',(313.19186230063,335.01212775887,
    807.67605165399));
#12012 = CARTESIAN_POINT('',(313.19186115642,334.9999994,807.6760461198)
  );
#12013 = ORIENTED_EDGE('',*,*,#12014,.T.);
#12014 = EDGE_CURVE('',#11960,#12015,#12017,.T.);
#12015 = VERTEX_POINT('',#12016);
#12016 = CARTESIAN_POINT('',(313.225,335.,807.99999999999));
#12017 = B_SPLINE_CURVE_WITH_KNOTS('',6,(#12018,#12019,#12020,#12021,
    #12022,#12023,#12024),.UNSPECIFIED.,.F.,.F.,(7,7),(0.,1.),
  .PIECEWISE_BEZIER_KNOTS.);
#12018 = CARTESIAN_POINT('',(313.05384552943,335.,806.4));
#12019 = CARTESIAN_POINT('',(313.08629773073,335.,806.66483601903));
#12020 = CARTESIAN_POINT('',(313.11547720292,335.,806.93086409547));
#12021 = CARTESIAN_POINT('',(313.14305938868,335.,807.19768754961));
#12022 = CARTESIAN_POINT('',(313.17025921855,335.,807.46498018575));
#12023 = CARTESIAN_POINT('',(313.19762927517,335.,807.7324827507));
#12024 = CARTESIAN_POINT('',(313.225,335.,807.99999999999));
#12025 = ORIENTED_EDGE('',*,*,#12026,.F.);
#12026 = EDGE_CURVE('',#12027,#12015,#12029,.T.);
#12027 = VERTEX_POINT('',#12028);
#12028 = CARTESIAN_POINT('',(310.025,335.,808.));
#12029 = ( BOUNDED_CURVE() B_SPLINE_CURVE(6,(#12030,#12031,#12032,#12033
    ,#12034,#12035,#12036),.UNSPECIFIED.,.T.,.F.) 
B_SPLINE_CURVE_WITH_KNOTS((1,6,6,1),(-6.28318530718,0.,6.28318530718,
12.566370614359),.UNSPECIFIED.) CURVE() GEOMETRIC_REPRESENTATION_ITEM() 
RATIONAL_B_SPLINE_CURVE((1.669078461068,1.03672962321,1.038346699848,
    0.853534330196,1.038346699848,1.03672962321,1.669078461068)) 
REPRESENTATION_ITEM('') );
#12030 = CARTESIAN_POINT('',(311.6250031305,336.59999999999,
    807.9999996797));
#12031 = CARTESIAN_POINT('',(308.96653420959,336.60000520146,
    807.9999996797));
#12032 = CARTESIAN_POINT('',(308.58481688554,333.31272884343,
    808.00000033776));
#12033 = CARTESIAN_POINT('',(311.62499139387,330.60141292639,
    808.00000088052));
#12034 = CARTESIAN_POINT('',(314.66517651192,333.31271694681,
    808.00000033776));
#12035 = CARTESIAN_POINT('',(314.28347205141,336.59999479852,
    807.9999996797));
#12036 = CARTESIAN_POINT('',(311.6250031305,336.59999999999,
    807.9999996797));
#12037 = ORIENTED_EDGE('',*,*,#12038,.F.);
#12038 = EDGE_CURVE('',#11818,#12027,#12039,.T.);
#12039 = B_SPLINE_CURVE_WITH_KNOTS('',7,(#12040,#12041,#12042,#12043,
    #12044,#12045,#12046,#12047,#12048,#12049,#12050,#12051,#12052,
    #12053,#12054,#12055,#12056,#12057,#12058,#12059,#12060,#12061,
    #12062,#12063,#12064,#12065,#12066,#12067,#12068,#12069,#12070,
    #12071,#12072,#12073,#12074,#12075,#12076,#12077,#12078,#12079,
    #12080,#12081,#12082,#12083,#12084,#12085,#12086,#12087,#12088,
    #12089),.UNSPECIFIED.,.F.,.F.,(8,6,6,6,6,6,6,6,8),(0.,0.228659402501
    ,0.354308054005,0.552552137872,0.775988756778,0.850542776372,
    0.928746735817,0.967597211704,1.),.UNSPECIFIED.);
#12040 = CARTESIAN_POINT('',(311.49144762499,336.45090764664,
    806.40558356658));
#12041 = CARTESIAN_POINT('',(311.39471245643,336.45243643251,
    806.4136863503));
#12042 = CARTESIAN_POINT('',(311.29831377785,336.44820861602,
    806.42865631269));
#12043 = CARTESIAN_POINT('',(311.20342683034,336.43815927818,
    806.45045522649));
#12044 = CARTESIAN_POINT('',(311.11105454956,336.42245829369,
    806.47874771657));
#12045 = CARTESIAN_POINT('',(311.02201871736,336.40142861849,
    806.51300362046));
#12046 = CARTESIAN_POINT('',(310.93696125426,336.37549398786,
    806.55257148056));
#12047 = CARTESIAN_POINT('',(310.81206276537,336.32848527324,
    806.62098458001));
#12048 = CARTESIAN_POINT('',(310.76909421244,336.31047732664,
    806.64664111114));
#12049 = CARTESIAN_POINT('',(310.72751420401,336.29120713241,
    806.67358297846));
#12050 = CARTESIAN_POINT('',(310.68736805416,336.27075074087,
    806.70170070804));
#12051 = CARTESIAN_POINT('',(310.64868487646,336.24918322521,
    806.7308875933));
#12052 = CARTESIAN_POINT('',(310.61148027946,336.22657660122,
    806.76104215348));
#12053 = CARTESIAN_POINT('',(310.51939936499,336.16579584874,
    806.84102618599));
#12054 = CARTESIAN_POINT('',(310.46673945171,336.12617849964,
    806.89215120323));
#12055 = CARTESIAN_POINT('',(310.41778571719,336.08440362581,
    806.9450824959));
#12056 = CARTESIAN_POINT('',(310.37249897544,336.04070781187,
    806.99949162383));
#12057 = CARTESIAN_POINT('',(310.33080629107,335.99530112073,
    807.05508643437));
#12058 = CARTESIAN_POINT('',(310.29261281059,335.94836191345,
    807.11161264225));
#12059 = CARTESIAN_POINT('',(310.21859214907,335.84555969591,
    807.2333724941));
#12060 = CARTESIAN_POINT('',(310.18369099803,335.78933292692,
    807.29878549829));
#12061 = CARTESIAN_POINT('',(310.15295467469,335.73155202725,
    807.3647826271));
#12062 = CARTESIAN_POINT('',(310.1262313152,335.67239162568,
    807.43109116225));
#12063 = CARTESIAN_POINT('',(310.10336723357,335.61197108464,
    807.4974205634));
#12064 = CARTESIAN_POINT('',(310.08421532522,335.55039680297,
    807.56352897367));
#12065 = CARTESIAN_POINT('',(310.06341215389,335.46664532661,
    807.6507907193));
#12066 = CARTESIAN_POINT('',(310.05860331879,335.4455565281,
    807.67254627391));
#12067 = CARTESIAN_POINT('',(310.05418434059,335.42432943157,
    807.69420710348));
#12068 = CARTESIAN_POINT('',(310.05014931943,335.40296029234,
    807.71575333123));
#12069 = CARTESIAN_POINT('',(310.04649206214,335.38144230899,
    807.73715911544));
#12070 = CARTESIAN_POINT('',(310.04320565364,335.35976310262,
    807.75838822212));
#12071 = CARTESIAN_POINT('',(310.0372152707,335.31497104535,
    807.80141913731));
#12072 = CARTESIAN_POINT('',(310.03454905642,335.29185023855,
    807.82318781849));
#12073 = CARTESIAN_POINT('',(310.03227159046,335.26850241474,
    807.84464609521));
#12074 = CARTESIAN_POINT('',(310.030372299,335.2448905922,
    807.86571585552));
#12075 = CARTESIAN_POINT('',(310.02883808579,335.2209619028,
    807.88625605456));
#12076 = CARTESIAN_POINT('',(310.02765044922,335.19665148084,
    807.9060714506));
#12077 = CARTESIAN_POINT('',(310.02633623319,335.1594248043,
    807.93396906372));
#12078 = CARTESIAN_POINT('',(310.02597667093,335.14693904407,
    807.94293112435));
#12079 = CARTESIAN_POINT('',(310.02568908934,335.13429634856,
    807.95154649004));
#12080 = CARTESIAN_POINT('',(310.02546784238,335.1214736147,
    807.95973801969));
#12081 = CARTESIAN_POINT('',(310.0253057145,335.1084499188,
    807.96739752827));
#12082 = CARTESIAN_POINT('',(310.02519335059,335.09520505538,
    807.9743823721));
#12083 = CARTESIAN_POINT('',(310.02505641268,335.07046941744,
    807.98562440752));
#12084 = CARTESIAN_POINT('',(310.02502037712,335.05904867143,
    807.99014316885));
#12085 = CARTESIAN_POINT('',(310.02500419301,335.04746138285,
    807.99396123102));
#12086 = CARTESIAN_POINT('',(310.02499988221,335.0357227656,
    807.99694828329));
#12087 = CARTESIAN_POINT('',(310.02500003995,335.02386263465,
    807.99898546184));
#12088 = CARTESIAN_POINT('',(310.025,335.01193033814,808.00000002024));
#12089 = CARTESIAN_POINT('',(310.025,334.99999968947,808.));
#12090 = ORIENTED_EDGE('',*,*,#11817,.F.);
#12091 = ( BOUNDED_SURFACE() B_SPLINE_SURFACE(6,9,(
    (#12092,#12093,#12094,#12095,#12096,#12097,#12098,#12099,#12100
      ,#12101,#12102,#12103,#12104,#12105,#12106,#12107,#12108,#12109
      ,#12110,#12111,#12112,#12113,#12114,#12115,#12116,#12117,#12118
      ,#12119,#12120,#12121,#12122,#12123,#12124,#12125,#12126,#12127
      ,#12128,#12129,#12130,#12131,#12132,#12133,#12134,#12135,#12136
      ,#12137,#12138,#12139,#12140,#12141,#12142,#12143,#12144,#12145
      ,#12146,#12147,#12148,#12149,#12150,#12151,#12152,#12153,#12154
      ,#12155,#12156,#12157,#12158,#12159,#12160,#12161,#12162,#12163
      ,#12164,#12165,#12166,#12167,#12168,#12169,#12170,#12171,#12172
      ,#12173,#12174,#12175,#12176,#12177,#12178,#12179,#12180,#12181
      ,#12182,#12183,#12184,#12185,#12186,#12187,#12188,#12189,#12190
      ,#12191,#12192,#12193,#12194,#12195,#12196,#12197,#12198,#12199
      ,#12200,#12201,#12202,#12203,#12204,#12205,#12206,#12207,#12208
      ,#12209,#12210,#12211,#12212,#12213,#12214,#12215,#12216,#12217
      ,#12218,#12219,#12220,#12221,#12222,#12223,#12224,#12225,#12226
      ,#12227,#12228)
    ,(#12229,#12230,#12231,#12232,#12233,#12234,#12235,#12236,#12237
      ,#12238,#12239,#12240,#12241,#12242,#12243,#12244,#12245,#12246
      ,#12247,#12248,#12249,#12250,#12251,#12252,#12253,#12254,#12255
      ,#12256,#12257,#12258,#12259,#12260,#12261,#12262,#12263,#12264
      ,#12265,#12266,#12267,#12268,#12269,#12270,#12271,#12272,#12273
      ,#12274,#12275,#12276,#12277,#12278,#12279,#12280,#12281,#12282
      ,#12283,#12284,#12285,#12286,#12287,#12288,#12289,#12290,#12291
      ,#12292,#12293,#12294,#12295,#12296,#12297,#12298,#12299,#12300
      ,#12301,#12302,#12303,#12304,#12305,#12306,#12307,#12308,#12309
      ,#12310,#12311,#12312,#12313,#12314,#12315,#12316,#12317,#12318
      ,#12319,#12320,#12321,#12322,#12323,#12324,#12325,#12326,#12327
      ,#12328,#12329,#12330,#12331,#12332,#12333,#12334,#12335,#12336
      ,#12337,#12338,#12339,#12340,#12341,#12342,#12343,#12344,#12345
      ,#12346,#12347,#12348,#12349,#12350,#12351,#12352,#12353,#12354
      ,#12355,#12356,#12357,#12358,#12359,#12360,#12361,#12362,#12363
      ,#12364,#12365)
    ,(#12366,#12367,#12368,#12369,#12370,#12371,#12372,#12373,#12374
      ,#12375,#12376,#12377,#12378,#12379,#12380,#12381,#12382,#12383
      ,#12384,#12385,#12386,#12387,#12388,#12389,#12390,#12391,#12392
      ,#12393,#12394,#12395,#12396,#12397,#12398,#12399,#12400,#12401
      ,#12402,#12403,#12404,#12405,#12406,#12407,#12408,#12409,#12410
      ,#12411,#12412,#12413,#12414,#12415,#12416,#12417,#12418,#12419
      ,#12420,#12421,#12422,#12423,#12424,#12425,#12426,#12427,#12428
      ,#12429,#12430,#12431,#12432,#12433,#12434,#12435,#12436,#12437
      ,#12438,#12439,#12440,#12441,#12442,#12443,#12444,#12445,#12446
      ,#12447,#12448,#12449,#12450,#12451,#12452,#12453,#12454,#12455
      ,#12456,#12457,#12458,#12459,#12460,#12461,#12462,#12463,#12464
      ,#12465,#12466,#12467,#12468,#12469,#12470,#12471,#12472,#12473
      ,#12474,#12475,#12476,#12477,#12478,#12479,#12480,#12481,#12482
      ,#12483,#12484,#12485,#12486,#12487,#12488,#12489,#12490,#12491
      ,#12492,#12493,#12494,#12495,#12496,#12497,#12498,#12499,#12500
      ,#12501,#12502)
    ,(#12503,#12504,#12505,#12506,#12507,#12508,#12509,#12510,#12511
      ,#12512,#12513,#12514,#12515,#12516,#12517,#12518,#12519,#12520
      ,#12521,#12522,#12523,#12524,#12525,#12526,#12527,#12528,#12529
      ,#12530,#12531,#12532,#12533,#12534,#12535,#12536,#12537,#12538
      ,#12539,#12540,#12541,#12542,#12543,#12544,#12545,#12546,#12547
      ,#12548,#12549,#12550,#12551,#12552,#12553,#12554,#12555,#12556
      ,#12557,#12558,#12559,#12560,#12561,#12562,#12563,#12564,#12565
      ,#12566,#12567,#12568,#12569,#12570,#12571,#12572,#12573,#12574
      ,#12575,#12576,#12577,#12578,#12579,#12580,#12581,#12582,#12583
      ,#12584,#12585,#12586,#12587,#12588,#12589,#12590,#12591,#12592
      ,#12593,#12594,#12595,#12596,#12597,#12598,#12599,#12600,#12601
      ,#12602,#12603,#12604,#12605,#12606,#12607,#12608,#12609,#12610
      ,#12611,#12612,#12613,#12614,#12615,#12616,#12617,#12618,#12619
      ,#12620,#12621,#12622,#12623,#12624,#12625,#12626,#12627,#12628
      ,#12629,#12630,#12631,#12632,#12633,#12634,#12635,#12636,#12637
      ,#12638,#12639)
    ,(#12640,#12641,#12642,#12643,#12644,#12645,#12646,#12647,#12648
      ,#12649,#12650,#12651,#12652,#12653,#12654,#12655,#12656,#12657
      ,#12658,#12659,#12660,#12661,#12662,#12663,#12664,#12665,#12666
      ,#12667,#12668,#12669,#12670,#12671,#12672,#12673,#12674,#12675
      ,#12676,#12677,#12678,#12679,#12680,#12681,#12682,#12683,#12684
      ,#12685,#12686,#12687,#12688,#12689,#12690,#12691,#12692,#12693
      ,#12694,#12695,#12696,#12697,#12698,#12699,#12700,#12701,#12702
      ,#12703,#12704,#12705,#12706,#12707,#12708,#12709,#12710,#12711
      ,#12712,#12713,#12714,#12715,#12716,#12717,#12718,#12719,#12720
      ,#12721,#12722,#12723,#12724,#12725,#12726,#12727,#12728,#12729
      ,#12730,#12731,#12732,#12733,#12734,#12735,#12736,#12737,#12738
      ,#12739,#12740,#12741,#12742,#12743,#12744,#12745,#12746,#12747
      ,#12748,#12749,#12750,#12751,#12752,#12753,#12754,#12755,#12756
      ,#12757,#12758,#12759,#12760,#12761,#12762,#12763,#12764,#12765
      ,#12766,#12767,#12768,#12769,#12770,#12771,#12772,#12773,#12774
      ,#12775,#12776)
    ,(#12777,#12778,#12779,#12780,#12781,#12782,#12783,#12784,#12785
      ,#12786,#12787,#12788,#12789,#12790,#12791,#12792,#12793,#12794
      ,#12795,#12796,#12797,#12798,#12799,#12800,#12801,#12802,#12803
      ,#12804,#12805,#12806,#12807,#12808,#12809,#12810,#12811,#12812
      ,#12813,#12814,#12815,#12816,#12817,#12818,#12819,#12820,#12821
      ,#12822,#12823,#12824,#12825,#12826,#12827,#12828,#12829,#12830
      ,#12831,#12832,#12833,#12834,#12835,#12836,#12837,#12838,#12839
      ,#12840,#12841,#12842,#12843,#12844,#12845,#12846,#12847,#12848
      ,#12849,#12850,#12851,#12852,#12853,#12854,#12855,#12856,#12857
      ,#12858,#12859,#12860,#12861,#12862,#12863,#12864,#12865,#12866
      ,#12867,#12868,#12869,#12870,#12871,#12872,#12873,#12874,#12875
      ,#12876,#12877,#12878,#12879,#12880,#12881,#12882,#12883,#12884
      ,#12885,#12886,#12887,#12888,#12889,#12890,#12891,#12892,#12893
      ,#12894,#12895,#12896,#12897,#12898,#12899,#12900,#12901,#12902
      ,#12903,#12904,#12905,#12906,#12907,#12908,#12909,#12910,#12911
      ,#12912,#12913)
    ,(#12914,#12915,#12916,#12917,#12918,#12919,#12920,#12921,#12922
      ,#12923,#12924,#12925,#12926,#12927,#12928,#12929,#12930,#12931
      ,#12932,#12933,#12934,#12935,#12936,#12937,#12938,#12939,#12940
      ,#12941,#12942,#12943,#12944,#12945,#12946,#12947,#12948,#12949
      ,#12950,#12951,#12952,#12953,#12954,#12955,#12956,#12957,#12958
      ,#12959,#12960,#12961,#12962,#12963,#12964,#12965,#12966,#12967
      ,#12968,#12969,#12970,#12971,#12972,#12973,#12974,#12975,#12976
      ,#12977,#12978,#12979,#12980,#12981,#12982,#12983,#12984,#12985
      ,#12986,#12987,#12988,#12989,#12990,#12991,#12992,#12993,#12994
      ,#12995,#12996,#12997,#12998,#12999,#13000,#13001,#13002,#13003
      ,#13004,#13005,#13006,#13007,#13008,#13009,#13010,#13011,#13012
      ,#13013,#13014,#13015,#13016,#13017,#13018,#13019,#13020,#13021
      ,#13022,#13023,#13024,#13025,#13026,#13027,#13028,#13029,#13030
      ,#13031,#13032,#13033,#13034,#13035,#13036,#13037,#13038,#13039
      ,#13040,#13041,#13042,#13043,#13044,#13045,#13046,#13047,#13048
      ,#13049,#13050
)),.UNSPECIFIED.,.T.,.F.,.F.) B_SPLINE_SURFACE_WITH_KNOTS((1,6,6,1),(10,
    8,9,8,9,8,9,8,9,8,9,8,9,8,9,8,10),(-6.28318530718,0.,6.28318530718,
    12.566370614359),(0.,4.46799063971,8.93598127942,13.403971919129,
    17.871962558839,22.339953198549,26.807943838259,31.275934477969,
    35.743925117679,40.211915757388,44.679906397098,49.147897036808,
    53.615887676518,58.083878316228,62.551868955937,67.019859595647,
71.487850235357),.UNSPECIFIED.) GEOMETRIC_REPRESENTATION_ITEM() 
RATIONAL_B_SPLINE_SURFACE((
    (1.669078461068,1.669078461068,1.669078461068,1.669078461068
      ,1.669078461068,1.669078461068,1.669078461068,1.669078461068
      ,1.669078461068,1.669078461068,1.669078461068,1.669078461068
      ,1.669078461068,1.669078461068,1.669078461068,1.669078461068
      ,1.669078461068,1.669078461068,1.669078461068,1.669078461068
      ,1.669078461068,1.669078461068,1.669078461068,1.669078461068
      ,1.669078461068,1.669078461068,1.669078461068,1.669078461068
      ,1.669078461068,1.669078461069,1.669078461068,1.669078461068
      ,1.669078461068,1.669078461068,1.669078461068,1.669078461068
      ,1.669078461068,1.669078461068,1.669078461068,1.669078461068
      ,1.669078461068,1.669078461068,1.669078461068,1.669078461068
      ,1.669078461068,1.669078461069,1.669078461068,1.669078461069
      ,1.669078461068,1.669078461068,1.669078461068,1.669078461068
      ,1.669078461068,1.669078461068,1.669078461068,1.669078461068
      ,1.669078461068,1.669078461068,1.669078461068,1.669078461068
      ,1.669078461068,1.669078461068,1.669078461068,1.669078461068
      ,1.669078461068,1.669078461068,1.669078461068,1.669078461068
      ,1.669078461068,1.669078461068,1.669078461068,1.669078461069
      ,1.669078461068,1.669078461069,1.669078461068,1.669078461068
      ,1.669078461068,1.669078461068,1.669078461068,1.669078461068
      ,1.669078461068,1.669078461068,1.669078461068,1.669078461068
      ,1.669078461068,1.669078461068,1.669078461068,1.669078461068
      ,1.669078461068,1.669078461068,1.669078461068,1.669078461068
      ,1.669078461068,1.669078461068,1.669078461068,1.669078461068
      ,1.669078461068,1.669078461068,1.669078461068,1.669078461068
      ,1.669078461068,1.669078461068,1.669078461068,1.669078461068
      ,1.669078461068,1.669078461068,1.669078461068,1.669078461068
      ,1.669078461068,1.669078461068,1.669078461068,1.669078461068
      ,1.669078461068,1.669078461068,1.669078461069,1.669078461068
      ,1.669078461069,1.669078461068,1.669078461068,1.669078461068
      ,1.669078461068,1.669078461068,1.669078461068,1.669078461068
      ,1.669078461068,1.669078461068,1.669078461068,1.669078461068
      ,1.669078461068,1.669078461068,1.669078461068,1.669078461068
      ,1.669078461069,1.669078461068,1.669078461068,1.669078461068
      ,1.669078461068)
    ,(1.03672962321,1.03672962321,1.03672962321,1.03672962321
      ,1.03672962321,1.03672962321,1.03672962321,1.03672962321
      ,1.03672962321,1.03672962321,1.03672962321,1.03672962321
      ,1.03672962321,1.03672962321,1.03672962321,1.03672962321
      ,1.03672962321,1.03672962321,1.03672962321,1.03672962321
      ,1.03672962321,1.03672962321,1.03672962321,1.03672962321
      ,1.03672962321,1.03672962321,1.03672962321,1.03672962321
      ,1.03672962321,1.03672962321,1.036729623209,1.03672962321
      ,1.03672962321,1.03672962321,1.03672962321,1.03672962321
      ,1.03672962321,1.03672962321,1.03672962321,1.03672962321
      ,1.03672962321,1.03672962321,1.03672962321,1.03672962321
      ,1.03672962321,1.03672962321,1.036729623209,1.03672962321
      ,1.036729623209,1.03672962321,1.03672962321,1.03672962321
      ,1.03672962321,1.03672962321,1.03672962321,1.03672962321
      ,1.03672962321,1.03672962321,1.03672962321,1.03672962321
      ,1.03672962321,1.03672962321,1.03672962321,1.036729623209
      ,1.03672962321,1.03672962321,1.03672962321,1.03672962321
      ,1.03672962321,1.03672962321,1.03672962321,1.03672962321
      ,1.036729623209,1.03672962321,1.036729623209,1.03672962321
      ,1.03672962321,1.03672962321,1.03672962321,1.03672962321
      ,1.03672962321,1.03672962321,1.03672962321,1.03672962321
      ,1.03672962321,1.03672962321,1.03672962321,1.03672962321
      ,1.03672962321,1.036729623209,1.03672962321,1.03672962321
      ,1.03672962321,1.03672962321,1.03672962321,1.03672962321
      ,1.03672962321,1.03672962321,1.03672962321,1.03672962321
      ,1.03672962321,1.03672962321,1.03672962321,1.03672962321
      ,1.03672962321,1.03672962321,1.03672962321,1.03672962321
      ,1.03672962321,1.03672962321,1.03672962321,1.03672962321
      ,1.03672962321,1.036729623209,1.03672962321,1.036729623209
      ,1.03672962321,1.03672962321,1.03672962321,1.03672962321
      ,1.03672962321,1.03672962321,1.03672962321,1.036729623209
      ,1.03672962321,1.03672962321,1.03672962321,1.03672962321
      ,1.03672962321,1.03672962321,1.03672962321,1.036729623209
      ,1.03672962321,1.03672962321,1.03672962321,1.03672962321
      ,1.03672962321)
    ,(1.038346699848,1.038346699847,1.038346699848,1.038346699847
      ,1.038346699848,1.038346699847,1.038346699848,1.038346699847
      ,1.038346699848,1.038346699847,1.038346699848,1.038346699847
      ,1.038346699848,1.038346699847,1.038346699848,1.038346699847
      ,1.038346699848,1.038346699848,1.038346699848,1.038346699848
      ,1.038346699847,1.038346699848,1.038346699847,1.038346699848
      ,1.038346699847,1.038346699848,1.038346699847,1.038346699848
      ,1.038346699847,1.038346699848,1.038346699847,1.038346699848
      ,1.038346699847,1.038346699848,1.038346699848,1.038346699847
      ,1.038346699848,1.038346699847,1.038346699848,1.038346699847
      ,1.038346699848,1.038346699847,1.038346699848,1.038346699848
      ,1.038346699847,1.038346699848,1.038346699847,1.038346699848
      ,1.038346699847,1.038346699848,1.038346699847,1.038346699848
      ,1.038346699848,1.038346699847,1.038346699848,1.038346699847
      ,1.038346699848,1.038346699847,1.038346699848,1.038346699847
      ,1.038346699848,1.038346699847,1.038346699848,1.038346699847
      ,1.038346699848,1.038346699847,1.038346699848,1.038346699847
      ,1.038346699848,1.038346699848,1.038346699847,1.038346699848
      ,1.038346699847,1.038346699848,1.038346699847,1.038346699848
      ,1.038346699848,1.038346699848,1.038346699847,1.038346699848
      ,1.038346699847,1.038346699848,1.038346699847,1.038346699848
      ,1.038346699848,1.038346699848,1.038346699848,1.038346699847
      ,1.038346699848,1.038346699847,1.038346699848,1.038346699847
      ,1.038346699848,1.038346699848,1.038346699848,1.038346699848
      ,1.038346699847,1.038346699848,1.038346699847,1.038346699848
      ,1.038346699847,1.038346699848,1.038346699848,1.038346699848
      ,1.038346699848,1.038346699848,1.038346699847,1.038346699848
      ,1.038346699847,1.038346699848,1.038346699848,1.038346699847
      ,1.038346699848,1.038346699847,1.038346699848,1.038346699847
      ,1.038346699848,1.038346699847,1.038346699848,1.038346699848
      ,1.038346699848,1.038346699847,1.038346699848,1.038346699847
      ,1.038346699848,1.038346699847,1.038346699848,1.038346699847
      ,1.038346699848,1.038346699847,1.038346699848,1.038346699847
      ,1.038346699848,1.038346699847,1.038346699848,1.038346699848
      ,1.038346699848)
    ,(0.853534330196,0.853534330196,0.853534330196,0.853534330196
      ,0.853534330196,0.853534330196,0.853534330196,0.853534330196
      ,0.853534330196,0.853534330196,0.853534330196,0.853534330196
      ,0.853534330196,0.853534330196,0.853534330196,0.853534330196
      ,0.853534330196,0.853534330196,0.853534330196,0.853534330196
      ,0.853534330196,0.853534330196,0.853534330196,0.853534330196
      ,0.853534330196,0.853534330196,0.853534330196,0.853534330196
      ,0.853534330196,0.853534330196,0.853534330196,0.853534330196
      ,0.853534330196,0.853534330196,0.853534330196,0.853534330196
      ,0.853534330196,0.853534330196,0.853534330196,0.853534330196
      ,0.853534330196,0.853534330196,0.853534330196,0.853534330196
      ,0.853534330196,0.853534330196,0.853534330196,0.853534330196
      ,0.853534330196,0.853534330196,0.853534330196,0.853534330196
      ,0.853534330196,0.853534330196,0.853534330196,0.853534330196
      ,0.853534330196,0.853534330196,0.853534330196,0.853534330196
      ,0.853534330196,0.853534330196,0.853534330196,0.853534330196
      ,0.853534330196,0.853534330196,0.853534330196,0.853534330196
      ,0.853534330196,0.853534330196,0.853534330196,0.853534330196
      ,0.853534330196,0.853534330196,0.853534330196,0.853534330196
      ,0.853534330196,0.853534330196,0.853534330196,0.853534330196
      ,0.853534330196,0.853534330196,0.853534330196,0.853534330196
      ,0.853534330196,0.853534330196,0.853534330196,0.853534330196
      ,0.853534330196,0.853534330196,0.853534330196,0.853534330196
      ,0.853534330196,0.853534330196,0.853534330196,0.853534330196
      ,0.853534330196,0.853534330196,0.853534330196,0.853534330196
      ,0.853534330196,0.853534330196,0.853534330196,0.853534330196
      ,0.853534330196,0.853534330196,0.853534330196,0.853534330196
      ,0.853534330196,0.853534330196,0.853534330196,0.853534330196
      ,0.853534330196,0.853534330196,0.853534330196,0.853534330196
      ,0.853534330196,0.853534330196,0.853534330196,0.853534330196
      ,0.853534330196,0.853534330196,0.853534330196,0.853534330196
      ,0.853534330196,0.853534330196,0.853534330196,0.853534330196
      ,0.853534330196,0.853534330196,0.853534330196,0.853534330196
      ,0.853534330196,0.853534330196,0.853534330196,0.853534330196
      ,0.853534330196)
    ,(1.038346699848,1.038346699847,1.038346699848,1.038346699847
      ,1.038346699848,1.038346699847,1.038346699848,1.038346699848
      ,1.038346699848,1.038346699848,1.038346699848,1.038346699847
      ,1.038346699848,1.038346699847,1.038346699848,1.038346699848
      ,1.038346699848,1.038346699848,1.038346699848,1.038346699848
      ,1.038346699847,1.038346699848,1.038346699847,1.038346699848
      ,1.038346699847,1.038346699848,1.038346699847,1.038346699848
      ,1.038346699847,1.038346699848,1.038346699847,1.038346699848
      ,1.038346699847,1.038346699848,1.038346699848,1.038346699847
      ,1.038346699848,1.038346699847,1.038346699848,1.038346699847
      ,1.038346699848,1.038346699847,1.038346699848,1.038346699848
      ,1.038346699847,1.038346699848,1.038346699847,1.038346699848
      ,1.038346699847,1.038346699848,1.038346699847,1.038346699848
      ,1.038346699848,1.038346699847,1.038346699848,1.038346699847
      ,1.038346699848,1.038346699847,1.038346699848,1.038346699847
      ,1.038346699848,1.038346699847,1.038346699848,1.038346699847
      ,1.038346699848,1.038346699847,1.038346699848,1.038346699847
      ,1.038346699848,1.038346699848,1.038346699847,1.038346699848
      ,1.038346699847,1.038346699848,1.038346699847,1.038346699848
      ,1.038346699848,1.038346699848,1.038346699847,1.038346699848
      ,1.038346699847,1.038346699848,1.038346699847,1.038346699848
      ,1.038346699847,1.038346699848,1.038346699848,1.038346699847
      ,1.038346699848,1.038346699847,1.038346699848,1.038346699847
      ,1.038346699848,1.038346699848,1.038346699848,1.038346699848
      ,1.038346699847,1.038346699848,1.038346699847,1.038346699848
      ,1.038346699847,1.038346699848,1.038346699848,1.038346699848
      ,1.038346699848,1.038346699847,1.038346699848,1.038346699847
      ,1.038346699848,1.038346699847,1.038346699848,1.038346699847
      ,1.038346699848,1.038346699847,1.038346699848,1.038346699847
      ,1.038346699848,1.038346699847,1.038346699848,1.038346699848
      ,1.038346699848,1.038346699847,1.038346699848,1.038346699847
      ,1.038346699848,1.038346699847,1.038346699848,1.038346699848
      ,1.038346699848,1.038346699847,1.038346699848,1.038346699847
      ,1.038346699848,1.038346699848,1.038346699848,1.038346699848
      ,1.038346699848)
    ,(1.03672962321,1.03672962321,1.03672962321,1.03672962321
      ,1.03672962321,1.03672962321,1.03672962321,1.03672962321
      ,1.03672962321,1.03672962321,1.03672962321,1.03672962321
      ,1.03672962321,1.03672962321,1.03672962321,1.03672962321
      ,1.03672962321,1.03672962321,1.03672962321,1.03672962321
      ,1.03672962321,1.03672962321,1.03672962321,1.03672962321
      ,1.03672962321,1.03672962321,1.03672962321,1.03672962321
      ,1.03672962321,1.03672962321,1.036729623209,1.03672962321
      ,1.03672962321,1.03672962321,1.03672962321,1.03672962321
      ,1.03672962321,1.03672962321,1.03672962321,1.03672962321
      ,1.03672962321,1.03672962321,1.03672962321,1.03672962321
      ,1.03672962321,1.03672962321,1.036729623209,1.03672962321
      ,1.036729623209,1.03672962321,1.03672962321,1.03672962321
      ,1.03672962321,1.03672962321,1.03672962321,1.03672962321
      ,1.03672962321,1.03672962321,1.03672962321,1.03672962321
      ,1.03672962321,1.03672962321,1.03672962321,1.036729623209
      ,1.03672962321,1.036729623209,1.03672962321,1.03672962321
      ,1.03672962321,1.03672962321,1.03672962321,1.03672962321
      ,1.036729623209,1.03672962321,1.03672962321,1.03672962321
      ,1.03672962321,1.03672962321,1.03672962321,1.03672962321
      ,1.036729623209,1.03672962321,1.03672962321,1.03672962321
      ,1.03672962321,1.03672962321,1.03672962321,1.03672962321
      ,1.03672962321,1.036729623209,1.03672962321,1.036729623209
      ,1.03672962321,1.03672962321,1.03672962321,1.03672962321
      ,1.03672962321,1.03672962321,1.03672962321,1.03672962321
      ,1.03672962321,1.03672962321,1.03672962321,1.03672962321
      ,1.03672962321,1.03672962321,1.03672962321,1.03672962321
      ,1.03672962321,1.03672962321,1.03672962321,1.03672962321
      ,1.03672962321,1.036729623209,1.03672962321,1.036729623209
      ,1.03672962321,1.03672962321,1.03672962321,1.03672962321
      ,1.03672962321,1.03672962321,1.03672962321,1.036729623209
      ,1.03672962321,1.036729623209,1.03672962321,1.03672962321
      ,1.03672962321,1.03672962321,1.03672962321,1.03672962321
      ,1.03672962321,1.03672962321,1.03672962321,1.03672962321
      ,1.03672962321)
    ,(1.669078461068,1.669078461068,1.669078461068,1.669078461068
      ,1.669078461068,1.669078461068,1.669078461068,1.669078461068
      ,1.669078461068,1.669078461068,1.669078461068,1.669078461068
      ,1.669078461068,1.669078461068,1.669078461068,1.669078461068
      ,1.669078461068,1.669078461068,1.669078461068,1.669078461068
      ,1.669078461068,1.669078461068,1.669078461068,1.669078461068
      ,1.669078461068,1.669078461068,1.669078461068,1.669078461068
      ,1.669078461068,1.669078461069,1.669078461068,1.669078461068
      ,1.669078461068,1.669078461068,1.669078461068,1.669078461068
      ,1.669078461068,1.669078461068,1.669078461068,1.669078461068
      ,1.669078461068,1.669078461068,1.669078461068,1.669078461068
      ,1.669078461068,1.669078461069,1.669078461068,1.669078461069
      ,1.669078461068,1.669078461068,1.669078461068,1.669078461068
      ,1.669078461068,1.669078461068,1.669078461068,1.669078461068
      ,1.669078461068,1.669078461068,1.669078461068,1.669078461068
      ,1.669078461068,1.669078461068,1.669078461068,1.669078461068
      ,1.669078461068,1.669078461068,1.669078461068,1.669078461068
      ,1.669078461068,1.669078461068,1.669078461068,1.669078461069
      ,1.669078461068,1.669078461069,1.669078461068,1.669078461068
      ,1.669078461068,1.669078461068,1.669078461068,1.669078461068
      ,1.669078461068,1.669078461068,1.669078461068,1.669078461068
      ,1.669078461068,1.669078461068,1.669078461068,1.669078461068
      ,1.669078461068,1.669078461068,1.669078461068,1.669078461068
      ,1.669078461068,1.669078461068,1.669078461068,1.669078461068
      ,1.669078461068,1.669078461068,1.669078461068,1.669078461068
      ,1.669078461068,1.669078461068,1.669078461068,1.669078461068
      ,1.669078461068,1.669078461068,1.669078461068,1.669078461068
      ,1.669078461068,1.669078461068,1.669078461068,1.669078461068
      ,1.669078461068,1.669078461068,1.669078461069,1.669078461068
      ,1.669078461069,1.669078461068,1.669078461068,1.669078461068
      ,1.669078461068,1.669078461068,1.669078461068,1.669078461068
      ,1.669078461068,1.669078461068,1.669078461068,1.669078461068
      ,1.669078461068,1.669078461068,1.669078461068,1.669078461068
      ,1.669078461069,1.669078461068,1.669078461068,1.669078461068
,1.669078461068))) REPRESENTATION_ITEM('') SURFACE() );
#12092 = CARTESIAN_POINT('',(270.,328.,799.4));
#12093 = CARTESIAN_POINT('',(270.28907585876,331.47104036692,799.4));
#12094 = CARTESIAN_POINT('',(270.57808938988,334.94209713143,
    800.97606846897));
#12095 = CARTESIAN_POINT('',(270.86726210092,337.59466790553,
    804.12804672771));
#12096 = CARTESIAN_POINT('',(271.15615706816,338.61463885963,
    808.36126205573));
#12097 = CARTESIAN_POINT('',(271.44539220968,337.53188256539,
    812.68518335339));
#12098 = CARTESIAN_POINT('',(271.73433900126,334.63631583009,
    815.93758762515));
#12099 = CARTESIAN_POINT('',(272.02344707422,330.81140373208,
    817.46707174416));
#12100 = CARTESIAN_POINT('',(272.31250169885,327.00715713068,
    817.2207509759));
#12101 = CARTESIAN_POINT('',(272.89062643166,320.88481992672,
    813.94829370892));
#12102 = CARTESIAN_POINT('',(273.1796810563,318.56648540952,
    810.9220268351));
#12103 = CARTESIAN_POINT('',(273.46878912926,317.71319752129,
    806.89199283928));
#12104 = CARTESIAN_POINT('',(273.75773592084,318.80878199742,
    802.67747804849));
#12105 = CARTESIAN_POINT('',(274.04697106236,321.80244387261,
    799.374957018));
#12106 = CARTESIAN_POINT('',(274.3358660296,325.88889922497,
    797.87118329328));
#12107 = CARTESIAN_POINT('',(274.62503874063,329.98336274562,
    798.3255698383));
#12108 = CARTESIAN_POINT('',(274.91405227176,333.22223167491,
    800.33603121335));
#12109 = CARTESIAN_POINT('',(275.20312813052,335.15063848785,
    803.22209572971));
#12110 = CARTESIAN_POINT('',(275.49219513996,337.07904569635,
    806.1081610707));
#12111 = CARTESIAN_POINT('',(275.78122254268,337.69700768446,
    809.86985483947));
#12112 = CARTESIAN_POINT('',(276.07037783865,336.54992389667,
    813.8265336098));
#12113 = CARTESIAN_POINT('',(276.35929048773,333.59679848464,
    817.02645538558));
#12114 = CARTESIAN_POINT('',(276.64851115668,329.40004297563,
    818.52841962347));
#12115 = CARTESIAN_POINT('',(276.93746732412,325.08707643793,
    817.92778207421));
#12116 = CARTESIAN_POINT('',(277.22657080347,321.69034982602,
    815.59722013416));
#12117 = CARTESIAN_POINT('',(277.51562693425,319.78163180328,
    812.29725607264));
#12118 = CARTESIAN_POINT('',(278.09375131922,319.10119229108,
    805.38863891451));
#12119 = CARTESIAN_POINT('',(278.38280621695,320.32944357192,
    801.77971039681));
#12120 = CARTESIAN_POINT('',(278.67191394601,323.20623304463,
    798.83126055032));
#12121 = CARTESIAN_POINT('',(278.96086108858,327.31914812654,
    797.40074675569));
#12122 = CARTESIAN_POINT('',(279.2500959402,331.72828344941,
    798.05510328061));
#12123 = CARTESIAN_POINT('',(279.53899109845,335.2489385468,
    800.61741479323));
#12124 = CARTESIAN_POINT('',(279.82816371252,337.14589200013,
    804.27428043628));
#12125 = CARTESIAN_POINT('',(280.11717727858,337.27367362385,
    808.08425402086));
#12126 = CARTESIAN_POINT('',(280.40625313053,335.94536410216,
    811.29107722242));
#12127 = CARTESIAN_POINT('',(280.69532013994,334.61705411419,
    814.49790121044));
#12128 = CARTESIAN_POINT('',(280.98434754272,331.83264134041,
    817.10160290877));
#12129 = CARTESIAN_POINT('',(281.27350283859,327.90549756996,
    818.34605054289));
#12130 = CARTESIAN_POINT('',(281.5624154878,323.60419127836,
    817.66839778806));
#12131 = CARTESIAN_POINT('',(281.85163615663,320.02376121972,
    815.0133697337));
#12132 = CARTESIAN_POINT('',(282.14059232415,318.12701726558,
    811.09357277551));
#12133 = CARTESIAN_POINT('',(282.42969580346,318.17768850304,
    806.97450697631));
#12134 = CARTESIAN_POINT('',(282.71875193425,319.86108142522,
    803.55410413934));
#12135 = CARTESIAN_POINT('',(283.29687631922,325.22735471689,
    799.15011731754));
#12136 = CARTESIAN_POINT('',(283.58593121696,328.91044896263,
    798.1663576763));
#12137 = CARTESIAN_POINT('',(283.87503894601,332.96025401108,
    798.9202497356));
#12138 = CARTESIAN_POINT('',(284.16398608858,336.43469595176,
    801.54526276196));
#12139 = CARTESIAN_POINT('',(284.4532209402,338.34020272439,
    805.57486580649));
#12140 = CARTESIAN_POINT('',(284.74211609844,338.16568973726,
    809.9257275395));
#12141 = CARTESIAN_POINT('',(285.03128871254,336.17900795087,
    813.53463238933));
#12142 = CARTESIAN_POINT('',(285.32030227856,333.08212235808,
    815.75758683865));
#12143 = CARTESIAN_POINT('',(285.60937813054,329.67777708348,
    816.43475334897));
#12144 = CARTESIAN_POINT('',(285.89844513992,326.2734308959,
    817.11191990853));
#12145 = CARTESIAN_POINT('',(286.18748593179,322.56161720603,
    816.24234774236));
#12146 = CARTESIAN_POINT('',(286.47657619514,319.34498575139,
    813.67307200206));
#12147 = CARTESIAN_POINT('',(286.76563229833,317.51899145759,
    809.70993230075));
#12148 = CARTESIAN_POINT('',(287.0546693461,317.73708445499,
    805.27097962868));
#12149 = CARTESIAN_POINT('',(287.34376896756,319.94273780312,
    801.50592163132));
#12150 = CARTESIAN_POINT('',(287.63280741442,323.39566039431,
    799.2642697855));
#12151 = CARTESIAN_POINT('',(287.92187693425,327.17488641848,
    798.76272912878));
#12152 = CARTESIAN_POINT('',(288.50000131922,333.81800933688,
    800.77789831731));
#12153 = CARTESIAN_POINT('',(288.78905621696,336.68219311272,
    803.29373168877));
#12154 = CARTESIAN_POINT('',(289.07816394601,338.30530590891,
    807.07986150936));
#12155 = CARTESIAN_POINT('',(289.36711108858,338.05298386419,
    811.42713350149));
#12156 = CARTESIAN_POINT('',(289.6563459402,335.76113422471,
    815.25023198138));
#12157 = CARTESIAN_POINT('',(289.94524109844,332.04657068546,
    817.52233900249));
#12158 = CARTESIAN_POINT('',(290.23441371254,327.94213470613,
    817.87547357615));
#12159 = CARTESIAN_POINT('',(290.52342727857,324.37327818158,
    816.53551463437));
#12160 = CARTESIAN_POINT('',(290.81250313054,321.91888190828,
    814.08111854468));
#12161 = CARTESIAN_POINT('',(291.1015701331,319.46448508696,
    811.62672172255));
#12162 = CARTESIAN_POINT('',(291.39059757084,318.1245270158,
    808.05786625153));
#12163 = CARTESIAN_POINT('',(291.67975276974,318.47766017676,
    803.95342899903));
#12164 = CARTESIAN_POINT('',(291.96866560996,320.7497683386,
    800.23886665449));
#12165 = CARTESIAN_POINT('',(292.25788598889,324.57286568624,
    797.9470158255));
#12166 = CARTESIAN_POINT('',(292.54684250739,328.92013834719,
    797.69469429722));
#12167 = CARTESIAN_POINT('',(292.8359456428,332.70626789593,
    799.31780662006));
#12168 = CARTESIAN_POINT('',(293.12500204669,335.22210148303,
    802.18199041116));
#12169 = CARTESIAN_POINT('',(293.70312608383,337.23727089381,
    808.82511322935));
#12170 = CARTESIAN_POINT('',(293.99219587674,336.73573039761,
    812.60433929195));
#12171 = CARTESIAN_POINT('',(294.28123397974,334.49407865547,
    816.05726194174));
#12172 = CARTESIAN_POINT('',(294.57033395209,330.72902076572,
    818.26291545551));
#12173 = CARTESIAN_POINT('',(294.85937071011,326.29006808074,
    818.48100859726));
#12174 = CARTESIAN_POINT('',(295.14842700414,322.32692832524,
    816.65501446485));
#12175 = CARTESIAN_POINT('',(295.43751717069,319.75765245817,
    813.43838309892));
#12176 = CARTESIAN_POINT('',(295.72655799739,318.88808015625,
    809.72656944394));
#12177 = CARTESIAN_POINT('',(296.015625,319.56524658853,806.32222323066)
  );
#12178 = CARTESIAN_POINT('',(296.30470085875,320.24241297144,
    802.91787793109));
#12179 = CARTESIAN_POINT('',(296.59371438989,322.46536730865,
    799.82099225415));
#12180 = CARTESIAN_POINT('',(296.88288710092,326.07427207546,
    797.83431033717));
#12181 = CARTESIAN_POINT('',(297.17178206816,330.42513381985,
    797.65979718045));
#12182 = CARTESIAN_POINT('',(297.46101720968,334.45473690809,
    799.56530381445));
#12183 = CARTESIAN_POINT('',(297.74996400126,337.07975009695,
    803.03974564355));
#12184 = CARTESIAN_POINT('',(298.03907207422,337.8336422746,
    807.08955067741));
#12185 = CARTESIAN_POINT('',(298.32812669885,336.84988279634,
    810.7726449491));
#12186 = CARTESIAN_POINT('',(298.90625143166,332.44589614153,
    816.13891841841));
#12187 = CARTESIAN_POINT('',(299.1953060563,329.02549350961,
    817.822311409));
#12188 = CARTESIAN_POINT('',(299.48441412926,324.90642727811,
    817.87298297975));
#12189 = CARTESIAN_POINT('',(299.77336092084,320.98663113548,
    815.97623880442));
#12190 = CARTESIAN_POINT('',(300.06259606236,318.33160157982,
    812.39580941147));
#12191 = CARTESIAN_POINT('',(300.3514910296,317.65395033612,
    808.09450245262));
#12192 = CARTESIAN_POINT('',(300.64066374062,318.89839617784,
    804.16735931782));
#12193 = CARTESIAN_POINT('',(300.92967727177,321.50209908368,
    801.38294590388));
#12194 = CARTESIAN_POINT('',(301.21875313052,324.70892218574,
    800.05463614297));
#12195 = CARTESIAN_POINT('',(301.50782013313,327.91574617433,
    798.72632615538));
#12196 = CARTESIAN_POINT('',(301.7968475708,331.72571845241,
    798.85410818027));
#12197 = CARTESIAN_POINT('',(302.08600276977,335.38258581234,
    800.75106081566));
#12198 = CARTESIAN_POINT('',(302.37491560993,337.94489578462,
    804.27171650977));
#12199 = CARTESIAN_POINT('',(302.66413598891,338.59925384184,
    808.68085124176));
#12200 = CARTESIAN_POINT('',(302.95309250738,337.16873931411,
    812.79376674396));
#12201 = CARTESIAN_POINT('',(303.24219564281,334.22029000898,
    815.67055614666));
#12202 = CARTESIAN_POINT('',(303.53125204669,330.61136139466,
    816.89880762087));
#12203 = CARTESIAN_POINT('',(304.10937608383,323.70274424406,
    816.21836835235));
#12204 = CARTESIAN_POINT('',(304.39843248769,320.40278008564,
    814.30965046321));
#12205 = CARTESIAN_POINT('',(304.68753562318,318.07221805159,
    810.91292392466));
#12206 = CARTESIAN_POINT('',(304.97649214153,317.47158030854,
    806.59995742298));
#12207 = CARTESIAN_POINT('',(305.2657125207,318.97354441748,
    802.40320184683));
#12208 = CARTESIAN_POINT('',(305.55462536062,322.1734660653,
    799.45007632295));
#12209 = CARTESIAN_POINT('',(305.84378055981,326.13014480199,
    798.3029923841));
#12210 = CARTESIAN_POINT('',(306.13280799733,329.89183859052,
    798.92095423345));
#12211 = CARTESIAN_POINT('',(306.42187500002,332.77790400396,
    800.84936133419));
#12212 = CARTESIAN_POINT('',(306.71095085871,335.66396859214,
    802.77776803967));
#12213 = CARTESIAN_POINT('',(306.99996438992,337.67443008784,
    806.01663689401));
#12214 = CARTESIAN_POINT('',(307.28913710091,338.1288167853,
    810.11110039786));
#12215 = CARTESIAN_POINT('',(307.57803206815,336.62504321286,
    814.19755580609));
#12216 = CARTESIAN_POINT('',(307.86726720968,333.32252229377,
    817.19121780437));
#12217 = CARTESIAN_POINT('',(308.15621400126,329.10800754384,
    818.28680243742));
#12218 = CARTESIAN_POINT('',(308.44532207422,325.07797351622,
    817.4335146993));
#12219 = CARTESIAN_POINT('',(308.73437669885,322.05170655607,
    815.11518029481));
#12220 = CARTESIAN_POINT('',(309.31250143166,318.77924906107,
    808.99284321273));
#12221 = CARTESIAN_POINT('',(309.6015560563,318.53292815114,
    805.1885966205));
#12222 = CARTESIAN_POINT('',(309.89066412926,320.06241212765,
    801.36368446554));
#12223 = CARTESIAN_POINT('',(310.17961092084,323.31481629168,
    798.46811760907));
#12224 = CARTESIAN_POINT('',(310.46884606236,327.63873754881,
    797.38536115383));
#12225 = CARTESIAN_POINT('',(310.75774102961,331.87195291505,
    798.40533195025));
#12226 = CARTESIAN_POINT('',(311.0469137406,335.02393127241,
    801.05790260696));
#12227 = CARTESIAN_POINT('',(311.33592727179,336.59999987074,
    804.52895931277));
#12228 = CARTESIAN_POINT('',(311.6250031305,336.59999999999,
    807.9999996797));
#12229 = CARTESIAN_POINT('',(267.34153107908,328.,799.4));
#12230 = CARTESIAN_POINT('',(267.63060693785,331.47104141663,
    799.39997780383));
#12231 = CARTESIAN_POINT('',(267.91962046898,334.94209769792,
    800.97612537026));
#12232 = CARTESIAN_POINT('',(268.20879318,337.59468207068,
    804.12794049415));
#12233 = CARTESIAN_POINT('',(268.49768814724,338.61461437591,
    808.36137863021));
#12234 = CARTESIAN_POINT('',(268.78692328878,337.53191673632,
    812.68510515589));
#12235 = CARTESIAN_POINT('',(269.07587008034,334.63630084084,
    815.93762252346));
#12236 = CARTESIAN_POINT('',(269.36497815331,330.81140850211,
    817.46706752425));
#12237 = CARTESIAN_POINT('',(269.65403277794,327.00715671195,
    817.22075395865));
#12238 = CARTESIAN_POINT('',(270.23215751075,320.8848178707,
    813.94829530132));
#12239 = CARTESIAN_POINT('',(270.52121213536,318.56647884523,
    810.92203491301));
#12240 = CARTESIAN_POINT('',(270.81032020846,317.71321198897,
    806.89196031763));
#12241 = CARTESIAN_POINT('',(271.09926699968,318.80873040361,
    802.67754668541));
#12242 = CARTESIAN_POINT('',(271.38850214175,321.8025234502,
    799.37486667884));
#12243 = CARTESIAN_POINT('',(271.67739710844,325.88881748761,
    797.87124796495));
#12244 = CARTESIAN_POINT('',(271.96656981985,329.98341157175,
    798.32553284545));
#12245 = CARTESIAN_POINT('',(272.25558335081,333.22221696118,
    800.33603978227));
#12246 = CARTESIAN_POINT('',(272.54465920961,335.15064281274,
    803.22209283991));
#12247 = CARTESIAN_POINT('',(272.83372621903,337.07905683432,
    806.10815489103));
#12248 = CARTESIAN_POINT('',(273.12275362179,337.69697195076,
    809.86987939727));
#12249 = CARTESIAN_POINT('',(273.41190891771,336.55000730036,
    813.82649491753));
#12250 = CARTESIAN_POINT('',(273.70082156683,333.59669958591,
    817.02649202128));
#12251 = CARTESIAN_POINT('',(273.99004223577,329.40011861646,
    818.52841017891));
#12252 = CARTESIAN_POINT('',(274.2789984032,325.08704368407,
    817.92778593222));
#12253 = CARTESIAN_POINT('',(274.56810188256,321.69035422926,
    815.59722292887));
#12254 = CARTESIAN_POINT('',(274.85715801334,319.78162941579,
    812.29725716431));
#12255 = CARTESIAN_POINT('',(275.43528239831,319.10118966944,
    805.38863819348));
#12256 = CARTESIAN_POINT('',(275.72433729602,320.32943343041,
    801.77970927834));
#12257 = CARTESIAN_POINT('',(276.01344502521,323.20626787005,
    798.83125468084));
#12258 = CARTESIAN_POINT('',(276.30239216743,327.31906262479,
    797.40074183478));
#12259 = CARTESIAN_POINT('',(276.59162701959,331.72840260584,
    798.05511937));
#12260 = CARTESIAN_POINT('',(276.88052217729,335.24883945855,
    800.61738269718));
#12261 = CARTESIAN_POINT('',(277.16969479174,337.14594984608,
    804.27430050756));
#12262 = CARTESIAN_POINT('',(277.45870835763,337.27365833397,
    808.08424654117));
#12263 = CARTESIAN_POINT('',(277.74778420962,335.94536890774,
    811.29107921295));
#12264 = CARTESIAN_POINT('',(278.03685121902,334.61706544031,
    814.49790703807));
#12265 = CARTESIAN_POINT('',(278.32587862183,331.83260106879,
    817.10158684091));
#12266 = CARTESIAN_POINT('',(278.61503391765,327.90557607798,
    818.34609839415));
#12267 = CARTESIAN_POINT('',(278.9039465669,323.60410587174,
    817.66833591058));
#12268 = CARTESIAN_POINT('',(279.19316723572,320.02381109633,
    815.01342737956));
#12269 = CARTESIAN_POINT('',(279.48212340323,318.12699586073,
    811.0935476851));
#12270 = CARTESIAN_POINT('',(279.77122688255,318.17768862561,
    806.97451219013));
#12271 = CARTESIAN_POINT('',(280.06028301334,319.86107919111,
    803.55410276071));
#12272 = CARTESIAN_POINT('',(280.63840739831,325.2273538599,
    799.15011473715));
#12273 = CARTESIAN_POINT('',(280.92746229602,328.91044425829,
    798.16634862256));
#12274 = CARTESIAN_POINT('',(281.21657002521,332.96027823932,
    798.92027543097));
#12275 = CARTESIAN_POINT('',(281.50551716743,336.43465254116,
    801.54518893592));
#12276 = CARTESIAN_POINT('',(281.79475201959,338.34025554627,
    805.57497382026));
#12277 = CARTESIAN_POINT('',(282.08364717728,338.1656613737,
    809.92562731897));
#12278 = CARTESIAN_POINT('',(282.37281979176,336.17902339969,
    813.53469163753));
#12279 = CARTESIAN_POINT('',(282.66183335761,333.08212008261,
    815.75756997004));
#12280 = CARTESIAN_POINT('',(282.95090920963,329.67777809825,
    816.43475845056));
#12281 = CARTESIAN_POINT('',(283.239976219,326.27343234285,
    817.11193256348));
#12282 = CARTESIAN_POINT('',(283.5290170109,322.56160727848,
    816.24232168168));
#12283 = CARTESIAN_POINT('',(283.8181072742,319.34499310579,
    813.67310079672));
#12284 = CARTESIAN_POINT('',(284.10716337744,317.51898919157,
    809.7099390297));
#12285 = CARTESIAN_POINT('',(284.39620042519,317.73707050006,
    805.27094100667));
#12286 = CARTESIAN_POINT('',(284.68530004665,319.94274324857,
    801.50595296141));
#12287 = CARTESIAN_POINT('',(284.97433849351,323.39565704106,
    799.26425643333));
#12288 = CARTESIAN_POINT('',(285.26340801334,327.17488632356,
    798.76272650526));
#12289 = CARTESIAN_POINT('',(285.84153239831,333.81801100628,
    800.77789617116));
#12290 = CARTESIAN_POINT('',(286.13058729602,336.68219802704,
    803.29372274727));
#12291 = CARTESIAN_POINT('',(286.41969502521,338.30529800448,
    807.07989592999));
#12292 = CARTESIAN_POINT('',(286.70864216743,338.05302113066,
    811.42705639134));
#12293 = CARTESIAN_POINT('',(286.99787701959,335.76107376081,
    815.25033591042));
#12294 = CARTESIAN_POINT('',(287.28677217728,332.04663825783,
    817.5222597395));
#12295 = CARTESIAN_POINT('',(287.57594479176,327.94209402596,
    817.87551933791));
#12296 = CARTESIAN_POINT('',(287.86495835761,324.37329094312,
    816.53550337069));
#12297 = CARTESIAN_POINT('',(288.15403420963,321.91887823024,
    814.08112222272));
#12298 = CARTESIAN_POINT('',(288.44310121218,319.46447537976,
    811.62672995858));
#12299 = CARTESIAN_POINT('',(288.73212864995,318.12455722603,
    808.05783518523));
#12300 = CARTESIAN_POINT('',(289.0212838488,318.47758603643,
    803.95348324138));
#12301 = CARTESIAN_POINT('',(289.31019668906,320.74985799058,
    800.23881138898));
#12302 = CARTESIAN_POINT('',(289.59941706798,324.57279361479,
    797.94703989973));
#12303 = CARTESIAN_POINT('',(289.88837358647,328.92016942038,
    797.694684064));
#12304 = CARTESIAN_POINT('',(290.17747672189,332.70626329389,
    799.31780479014));
#12305 = CARTESIAN_POINT('',(290.46653312578,335.22210342843,
    802.18198883824));
#12306 = CARTESIAN_POINT('',(291.04465716291,337.23727398934,
    808.82511350137));
#12307 = CARTESIAN_POINT('',(291.33372695585,336.73572214031,
    812.60433891225));
#12308 = CARTESIAN_POINT('',(291.62276505877,334.49411412858,
    816.05727204523));
#12309 = CARTESIAN_POINT('',(291.91186503125,330.72898359732,
    818.26290790487));
#12310 = CARTESIAN_POINT('',(292.20090178919,326.29007391887,
    818.48101252684));
#12311 = CARTESIAN_POINT('',(292.48995808316,322.32695360791,
    816.6550271351));
#12312 = CARTESIAN_POINT('',(292.77904824985,319.75762144524,
    813.43837642748));
#12313 = CARTESIAN_POINT('',(293.06808907644,318.8880872921,
    809.72657194325));
#12314 = CARTESIAN_POINT('',(293.35715607908,319.56524658852,
    806.32222323066));
#12315 = CARTESIAN_POINT('',(293.64623193784,320.24239140658,
    802.9178725713));
#12316 = CARTESIAN_POINT('',(293.93524546899,322.46542322708,
    799.82100279944));
#12317 = CARTESIAN_POINT('',(294.22441817999,326.07417064665,
    797.83427571904));
#12318 = CARTESIAN_POINT('',(294.51331314724,330.42524337782,
    797.6598439363));
#12319 = CARTESIAN_POINT('',(294.80254828878,334.45466687956,
    799.56525504451));
#12320 = CARTESIAN_POINT('',(295.09149508034,337.07978140044,
    803.03976715312));
#12321 = CARTESIAN_POINT('',(295.38060315331,337.83363906636,
    807.08954517577));
#12322 = CARTESIAN_POINT('',(295.66965777794,336.84988564009,
    810.77264594168));
#12323 = CARTESIAN_POINT('',(296.24778251075,332.44589730222,
    816.13892074558));
#12324 = CARTESIAN_POINT('',(296.53683713536,329.02550015167,
    817.82231942308));
#12325 = CARTESIAN_POINT('',(296.82594520846,324.90639820384,
    817.87296244541));
#12326 = CARTESIAN_POINT('',(297.11489199968,320.98668838812,
    815.97630279726));
#12327 = CARTESIAN_POINT('',(297.40412714175,318.3315285013,
    812.39571373867));
#12328 = CARTESIAN_POINT('',(297.69302210844,317.65399781899,
    808.09459523621));
#12329 = CARTESIAN_POINT('',(297.98219481984,318.89836942131,
    804.16730421295));
#12330 = CARTESIAN_POINT('',(298.27120835082,321.50210461745,
    801.38296200658));
#12331 = CARTESIAN_POINT('',(298.56028420961,324.70892019521,
    800.05463133741));
#12332 = CARTESIAN_POINT('',(298.84935121221,327.91574227999,
    798.72631403525));
#12333 = CARTESIAN_POINT('',(299.13837864991,331.72573559301,
    798.8541479795));
#12334 = CARTESIAN_POINT('',(299.42753384883,335.38256407117,
    800.75097156122));
#12335 = CARTESIAN_POINT('',(299.71644668903,337.94491253501,
    804.27182048662));
#12336 = CARTESIAN_POINT('',(300.005667068,338.59925918067,
    808.68077544359));
#12337 = CARTESIAN_POINT('',(300.29462358646,337.16873687719,
    812.79379936794));
#12338 = CARTESIAN_POINT('',(300.5837267219,334.22029346073,
    815.6705525952));
#12339 = CARTESIAN_POINT('',(300.87278312578,330.61136210337,
    816.89881002013));
#12340 = CARTESIAN_POINT('',(301.45090716292,323.70274280814,
    816.21837110815));
#12341 = CARTESIAN_POINT('',(301.73996356676,320.40277818318,
    814.30965843608));
#12342 = CARTESIAN_POINT('',(302.02906670238,318.07221602169,
    810.91289321389));
#12343 = CARTESIAN_POINT('',(302.31802322039,317.47156438909,
    806.60003195954));
#12344 = CARTESIAN_POINT('',(302.60724360008,318.97357567193,
    802.40309975055));
#12345 = CARTESIAN_POINT('',(302.89615643948,322.17342380474,
    799.45015444973));
#12346 = CARTESIAN_POINT('',(303.18531163902,326.13016824699,
    798.30295082851));
#12347 = CARTESIAN_POINT('',(303.47433907639,329.89183355065,
    798.92095986974));
#12348 = CARTESIAN_POINT('',(303.76340607911,332.77790400399,
    800.84936133416));
#12349 = CARTESIAN_POINT('',(304.0524819378,335.66398179642,
    802.77775016749));
#12350 = CARTESIAN_POINT('',(304.34149546902,337.67439894621,
    806.01668452032));
#12351 = CARTESIAN_POINT('',(304.63066817998,338.12888758345,
    810.11101993774));
#12352 = CARTESIAN_POINT('',(304.91956314724,336.62495809001,
    814.19763913171));
#12353 = CARTESIAN_POINT('',(305.20879828878,333.32259415012,
    817.19117176993));
#12354 = CARTESIAN_POINT('',(305.49774508034,329.10797569225,
    818.2868231267));
#12355 = CARTESIAN_POINT('',(305.78685315331,325.07797982682,
    817.43351384066));
#12356 = CARTESIAN_POINT('',(306.07590777794,322.05170455078,
    815.11518254224));
#12357 = CARTESIAN_POINT('',(306.65403251075,318.77924646686,
    808.9928433945));
#12358 = CARTESIAN_POINT('',(306.94308713536,318.53291820528,
    805.18859969011));
#12359 = CARTESIAN_POINT('',(307.23219520846,320.06244222514,
    801.36366546255));
#12360 = CARTESIAN_POINT('',(307.52114199968,323.31473526038,
    798.46814601465));
#12361 = CARTESIAN_POINT('',(307.81037714175,327.63885390487,
    797.38533025043));
#12362 = CARTESIAN_POINT('',(308.09927210845,331.87184902332,
    798.40534031201));
#12363 = CARTESIAN_POINT('',(308.38844481982,335.0239924219,
    801.05789897484));
#12364 = CARTESIAN_POINT('',(308.67745835084,336.59998287615,
    804.52895826307));
#12365 = CARTESIAN_POINT('',(308.96653420959,336.60000520146,
    807.9999996797));
#12366 = CARTESIAN_POINT('',(266.9598201868,328.,802.68727710487));
#12367 = CARTESIAN_POINT('',(267.24886859934,330.14423768503,
    802.68725172172));
#12368 = CARTESIAN_POINT('',(267.5379827394,332.2886605244,
    803.66099018117));
#12369 = CARTESIAN_POINT('',(267.82692901652,333.92697156014,
    805.60789102246));
#12370 = CARTESIAN_POINT('',(268.11616818791,334.55751534698,
    808.22338351032));
#12371 = CARTESIAN_POINT('',(268.40504862911,333.88826257064,
    810.89416172353));
#12372 = CARTESIAN_POINT('',(268.6942331492,332.09969171579,
    812.90358060971));
#12373 = CARTESIAN_POINT('',(268.98324759032,329.73676120152,
    813.84835289865));
#12374 = CARTESIAN_POINT('',(269.27231839528,327.38666352987,
    813.69620089919));
#12375 = CARTESIAN_POINT('',(269.85044367704,323.60453351766,
    811.6746095463));
#12376 = CARTESIAN_POINT('',(270.13951448197,322.17237085381,
    809.80512270373));
#12377 = CARTESIAN_POINT('',(270.42852892324,321.64519529814,
    807.31544032029));
#12378 = CARTESIAN_POINT('',(270.71771344294,322.32213762825,
    804.71215901113));
#12379 = CARTESIAN_POINT('',(271.00659388476,324.17128970221,
    802.67152958686));
#12380 = CARTESIAN_POINT('',(271.2958330555,326.69593186466,
    801.74307355079));
#12381 = CARTESIAN_POINT('',(271.58477933308,329.22521336646,
    802.02340656076));
#12382 = CARTESIAN_POINT('',(271.87389347293,331.22607715709,
    803.26555182904));
#12383 = CARTESIAN_POINT('',(272.16294188552,332.4173727794,
    805.0484062793));
#12384 = CARTESIAN_POINT('',(272.45199963008,333.60865400366,
    806.83126920172));
#12385 = CARTESIAN_POINT('',(272.74109914189,333.99042030792,
    809.15525833233));
#12386 = CARTESIAN_POINT('',(273.03006378401,333.28179970636,
    811.59912114992));
#12387 = CARTESIAN_POINT('',(273.31928430907,331.45743753529,
    813.57647183935));
#12388 = CARTESIAN_POINT('',(273.60818001229,328.86492595635,
    814.50382734669));
#12389 = CARTESIAN_POINT('',(273.89735464509,326.20049386232,
    814.13304929379));
#12390 = CARTESIAN_POINT('',(274.18637393039,324.10216302436,
    812.69323617304));
#12391 = CARTESIAN_POINT('',(274.47544314704,322.92303094713,
    810.65466879648));
#12392 = CARTESIAN_POINT('',(275.05356879561,322.50268330296,
    806.38680697855));
#12393 = CARTESIAN_POINT('',(275.34263931255,323.26143830612,
    804.15737573913));
#12394 = CARTESIAN_POINT('',(275.63165411648,325.03864994198,
    802.33585219452));
#12395 = CARTESIAN_POINT('',(275.92083826605,327.57928882649,
    801.45240322871));
#12396 = CARTESIAN_POINT('',(276.20971901358,330.30334355592,
    801.85620430201));
#12397 = CARTESIAN_POINT('',(276.49895798289,332.47794288402,
    803.43954482121));
#12398 = CARTESIAN_POINT('',(276.78790436272,333.65004785922,
    805.69831030025));
#12399 = CARTESIAN_POINT('',(277.07701846573,333.72886223427,
    808.0520666429));
#12400 = CARTESIAN_POINT('',(277.36606688551,332.90832131102,
    810.0330936211));
#12401 = CARTESIAN_POINT('',(277.65512463009,332.08776535546,
    812.01411332801));
#12402 = CARTESIAN_POINT('',(277.94422414187,330.36753700867,
    813.62267959191));
#12403 = CARTESIAN_POINT('',(278.23318878405,327.94185082643,
    814.39122052992));
#12404 = CARTESIAN_POINT('',(278.52240930903,325.28418249889,
    813.97287600638));
#12405 = CARTESIAN_POINT('',(278.81130501233,323.07279231263,
    812.33249252402));
#12406 = CARTESIAN_POINT('',(279.10047964506,321.90080383726,
    809.91110495469));
#12407 = CARTESIAN_POINT('',(279.3894989304,321.93219454191,
    807.36648931531));
#12408 = CARTESIAN_POINT('',(279.67856814704,322.97211068526,
    805.25350947179));
#12409 = CARTESIAN_POINT('',(280.25669379561,326.28717545775,
    802.53290619438));
#12410 = CARTESIAN_POINT('',(280.54576431255,328.56242147996,
    801.9251822895));
#12411 = CARTESIAN_POINT('',(280.83477911648,331.06432883803,
    802.39089549922));
#12412 = CARTESIAN_POINT('',(281.12396326606,333.21039314428,
    804.01254157971));
#12413 = CARTESIAN_POINT('',(281.41284401357,334.38804854309,
    806.50185016592));
#12414 = CARTESIAN_POINT('',(281.70208298292,334.279691671,
    809.18962028728));
#12415 = CARTESIAN_POINT('',(281.99102936269,333.05278344798,
    811.41909282022));
#12416 = CARTESIAN_POINT('',(282.28014346576,331.13949349503,
    812.79230153775));
#12417 = CARTESIAN_POINT('',(282.5691918855,329.03646164958,
    813.21064631438));
#12418 = CARTESIAN_POINT('',(282.85824963012,326.93342749847,
    813.62897455225));
#12419 = CARTESIAN_POINT('',(283.14733502245,324.64029468952,
    813.09175951406));
#12420 = CARTESIAN_POINT('',(283.43636824456,322.65340007929,
    811.50461722914));
#12421 = CARTESIAN_POINT('',(283.72543749037,321.5252425223,
    809.05633084167));
#12422 = CARTESIAN_POINT('',(284.01452683097,321.65991941614,
    806.31408196386));
#12423 = CARTESIAN_POINT('',(284.30355018458,323.02263078553,
    803.98826213529));
#12424 = CARTESIAN_POINT('',(284.59263804979,325.1556039688,
    802.60341344531));
#12425 = CARTESIAN_POINT('',(284.88169314704,327.49027777649,
    802.29359443803));
#12426 = CARTESIAN_POINT('',(285.45981879561,331.59412803692,
    803.53848386239));
#12427 = CARTESIAN_POINT('',(285.74888931255,333.36349095923,
    805.09264847892));
#12428 = CARTESIAN_POINT('',(286.03790411648,334.36624983121,
    807.4316448164));
#12429 = CARTESIAN_POINT('',(286.32708826606,334.21018984008,
    810.1169703639));
#12430 = CARTESIAN_POINT('',(286.61596901357,332.79467567933,
    812.47914079308));
#12431 = CARTESIAN_POINT('',(286.90520798292,330.49967664589,
    813.88229041927));
#12432 = CARTESIAN_POINT('',(287.19415436269,327.96430429593,
    814.10078208939));
#12433 = CARTESIAN_POINT('',(287.48326846575,325.75955603096,
    813.27285352117));
#12434 = CARTESIAN_POINT('',(287.7723168855,324.24333316931,
    811.75666635301));
#12435 = CARTESIAN_POINT('',(288.06137463731,322.72712279074,
    810.24046808258));
#12436 = CARTESIAN_POINT('',(288.35047411221,321.89930416662,
    808.0356126461));
#12437 = CARTESIAN_POINT('',(288.63943885667,322.11753501681,
    805.50046299207));
#12438 = CARTESIAN_POINT('',(288.92865918019,323.52108024541,
    803.20519104731));
#12439 = CARTESIAN_POINT('',(289.21755518922,325.88285989112,
    801.78988063532));
#12440 = CARTESIAN_POINT('',(289.50672945182,328.56843023247,
    801.63372920948));
#12441 = CARTESIAN_POINT('',(289.79574909982,330.90733647085,
    802.63651284982));
#12442 = CARTESIAN_POINT('',(290.08481802847,332.46151611858,
    804.40587233909));
#12443 = CARTESIAN_POINT('',(290.66294404385,333.70640607792,
    808.5097227974));
#12444 = CARTESIAN_POINT('',(290.95199885315,333.39656164936,
    810.84439209308));
#12445 = CARTESIAN_POINT('',(291.24108708087,332.01181395727,
    812.977387265));
#12446 = CARTESIAN_POINT('',(291.5301100646,329.6858309476,
    814.34005608482));
#12447 = CARTESIAN_POINT('',(291.8191997107,326.94368312752,
    814.47475932227));
#12448 = CARTESIAN_POINT('',(292.10826875512,324.49544426761,
    813.34662259252));
#12449 = CARTESIAN_POINT('',(292.39730207955,322.90817500606,
    811.35968600655));
#12450 = CARTESIAN_POINT('',(292.68638743499,322.37104801183,
    809.06657665601));
#12451 = CARTESIAN_POINT('',(292.9754451868,322.78935958559,
    806.9635391796));
#12452 = CARTESIAN_POINT('',(293.26449359935,323.20765471064,
    804.86049746843));
#12453 = CARTESIAN_POINT('',(293.55360773938,324.58103920086,
    802.94724606223));
#12454 = CARTESIAN_POINT('',(293.84255401653,326.81014951599,
    801.7202362257));
#12455 = CARTESIAN_POINT('',(294.1317931879,329.49839903946,
    801.61206543264));
#12456 = CARTESIAN_POINT('',(294.42067362912,331.98729425857,
    802.78950168615));
#12457 = CARTESIAN_POINT('',(294.70985814919,333.60916986027,
    804.93572383114));
#12458 = CARTESIAN_POINT('',(294.99887259032,334.07480373967,
    807.43756722822));
#12459 = CARTESIAN_POINT('',(295.28794339528,333.46709398668,
    809.71282504952));
#12460 = CARTESIAN_POINT('',(295.86606867704,330.74648998279,
    813.02788958605));
#12461 = CARTESIAN_POINT('',(296.15513948197,328.63352373042,
    814.06781485577));
#12462 = CARTESIAN_POINT('',(296.44415392324,326.08883304694,
    814.09914794307));
#12463 = CARTESIAN_POINT('',(296.73333844294,323.66763795536,
    812.92733788107));
#12464 = CARTESIAN_POINT('',(297.02221888477,322.0269703268,
    810.71560969429));
#12465 = CARTESIAN_POINT('',(297.31145805548,321.60888756562,
    808.05834503592));
#12466 = CARTESIAN_POINT('',(297.6004043331,322.37727239804,
    805.63235322623));
#12467 = CARTESIAN_POINT('',(297.88951847292,323.98589935451,
    803.91226599261));
#12468 = CARTESIAN_POINT('',(298.17856688552,325.966907003,
    803.09167843047));
#12469 = CARTESIAN_POINT('',(298.46762463728,327.94792014411,
    802.27110665291));
#12470 = CARTESIAN_POINT('',(298.75672411225,330.30173342653,
    802.35006361589));
#12471 = CARTESIAN_POINT('',(299.04568885663,332.56039297284,
    803.52184240278));
#12472 = CARTESIAN_POINT('',(299.33490918023,334.14383423871,
    805.69691165857));
#12473 = CARTESIAN_POINT('',(299.6238051892,334.5475966191,
    808.42052737979));
#12474 = CARTESIAN_POINT('',(299.91297945184,333.66413844936,
    810.96142741494));
#12475 = CARTESIAN_POINT('',(300.20199909981,331.84262650122,
    812.7385463316));
#12476 = CARTESIAN_POINT('',(300.49106802847,329.61319268133,
    813.49731653556));
#12477 = CARTESIAN_POINT('',(301.06919404385,325.34533047585,
    813.07696930992));
#12478 = CARTESIAN_POINT('',(301.35826297249,323.30676461552,
    811.89785082374));
#12479 = CARTESIAN_POINT('',(301.64728262055,321.86695266412,
    809.79943317821));
#12480 = CARTESIAN_POINT('',(301.93645688294,321.49614371915,
    807.1352453636));
#12481 = CARTESIAN_POINT('',(302.22535289233,322.42360600635,
    804.54233226066));
#12482 = CARTESIAN_POINT('',(302.51457321551,324.4007866164,
    802.71838478552));
#12483 = CARTESIAN_POINT('',(302.80353796014,326.84479694092,
    802.00949123306));
#12484 = CARTESIAN_POINT('',(303.09263743504,329.16871832505,
    802.39136525312));
#12485 = CARTESIAN_POINT('',(303.38169518678,330.95159069684,
    803.58263235408));
#12486 = CARTESIAN_POINT('',(303.6707435994,332.73447327554,
    804.7738858792));
#12487 = CARTESIAN_POINT('',(303.95985773933,333.97651559966,
    806.77489731492));
#12488 = CARTESIAN_POINT('',(304.24880401657,334.25708128733,
    809.30388304677));
#12489 = CARTESIAN_POINT('',(304.53804318787,333.32826951426,
    811.82889692996));
#12490 = CARTESIAN_POINT('',(304.82692362913,331.28800129367,
    813.67775093472));
#12491 = CARTESIAN_POINT('',(305.11610814919,328.68448565949,
    814.35484495028));
#12492 = CARTESIAN_POINT('',(305.40512259033,326.19489338021,
    813.82762054268));
#12493 = CARTESIAN_POINT('',(305.69419339528,324.32538970208,
    812.39546646761));
#12494 = CARTESIAN_POINT('',(306.27231867704,322.30379950614,
    808.613335837));
#12495 = CARTESIAN_POINT('',(306.56138948197,322.15163101203,
    806.26324739193));
#12496 = CARTESIAN_POINT('',(306.85040392324,323.09649397905,
    803.90026909948));
#12497 = CARTESIAN_POINT('',(307.13958844293,325.1056565594,
    802.11180880681));
#12498 = CARTESIAN_POINT('',(307.42846888479,327.77688328208,
    801.44242129901));
#12499 = CARTESIAN_POINT('',(307.71770805545,330.39186905854,
    802.07305435334));
#12500 = CARTESIAN_POINT('',(308.00665433314,332.3391450924,
    803.71133624564));
#12501 = CARTESIAN_POINT('',(308.29576847288,333.3127035967,
    805.85576265274));
#12502 = CARTESIAN_POINT('',(308.58481688554,333.31272884343,
    808.00000033776));
#12503 = CARTESIAN_POINT('',(270.,328.,805.39858707361));
#12504 = CARTESIAN_POINT('',(270.28902577519,329.04990324833,
    805.39858707361));
#12505 = CARTESIAN_POINT('',(270.57822289636,330.10013403864,
    805.87536531147));
#12506 = CARTESIAN_POINT('',(270.86698241333,330.90186642978,
    806.82867199414));
#12507 = CARTESIAN_POINT('',(271.15650548049,331.21129562839,
    808.10941953653));
#12508 = CARTESIAN_POINT('',(271.44509336875,330.88297360125,
    809.4171099817));
#12509 = CARTESIAN_POINT('',(271.73447396473,330.0075433498,
    810.40109219696));
#12510 = CARTESIAN_POINT('',(272.02341117933,328.85039791822,
    810.86368223695));
#12511 = CARTESIAN_POINT('',(272.31249532964,327.69967710399,
    810.78918457086));
#12512 = CARTESIAN_POINT('',(272.89062106417,325.8477276385,
    809.79929655537));
#12513 = CARTESIAN_POINT('',(273.17970521448,325.1464791719,
    808.88389561445));
#12514 = CARTESIAN_POINT('',(273.46864242908,324.88823358874,
    807.66476300729));
#12515 = CARTESIAN_POINT('',(273.75802302505,325.22002234229,
    806.39019823936));
#12516 = CARTESIAN_POINT('',(274.04661091333,326.12492160315,
    805.3906948715));
#12517 = CARTESIAN_POINT('',(274.33613398047,327.36173407114,
    804.93643105553));
#12518 = CARTESIAN_POINT('',(274.62489349745,328.59979821421,
    805.0734187791));
#12519 = CARTESIAN_POINT('',(274.91409061862,329.57970158965,
    805.68177030217));
#12520 = CARTESIAN_POINT('',(275.20311639381,330.16299628654,
    806.55473314643));
#12521 = CARTESIAN_POINT('',(275.49216649685,330.74628989599,
    807.42769372371));
#12522 = CARTESIAN_POINT('',(275.78132548336,330.933342412,
    808.56581575258));
#12523 = CARTESIAN_POINT('',(276.07013287638,330.58611280409,
    809.76205661601));
#12524 = CARTESIAN_POINT('',(276.35960733409,329.69312255665,
    810.73088693761));
#12525 = CARTESIAN_POINT('',(276.64823500917,328.42340948246,
    811.18440764965));
#12526 = CARTESIAN_POINT('',(276.9375898298,327.11889664779,
    811.00318741922));
#12527 = CARTESIAN_POINT('',(277.22653967277,326.09139081169,
    810.29805633786));
#12528 = CARTESIAN_POINT('',(277.51561968251,325.51402736169,
    809.29987861511));
#12529 = CARTESIAN_POINT('',(278.09374637328,325.30820111571,
    807.21008651426));
#12530 = CARTESIAN_POINT('',(278.38282977281,325.67973644985,
    806.11845027342));
#12531 = CARTESIAN_POINT('',(278.67176793284,326.5499345535,
    805.22641305143));
#12532 = CARTESIAN_POINT('',(278.96114756391,327.79402843694,
    804.79417515472));
#12533 = CARTESIAN_POINT('',(279.24973624916,329.1278201626,
    804.99127700547));
#12534 = CARTESIAN_POINT('',(279.5392587912,330.19266294246,
    805.76727357937));
#12535 = CARTESIAN_POINT('',(279.82801857472,330.76659338234,
    806.8727925712));
#12536 = CARTESIAN_POINT('',(280.11721559985,330.80517272941,
    808.02553445649));
#12537 = CARTESIAN_POINT('',(280.40624139379,330.40339182134,
    808.99551844118));
#12538 = CARTESIAN_POINT('',(280.69529149687,330.00161219512,
    809.96550026381));
#12539 = CARTESIAN_POINT('',(280.98445048329,329.1592191229,
    810.75333546758));
#12540 = CARTESIAN_POINT('',(281.27325787651,327.97167076183,
    811.12922041531));
#12541 = CARTESIAN_POINT('',(281.56273233395,326.66999899005,
    810.92497944807));
#12542 = CARTESIAN_POINT('',(281.85136000928,325.58749551097,
    810.12121421815));
#12543 = CARTESIAN_POINT('',(282.14071482974,325.01342612616,
    808.93587087165));
#12544 = CARTESIAN_POINT('',(282.4296646728,325.02886953622,
    807.68978115327));
#12545 = CARTESIAN_POINT('',(282.7187446825,325.5380580339,
    806.65516315932));
#12546 = CARTESIAN_POINT('',(283.29687137328,327.16130572635,
    805.32299860595));
#12547 = CARTESIAN_POINT('',(283.58595477281,328.27538206045,
    805.02543834549));
#12548 = CARTESIAN_POINT('',(283.87489293284,329.5005400668,
    805.25339229806));
#12549 = CARTESIAN_POINT('',(284.16427256392,330.55111427194,
    806.04768004802));
#12550 = CARTESIAN_POINT('',(284.45286124913,331.1282450523,
    807.26619125816));
#12551 = CARTESIAN_POINT('',(284.74238379126,331.07462243323,
    808.58269626891));
#12552 = CARTESIAN_POINT('',(285.03114357464,330.47427565389,
    809.67409543313));
#12553 = CARTESIAN_POINT('',(285.32034059992,329.53723934231,
    810.34660206571));
#12554 = CARTESIAN_POINT('',(285.60936639376,328.50750962188,
    810.55142767824));
#12555 = CARTESIAN_POINT('',(285.89841649694,327.47778241133,
    810.75625315542));
#12556 = CARTESIAN_POINT('',(286.18753867518,326.35478571196,
    810.49324340936));
#12557 = CARTESIAN_POINT('',(286.4765248504,325.38212844973,
    809.71603951483));
#12558 = CARTESIAN_POINT('',(286.76560493601,324.82955902714,
    808.51723351129));
#12559 = CARTESIAN_POINT('',(287.05473740718,324.89545962944,
    807.17450188344));
#12560 = CARTESIAN_POINT('',(287.34369785592,325.56288124945,
    806.03560387704));
#12561 = CARTESIAN_POINT('',(287.63282648083,326.6071930526,
    805.35753024086));
#12562 = CARTESIAN_POINT('',(287.9218696825,327.75040929473,
    805.20581875099));
#12563 = CARTESIAN_POINT('',(288.49999637329,329.7598917382,
    805.81538890916));
#12564 = CARTESIAN_POINT('',(288.78907977281,330.62625170114,
    806.57639390351));
#12565 = CARTESIAN_POINT('',(289.07801793284,331.11737623563,
    807.72171998661));
#12566 = CARTESIAN_POINT('',(289.36739756392,331.04061786409,
    809.03652314398));
#12567 = CARTESIAN_POINT('',(289.65598624913,330.34809950271,
    810.19335840714));
#12568 = CARTESIAN_POINT('',(289.94550879126,329.22367446087,
    810.88018382443));
#12569 = CARTESIAN_POINT('',(290.23426857465,327.98267442084,
    810.98736260856));
#12570 = CARTESIAN_POINT('',(290.52346559991,326.9029161098,
    810.58187005641));
#12571 = CARTESIAN_POINT('',(290.81249139378,326.16052265644,
    809.83947609828));
#12572 = CARTESIAN_POINT('',(291.10154151569,325.41813070964,
    809.09708415371));
#12573 = CARTESIAN_POINT('',(291.39070040597,325.01263576408,
    808.01732294641));
#12574 = CARTESIAN_POINT('',(291.67950806581,325.11981843188,
    806.7763264065));
#12575 = CARTESIAN_POINT('',(291.9689819981,325.80664071315,
    805.65189808021));
#12576 = CARTESIAN_POINT('',(292.25761047043,326.96347908901,
    804.95938298898));
#12577 = CARTESIAN_POINT('',(292.54696432598,328.27828040771,
    804.88262319766));
#12578 = CARTESIAN_POINT('',(292.83591511447,329.42360723815,
    805.37374903346));
#12579 = CARTESIAN_POINT('',(293.12499437339,330.1846116397,
    806.24010895443));
#12580 = CARTESIAN_POINT('',(293.70312202042,330.79418118689,
    808.2495916734));
#12581 = CARTESIAN_POINT('',(293.99216447134,330.64246925572,
    809.39280780986));
#12582 = CARTESIAN_POINT('',(294.28129404155,329.96439533453,
    810.43711945192));
#12583 = CARTESIAN_POINT('',(294.57025352566,328.82549703229,
    811.10454061659));
#12584 = CARTESIAN_POINT('',(294.8593867934,327.4827654399,
    811.17044082205));
#12585 = CARTESIAN_POINT('',(295.14846635435,326.28395958535,
    810.61787095578));
#12586 = CARTESIAN_POINT('',(295.43745279573,325.50675603934,
    809.64521344965));
#12587 = CARTESIAN_POINT('',(295.7265748782,325.24374666645,
    808.52221665438));
#12588 = CARTESIAN_POINT('',(296.01562499999,325.44857249354,
    807.49248951449));
#12589 = CARTESIAN_POINT('',(296.30465077522,325.65339845635,
    806.46275986267));
#12590 = CARTESIAN_POINT('',(296.59384789632,326.32590539713,
    805.52572378246));
#12591 = CARTESIAN_POINT('',(296.88260741335,327.41730478956,
    804.92537736212));
#12592 = CARTESIAN_POINT('',(297.17213048047,328.73380976905,
    804.87175520926));
#12593 = CARTESIAN_POINT('',(297.46071836876,329.952320859,
    805.44888637076));
#12594 = CARTESIAN_POINT('',(297.75009896473,330.74660816224,
    806.49946088263));
#12595 = CARTESIAN_POINT('',(298.03903617933,330.97456178946,
    807.72461892907));
#12596 = CARTESIAN_POINT('',(298.32812032964,330.67700108094,
    808.83869519186));
#12597 = CARTESIAN_POINT('',(298.90624606417,329.34483606852,
    810.46194239596));
#12598 = CARTESIAN_POINT('',(299.19533021448,328.31021751083,
    810.97113070556));
#12599 = CARTESIAN_POINT('',(299.48426742908,327.06412898089,
    810.98657319936));
#12600 = CARTESIAN_POINT('',(299.77364802505,325.87878339237,
    810.41250442263));
#12601 = CARTESIAN_POINT('',(300.06223591334,325.07502228962,
    809.3299991135));
#12602 = CARTESIAN_POINT('',(300.35175898045,324.87077716819,
    808.02832917608));
#12603 = CARTESIAN_POINT('',(300.64051849749,325.24666704338,
    806.8407790675));
#12604 = CARTESIAN_POINT('',(300.92971561859,326.0344989276,
    805.99838775517));
#12605 = CARTESIAN_POINT('',(301.21874139382,327.00448318583,
    805.59660750472));
#12606 = CARTESIAN_POINT('',(301.5077915156,327.97446500689,
    805.19482787748));
#12607 = CARTESIAN_POINT('',(301.79695040608,329.12721048389,
    805.23340612169));
#12608 = CARTESIAN_POINT('',(302.08575806571,330.23272475581,
    805.80733881015));
#12609 = CARTESIAN_POINT('',(302.37523199819,331.00872556424,
    806.87217994965));
#12610 = CARTESIAN_POINT('',(302.66386047036,331.20582320261,
    808.2059732996));
#12611 = CARTESIAN_POINT('',(302.95321432602,330.77358732122,
    809.45006602767));
#12612 = CARTESIAN_POINT('',(303.24216511445,329.88154861098,
    810.32026432379));
#12613 = CARTESIAN_POINT('',(303.5312443734,328.78991263578,
    810.69179912631));
#12614 = CARTESIAN_POINT('',(304.10937202041,326.7001205142,
    810.48597221042));
#12615 = CARTESIAN_POINT('',(304.3984512794,325.70194305786,
    809.90860839316));
#12616 = CARTESIAN_POINT('',(304.68740206768,324.99681223491,
    808.88110235537));
#12617 = CARTESIAN_POINT('',(304.97675592366,324.81559253724,
    807.57658942168));
#12618 = CARTESIAN_POINT('',(305.26538439532,325.26911360378,
    806.30687653205));
#12619 = CARTESIAN_POINT('',(305.55485832841,326.23794427715,
    805.41388659211));
#12620 = CARTESIAN_POINT('',(305.84366598748,327.43418523303,
    805.06665739948));
#12621 = CARTESIAN_POINT('',(306.13282487834,328.57230720761,
    805.25371029698));
#12622 = CARTESIAN_POINT('',(306.42187499993,329.44526758569,
    805.83700420266));
#12623 = CARTESIAN_POINT('',(306.71090077533,330.31823023253,
    806.42029919498));
#12624 = CARTESIAN_POINT('',(307.0000978962,330.92658142389,
    807.40020277646));
#12625 = CARTESIAN_POINT('',(307.28885741344,331.06356872847,
    808.63826696569));
#12626 = CARTESIAN_POINT('',(307.57838048043,330.60930449372,
    809.87507928016));
#12627 = CARTESIAN_POINT('',(307.86696836878,329.60980081976,
    810.77997820252));
#12628 = CARTESIAN_POINT('',(308.15634896472,328.33523593937,
    811.11176652475));
#12629 = CARTESIAN_POINT('',(308.44528617933,327.11610341969,
    810.8535205289));
#12630 = CARTESIAN_POINT('',(308.73437032964,326.20070271612,
    810.15227175246));
#12631 = CARTESIAN_POINT('',(309.31249606417,325.21081532747,
    808.30032195191));
#12632 = CARTESIAN_POINT('',(309.60158021448,325.13631805088,
    807.14960111247));
#12633 = CARTESIAN_POINT('',(309.89051742908,325.5989084826,
    805.99245583743));
#12634 = CARTESIAN_POINT('',(310.17989802503,326.58289099402,
    805.11702591913));
#12635 = CARTESIAN_POINT('',(310.46848591337,327.89058155058,
    804.78870433453));
#12636 = CARTESIAN_POINT('',(310.75800898039,329.17132898794,
    805.09813396669));
#12637 = CARTESIAN_POINT('',(311.04676849757,330.12463539947,
    805.8998666805));
#12638 = CARTESIAN_POINT('',(311.33596561851,330.60141328171,
    806.9500976322));
#12639 = CARTESIAN_POINT('',(311.62499139387,330.60141292639,
    808.00000088052));
#12640 = CARTESIAN_POINT('',(273.04017981319,328.,802.68727710487));
#12641 = CARTESIAN_POINT('',(273.32922822573,330.14423528417,
    802.68730248803));
#12642 = CARTESIAN_POINT('',(273.61834236576,332.28865922876,
    803.66086003848));
#12643 = CARTESIAN_POINT('',(273.90728864293,333.92693916207,
    805.60813399625));
#12644 = CARTESIAN_POINT('',(274.19652781429,334.55757134531,
    808.22311688514));
#12645 = CARTESIAN_POINT('',(274.48540825547,333.88818441605,
    810.89434057419));
#12646 = CARTESIAN_POINT('',(274.7745927756,332.0997259987,
    812.90350079148));
#12647 = CARTESIAN_POINT('',(275.0636072167,329.73675029166,
    813.84836255028));
#12648 = CARTESIAN_POINT('',(275.35267802166,327.38666448756,
    813.69619407715));
#12649 = CARTESIAN_POINT('',(275.93080330342,323.6045382201,
    811.67460590421));
#12650 = CARTESIAN_POINT('',(276.21987410841,322.17238586744,
    809.80510422823));
#12651 = CARTESIAN_POINT('',(276.50888854937,321.64516220818,
    807.31551470271));
#12652 = CARTESIAN_POINT('',(276.79807306987,322.32225563186,
    804.71200202711));
#12653 = CARTESIAN_POINT('',(277.08695351044,324.17110769505,
    802.6717362075));
#12654 = CARTESIAN_POINT('',(277.37619268245,326.69611881157,
    801.74292563595));
#12655 = CARTESIAN_POINT('',(277.66513895917,329.22510169299,
    802.02349116955));
#12656 = CARTESIAN_POINT('',(277.9542530994,331.22611080983,
    803.26553223048));
#12657 = CARTESIAN_POINT('',(278.24330151189,332.41736288766,
    805.04841288875));
#12658 = CARTESIAN_POINT('',(278.53235925649,333.60862852928,
    806.83128333566));
#12659 = CARTESIAN_POINT('',(278.82145876822,333.99050203681,
    809.15520216457));
#12660 = CARTESIAN_POINT('',(279.11042341045,333.28160894828,
    811.59920964558));
#12661 = CARTESIAN_POINT('',(279.39964393543,331.4576637331,
    813.57638804742));
#12662 = CARTESIAN_POINT('',(279.68853963866,328.8647529532,
    814.50384894797));
#12663 = CARTESIAN_POINT('',(279.97771427148,326.20056877584,
    814.13304046988));
#12664 = CARTESIAN_POINT('',(280.26673355677,324.10215295341,
    812.69322978106));
#12665 = CARTESIAN_POINT('',(280.55580277342,322.92303640771,
    810.65466629964));
#12666 = CARTESIAN_POINT('',(281.133928422,322.50268929907,
    806.38680862765));
#12667 = CARTESIAN_POINT('',(281.42299893898,323.26146150142,
    804.15737829726));
#12668 = CARTESIAN_POINT('',(281.71201374261,325.03857029047,
    802.33586561899));
#12669 = CARTESIAN_POINT('',(282.00119789298,327.57948438318,
    801.45241448365));
#12670 = CARTESIAN_POINT('',(282.29007863927,330.30307102539,
    801.85616750292));
#12671 = CARTESIAN_POINT('',(282.57931760985,332.4781695153,
    803.4396182302));
#12672 = CARTESIAN_POINT('',(282.86826398881,333.64991555594,
    805.69826439391));
#12673 = CARTESIAN_POINT('',(283.15737809221,333.72889720476,
    808.05208375019));
#12674 = CARTESIAN_POINT('',(283.44642651188,332.90831031987,
    810.03308906843));
#12675 = CARTESIAN_POINT('',(283.7354842565,332.08773945074,
    812.01409999925));
#12676 = CARTESIAN_POINT('',(284.0245837682,330.36762911655,
    813.62271634175));
#12677 = CARTESIAN_POINT('',(284.31354841049,327.94167126556,
    814.39111108614));
#12678 = CARTESIAN_POINT('',(284.60276893538,325.28437783799,
    813.97301753044));
#12679 = CARTESIAN_POINT('',(284.8916646387,323.07267823653,
    812.33236067837));
#12680 = CARTESIAN_POINT('',(285.18083927146,321.90085279371,
    809.91116234062));
#12681 = CARTESIAN_POINT('',(285.46985855678,321.93219426156,
    807.36647739045));
#12682 = CARTESIAN_POINT('',(285.75892777342,322.97211579504,
    805.25351262493));
#12683 = CARTESIAN_POINT('',(286.337053422,326.28717741783,
    802.53291209615));
#12684 = CARTESIAN_POINT('',(286.62612393898,328.56243223956,
    801.92520299691));
#12685 = CARTESIAN_POINT('',(286.9151387426,331.06427342402,
    802.39083672964));
#12686 = CARTESIAN_POINT('',(287.20432289299,333.21049243154,
    804.01271043212));
#12687 = CARTESIAN_POINT('',(287.49320363925,334.38792773067,
    806.5016031205));
#12688 = CARTESIAN_POINT('',(287.78244260988,334.27975654317,
    809.18984950827));
#12689 = CARTESIAN_POINT('',(288.07138898877,333.05274811397,
    811.41895730975));
#12690 = CARTESIAN_POINT('',(288.36050309223,331.13949869942,
    812.79234011904));
#12691 = CARTESIAN_POINT('',(288.64955151187,329.03645932863,
    813.2106346462));
#12692 = CARTESIAN_POINT('',(288.93860925652,326.93342418906,
    813.62894560829));
#12693 = CARTESIAN_POINT('',(289.22769464878,324.64031739547,
    813.09181911914));
#12694 = CARTESIAN_POINT('',(289.51672787101,322.65338325854,
    811.50455137097));
#12695 = CARTESIAN_POINT('',(289.80579711672,321.52524770506,
    809.05631545143));
#12696 = CARTESIAN_POINT('',(290.09488645735,321.65995133339,
    806.3141702988));
#12697 = CARTESIAN_POINT('',(290.38390981097,323.02261833088,
    803.98819047818));
#12698 = CARTESIAN_POINT('',(290.67299767617,325.15561163825,
    802.60344398393));
#12699 = CARTESIAN_POINT('',(290.96205277342,327.49027799359,
    802.29360043844));
#12700 = CARTESIAN_POINT('',(291.540178422,331.59412421873,
    803.53848877099));
#12701 = CARTESIAN_POINT('',(291.82924893898,333.36347971936,
    805.09266892962));
#12702 = CARTESIAN_POINT('',(292.11826374261,334.36626790996,
    807.4315660907));
#12703 = CARTESIAN_POINT('',(292.40744789299,334.21010460549,
    810.11714672761));
#12704 = CARTESIAN_POINT('',(292.69632863925,332.7948139703,
    812.47890309013));
#12705 = CARTESIAN_POINT('',(292.98556760987,330.49952209666,
    813.88247170687));
#12706 = CARTESIAN_POINT('',(293.27451398878,327.96439733823,
    814.10067742465));
#12707 = CARTESIAN_POINT('',(293.56362809223,325.7595268432,
    813.27287928308));
#12708 = CARTESIAN_POINT('',(293.85267651188,324.24334158158,
    811.75665794073));
#12709 = CARTESIAN_POINT('',(294.14173426372,322.72714499271,
    810.24044924541));
#12710 = CARTESIAN_POINT('',(294.43083373854,321.89923507082,
    808.03568369989));
#12711 = CARTESIAN_POINT('',(294.71979848311,322.11770458806,
    805.50033893082));
#12712 = CARTESIAN_POINT('',(295.00901880655,323.52087519646,
    803.20531744869));
#12713 = CARTESIAN_POINT('',(295.2979148156,325.88302473049,
    801.78982557357));
#12714 = CARTESIAN_POINT('',(295.58708907821,328.56835916293,
    801.63375261455));
#12715 = CARTESIAN_POINT('',(295.87610872621,330.90734699647,
    802.63651703515));
#12716 = CARTESIAN_POINT('',(296.16517765485,332.46151166912,
    804.40587593662));
#12717 = CARTESIAN_POINT('',(296.74330367024,333.70639899793,
    808.50972217525));
#12718 = CARTESIAN_POINT('',(297.03235847948,333.39658053518,
    810.84439296153));
#12719 = CARTESIAN_POINT('',(297.32144670739,332.01173282437,
    812.97736415666));
#12720 = CARTESIAN_POINT('',(297.61046969084,329.68591595789,
    814.34007335438));
#12721 = CARTESIAN_POINT('',(297.89955933708,326.94366977475,
    814.47475033466));
#12722 = CARTESIAN_POINT('',(298.18862838166,324.49538644193,
    813.34659361355));
#12723 = CARTESIAN_POINT('',(298.47766170577,322.90824593777,
    811.35970126525));
#12724 = CARTESIAN_POINT('',(298.76674706144,322.37103169096,
    809.06657093968));
#12725 = CARTESIAN_POINT('',(299.05580481319,322.7893595856,
    806.9635391796));
#12726 = CARTESIAN_POINT('',(299.34485322574,323.20770403307,
    804.86050972717));
#12727 = CARTESIAN_POINT('',(299.63396736574,324.58091130612,
    802.94722194339));
#12728 = CARTESIAN_POINT('',(299.92291364294,326.8103815005,
    801.72031540312));
#12729 = CARTESIAN_POINT('',(300.21215281428,329.49814846218,
    801.61195849425));
#12730 = CARTESIAN_POINT('',(300.50103325547,331.98745442544,
    802.7896132311));
#12731 = CARTESIAN_POINT('',(300.7902177756,333.609098264,
    804.93567463519));
#12732 = CARTESIAN_POINT('',(301.0792322167,334.07481107744,
    807.4375798114));
#12733 = CARTESIAN_POINT('',(301.36830302166,333.46708748256,
    809.71282277932));
#12734 = CARTESIAN_POINT('',(301.94642830342,330.74648732809,
    813.02788426343));
#12735 = CARTESIAN_POINT('',(302.2354991084,328.63350853893,
    814.06779652624));
#12736 = CARTESIAN_POINT('',(302.52451354937,326.08889954461,
    814.0991949085));
#12737 = CARTESIAN_POINT('',(302.81369806987,323.66750700907,
    812.92719151883));
#12738 = CARTESIAN_POINT('',(303.10257851045,322.0271374695,
    810.71582851387));
#12739 = CARTESIAN_POINT('',(303.39181768244,321.60877896442,
    808.05813282445));
#12740 = CARTESIAN_POINT('',(303.68076395918,322.37733359468,
    805.63247926022));
#12741 = CARTESIAN_POINT('',(303.96987809939,323.98588669787,
    803.91222916305));
#12742 = CARTESIAN_POINT('',(304.25892651189,325.96691155568,
    803.09168942158));
#12743 = CARTESIAN_POINT('',(304.54798426368,327.9479290511,
    802.27113437365));
#12744 = CARTESIAN_POINT('',(304.83708373858,330.30169422312,
    802.34997258845));
#12745 = CARTESIAN_POINT('',(305.12604848307,332.5604426985,
    803.52204654248));
#12746 = CARTESIAN_POINT('',(305.41526880658,334.1437959278,
    805.69667384624));
#12747 = CARTESIAN_POINT('',(305.70416481557,334.54758440829,
    808.42070074279));
#12748 = CARTESIAN_POINT('',(305.99333907823,333.66414402301,
    810.96135279848));
#12749 = CARTESIAN_POINT('',(306.2823587262,331.8426186065,
    812.73855445437));
#12750 = CARTESIAN_POINT('',(306.57142765485,329.61319106038,
    813.49731104807));
#12751 = CARTESIAN_POINT('',(307.14955367023,325.34533376004,
    813.07696300696));
#12752 = CARTESIAN_POINT('',(307.43862259893,323.30676896677,
    811.89783258844));
#12753 = CARTESIAN_POINT('',(307.72764224669,321.86695730685,
    809.79950341885));
#12754 = CARTESIAN_POINT('',(308.01681650985,321.49618012956,
    807.13507488611));
#12755 = CARTESIAN_POINT('',(308.30571251804,322.42353452223,
    804.5425657718));
#12756 = CARTESIAN_POINT('',(308.59493284243,324.4008832733,
    802.71820609661));
#12757 = CARTESIAN_POINT('',(308.88389758625,326.84474331833,
    802.00958627758));
#12758 = CARTESIAN_POINT('',(309.1729970615,329.16872985207,
    802.39135236198));
#12759 = CARTESIAN_POINT('',(309.46205481316,330.95159069678,
    803.58263235416));
#12760 = CARTESIAN_POINT('',(309.75110322578,332.73444307515,
    804.77392675583));
#12761 = CARTESIAN_POINT('',(310.04021736569,333.97658682574,
    806.77478838565));
#12762 = CARTESIAN_POINT('',(310.32916364298,334.25691936022,
    809.30406707242));
#12763 = CARTESIAN_POINT('',(310.61840281426,333.32846420434,
    811.82870635045));
#12764 = CARTESIAN_POINT('',(310.90728325548,331.28783694627,
    813.67785622312));
#12765 = CARTESIAN_POINT('',(311.1964677756,328.68455850937,
    814.35479763046));
#12766 = CARTESIAN_POINT('',(311.4854822167,326.19487894683,
    813.82762250652));
#12767 = CARTESIAN_POINT('',(311.77455302166,324.32539428849,
    812.39546132736));
#12768 = CARTESIAN_POINT('',(312.35267830342,322.30380543952,
    808.61333542126));
#12769 = CARTESIAN_POINT('',(312.6417491084,322.15165375985,
    806.26324037123));
#12770 = CARTESIAN_POINT('',(312.93076354937,323.09642514109,
    803.90031256246));
#12771 = CARTESIAN_POINT('',(313.21994806986,325.10584189144,
    802.11174383854));
#12772 = CARTESIAN_POINT('',(313.50882851047,327.77661715646,
    801.44249198023));
#12773 = CARTESIAN_POINT('',(313.79806768241,330.39210667617,
    802.07303522861));
#12774 = CARTESIAN_POINT('',(314.08701395922,332.33900523336,
    803.7113445529));
#12775 = CARTESIAN_POINT('',(314.37612809936,333.31274246615,
    805.85576505359));
#12776 = CARTESIAN_POINT('',(314.66517651192,333.31271694681,
    808.00000033776));
#12777 = CARTESIAN_POINT('',(272.65846892091,328.,799.4));
#12778 = CARTESIAN_POINT('',(272.94754477967,331.47103931721,
    799.40002219616));
#12779 = CARTESIAN_POINT('',(273.23655831079,334.94209656495,
    800.97601156768));
#12780 = CARTESIAN_POINT('',(273.52573102184,337.59465374037,
    804.12815296128));
#12781 = CARTESIAN_POINT('',(273.81462598907,338.61466334336,
    808.36114548125));
#12782 = CARTESIAN_POINT('',(274.10386113058,337.53184839445,
    812.68526155089));
#12783 = CARTESIAN_POINT('',(274.39280792218,334.63633081935,
    815.93755272684));
#12784 = CARTESIAN_POINT('',(274.68191599513,330.81139896204,
    817.46707596406));
#12785 = CARTESIAN_POINT('',(274.97097061977,327.0071575494,
    817.22074799315));
#12786 = CARTESIAN_POINT('',(275.54909535258,320.88482198273,
    813.94829211652));
#12787 = CARTESIAN_POINT('',(275.83814997723,318.56649197382,
    810.9220187572));
#12788 = CARTESIAN_POINT('',(276.12725805006,317.71318305363,
    806.89202536094));
#12789 = CARTESIAN_POINT('',(276.41620484199,318.80883359123,
    802.67740941158));
#12790 = CARTESIAN_POINT('',(276.70543998297,321.80236429502,
    799.37504735715));
#12791 = CARTESIAN_POINT('',(276.99433495076,325.88898096233,
    797.87111862161));
#12792 = CARTESIAN_POINT('',(277.28350766141,329.98331391949,
    798.32560683115));
#12793 = CARTESIAN_POINT('',(277.57252119271,333.22224638864,
    800.33602264442));
#12794 = CARTESIAN_POINT('',(277.86159705143,335.15063416295,
    803.22209861951));
#12795 = CARTESIAN_POINT('',(278.15066406088,337.07903455838,
    806.10816725037));
#12796 = CARTESIAN_POINT('',(278.43969146357,337.69704341815,
    809.86983028167));
#12797 = CARTESIAN_POINT('',(278.72884675959,336.54984049298,
    813.82657230208));
#12798 = CARTESIAN_POINT('',(279.01775940863,333.59689738337,
    817.02641874988));
#12799 = CARTESIAN_POINT('',(279.30698007758,329.39996733479,
    818.52842906803));
#12800 = CARTESIAN_POINT('',(279.59593624504,325.08710919179,
    817.9277782162));
#12801 = CARTESIAN_POINT('',(279.88503972438,321.69034542277,
    815.59721733944));
#12802 = CARTESIAN_POINT('',(280.17409585516,319.78163419077,
    812.29725498097));
#12803 = CARTESIAN_POINT('',(280.75222024014,319.10119491271,
    805.38863963553));
#12804 = CARTESIAN_POINT('',(281.04127513789,320.32945371342,
    801.77971151528));
#12805 = CARTESIAN_POINT('',(281.33038286681,323.20619821921,
    798.8312664198));
#12806 = CARTESIAN_POINT('',(281.61933000973,327.3192336283,
    797.4007516766));
#12807 = CARTESIAN_POINT('',(281.9085648608,331.72816429297,
    798.05508719123));
#12808 = CARTESIAN_POINT('',(282.19746001961,335.24903763506,
    800.61744688928));
#12809 = CARTESIAN_POINT('',(282.48663263331,337.14583415418,
    804.27426036501));
#12810 = CARTESIAN_POINT('',(282.77564619954,337.27368891373,
    808.08426150055));
#12811 = CARTESIAN_POINT('',(283.06472205144,335.94535929659,
    811.29107523189));
#12812 = CARTESIAN_POINT('',(283.35378906087,334.61704278807,
    814.4978953828));
#12813 = CARTESIAN_POINT('',(283.64281646361,331.83268161202,
    817.10161897662));
#12814 = CARTESIAN_POINT('',(283.93197175953,327.90541906194,
    818.34600269163));
#12815 = CARTESIAN_POINT('',(284.2208844087,323.60427668497,
    817.66845966554));
#12816 = CARTESIAN_POINT('',(284.51010507753,320.0237113431,
    815.01331208784));
#12817 = CARTESIAN_POINT('',(284.79906124506,318.12703867044,
    811.09359786592));
#12818 = CARTESIAN_POINT('',(285.08816472437,318.17768838047,
    806.9745017625));
#12819 = CARTESIAN_POINT('',(285.37722085516,319.86108365933,
    803.55410551796));
#12820 = CARTESIAN_POINT('',(285.95534524014,325.22735557388,
    799.15011989793));
#12821 = CARTESIAN_POINT('',(286.24440013789,328.91045366697,
    798.16636673005));
#12822 = CARTESIAN_POINT('',(286.53350786681,332.96022978283,
    798.92022404023));
#12823 = CARTESIAN_POINT('',(286.82245500974,336.43473936237,
    801.545336588));
#12824 = CARTESIAN_POINT('',(287.1116898608,338.3401499025,
    805.57475779272));
#12825 = CARTESIAN_POINT('',(287.4005850196,338.16571810082,
    809.92582776003));
#12826 = CARTESIAN_POINT('',(287.68975763333,336.17899250205,
    813.53457314113));
#12827 = CARTESIAN_POINT('',(287.97877119952,333.08212463356,
    815.75760370725));
#12828 = CARTESIAN_POINT('',(288.26784705145,329.67777606871,
    816.43474824739));
#12829 = CARTESIAN_POINT('',(288.55691406084,326.27342944895,
    817.11190725359));
#12830 = CARTESIAN_POINT('',(288.84595485268,322.56162713358,
    816.24237380303));
#12831 = CARTESIAN_POINT('',(289.13504511609,319.34497839698,
    813.6730432074));
#12832 = CARTESIAN_POINT('',(289.42410121923,317.5189937236,
    809.7099255718));
#12833 = CARTESIAN_POINT('',(289.71313826702,317.73709840992,
    805.27101825069));
#12834 = CARTESIAN_POINT('',(290.00223788848,319.94273235767,
    801.50589030122));
#12835 = CARTESIAN_POINT('',(290.29127633534,323.39566374757,
    799.26428313767));
#12836 = CARTESIAN_POINT('',(290.58034585516,327.1748865134,
    798.76273175229));
#12837 = CARTESIAN_POINT('',(291.15847024014,333.81800766748,
    800.77790046346));
#12838 = CARTESIAN_POINT('',(291.44752513789,336.6821881984,
    803.29374063028));
#12839 = CARTESIAN_POINT('',(291.73663286681,338.30531381334,
    807.07982708873));
#12840 = CARTESIAN_POINT('',(292.02558000974,338.05294659773,
    811.42721061164));
#12841 = CARTESIAN_POINT('',(292.3148148608,335.7611946886,
    815.25012805235));
#12842 = CARTESIAN_POINT('',(292.6037100196,332.04650311309,
    817.52241826547));
#12843 = CARTESIAN_POINT('',(292.89288263333,327.9421753863,
    817.87542781439));
#12844 = CARTESIAN_POINT('',(293.18189619952,324.37326542004,
    816.53552589805));
#12845 = CARTESIAN_POINT('',(293.47097205144,321.91888558631,
    814.08111486665));
#12846 = CARTESIAN_POINT('',(293.76003905402,319.46449479416,
    811.62671348653));
#12847 = CARTESIAN_POINT('',(294.04906649173,318.12449680558,
    808.05789731783));
#12848 = CARTESIAN_POINT('',(294.33822169068,318.4777343171,
    803.95337475668));
#12849 = CARTESIAN_POINT('',(294.62713453086,320.74967868662,
    800.23892191999));
#12850 = CARTESIAN_POINT('',(294.91635490979,324.5729377577,
    797.94699175127));
#12851 = CARTESIAN_POINT('',(295.20531142831,328.920107274,
    797.69470453044));
#12852 = CARTESIAN_POINT('',(295.49441456371,332.70627249797,
    799.31780844998));
#12853 = CARTESIAN_POINT('',(295.7834709676,335.22209953762,
    802.18199198408));
#12854 = CARTESIAN_POINT('',(296.36159500474,337.23726779828,
    808.82511295733));
#12855 = CARTESIAN_POINT('',(296.65066479763,336.73573865491,
    812.60433967165));
#12856 = CARTESIAN_POINT('',(296.93970290071,334.49404318235,
    816.05725183826));
#12857 = CARTESIAN_POINT('',(297.22880287294,330.72905793411,
    818.26292300614));
#12858 = CARTESIAN_POINT('',(297.51783963102,326.29006224261,
    818.48100466768));
#12859 = CARTESIAN_POINT('',(297.80689592512,322.32690304256,
    816.6550017946));
#12860 = CARTESIAN_POINT('',(298.09598609153,319.7576834711,
    813.43838977036));
#12861 = CARTESIAN_POINT('',(298.38502691833,318.8880730204,
    809.72656694464));
#12862 = CARTESIAN_POINT('',(298.67409392091,319.56524658853,
    806.32222323066));
#12863 = CARTESIAN_POINT('',(298.96316977966,320.24243453631,
    802.91788329089));
#12864 = CARTESIAN_POINT('',(299.2521833108,322.46531139021,
    799.82098170885));
#12865 = CARTESIAN_POINT('',(299.54135602184,326.07437350427,
    797.83434495531));
#12866 = CARTESIAN_POINT('',(299.83025098907,330.42502426187,
    797.6597504246));
#12867 = CARTESIAN_POINT('',(300.11948613058,334.45480693662,
    799.56535258439));
#12868 = CARTESIAN_POINT('',(300.40843292218,337.07971879346,
    803.03972413398));
#12869 = CARTESIAN_POINT('',(300.69754099513,337.83364548284,
    807.08955617906));
#12870 = CARTESIAN_POINT('',(300.98659561976,336.8498799526,
    810.77264395651));
#12871 = CARTESIAN_POINT('',(301.56472035258,332.44589498083,
    816.13891609124));
#12872 = CARTESIAN_POINT('',(301.85377497723,329.02548686755,
    817.82230339492));
#12873 = CARTESIAN_POINT('',(302.14288305006,324.90645635238,
    817.87300351408));
#12874 = CARTESIAN_POINT('',(302.43182984199,320.98657388284,
    815.97617481158));
#12875 = CARTESIAN_POINT('',(302.72106498297,318.33167465834,
    812.39590508428));
#12876 = CARTESIAN_POINT('',(303.00995995076,317.65390285325,
    808.09440966902));
#12877 = CARTESIAN_POINT('',(303.2991326614,318.89842293438,
    804.1674144227));
#12878 = CARTESIAN_POINT('',(303.58814619272,321.50209354992,
    801.38292980117));
#12879 = CARTESIAN_POINT('',(303.87722205143,324.70892417627,
    800.05464094853));
#12880 = CARTESIAN_POINT('',(304.16628905405,327.91575006866,
    798.7263382755));
#12881 = CARTESIAN_POINT('',(304.45531649169,331.7257013118,
    798.85406838105));
#12882 = CARTESIAN_POINT('',(304.74447169071,335.38260755351,
    800.75115007009));
#12883 = CARTESIAN_POINT('',(305.03338453083,337.94487903424,
    804.27161253291));
#12884 = CARTESIAN_POINT('',(305.32260490981,338.59924850299,
    808.68092703993));
#12885 = CARTESIAN_POINT('',(305.61156142829,337.16874175103,
    812.79373411997));
#12886 = CARTESIAN_POINT('',(305.90066456372,334.22028655723,
    815.67055969811));
#12887 = CARTESIAN_POINT('',(306.1897209676,330.61136068594,
    816.89880522162));
#12888 = CARTESIAN_POINT('',(306.76784500474,323.70274567998,
    816.21836559656));
#12889 = CARTESIAN_POINT('',(307.05690140863,320.40278198811,
    814.30964249033));
#12890 = CARTESIAN_POINT('',(307.34600454399,318.0722200815,
    810.91295463544));
#12891 = CARTESIAN_POINT('',(307.63496106267,317.47159622798,
    806.59988288642));
#12892 = CARTESIAN_POINT('',(307.92418144132,318.97351316302,
    802.40330394311));
#12893 = CARTESIAN_POINT('',(308.21309428177,322.17350832585,
    799.44999819617));
#12894 = CARTESIAN_POINT('',(308.50224948061,326.130121357,
    798.30303393969));
#12895 = CARTESIAN_POINT('',(308.79127691827,329.89184363039,
    798.92094859715));
#12896 = CARTESIAN_POINT('',(309.08034392094,332.77790400394,
    800.84936133423));
#12897 = CARTESIAN_POINT('',(309.36941977963,335.66395538785,
    802.77778591184));
#12898 = CARTESIAN_POINT('',(309.65843331082,337.67446122947,
    806.0165892677));
#12899 = CARTESIAN_POINT('',(309.94760602183,338.12874598716,
    810.11118085798));
#12900 = CARTESIAN_POINT('',(310.23650098907,336.62512833571,
    814.19747248048));
#12901 = CARTESIAN_POINT('',(310.52573613058,333.32245043742,
    817.19126383881));
#12902 = CARTESIAN_POINT('',(310.81468292218,329.10803939544,
    818.28678174814));
#12903 = CARTESIAN_POINT('',(311.10379099513,325.07796720562,
    817.43351555793));
#12904 = CARTESIAN_POINT('',(311.39284561976,322.05170856135,
    815.11517804738));
#12905 = CARTESIAN_POINT('',(311.97097035258,318.77925165527,
    808.99284303096));
#12906 = CARTESIAN_POINT('',(312.26002497723,318.53293809699,
    805.18859355089));
#12907 = CARTESIAN_POINT('',(312.54913305006,320.06238203016,
    801.36370346852));
#12908 = CARTESIAN_POINT('',(312.83807984199,323.31489732299,
    798.46808920349));
#12909 = CARTESIAN_POINT('',(313.12731498297,327.63862119274,
    797.38539205724));
#12910 = CARTESIAN_POINT('',(313.41620995077,331.87205680678,
    798.40532358849));
#12911 = CARTESIAN_POINT('',(313.70538266139,335.02387012291,
    801.05790623909));
#12912 = CARTESIAN_POINT('',(313.99439619274,336.60001686533,
    804.52896036248));
#12913 = CARTESIAN_POINT('',(314.28347205141,336.59999479852,
    807.9999996797));
#12914 = CARTESIAN_POINT('',(270.,328.,799.4));
#12915 = CARTESIAN_POINT('',(270.28907585876,331.47104036692,799.4));
#12916 = CARTESIAN_POINT('',(270.57808938988,334.94209713143,
    800.97606846897));
#12917 = CARTESIAN_POINT('',(270.86726210092,337.59466790553,
    804.12804672771));
#12918 = CARTESIAN_POINT('',(271.15615706816,338.61463885963,
    808.36126205573));
#12919 = CARTESIAN_POINT('',(271.44539220968,337.53188256539,
    812.68518335339));
#12920 = CARTESIAN_POINT('',(271.73433900126,334.63631583009,
    815.93758762515));
#12921 = CARTESIAN_POINT('',(272.02344707422,330.81140373208,
    817.46707174416));
#12922 = CARTESIAN_POINT('',(272.31250169885,327.00715713068,
    817.2207509759));
#12923 = CARTESIAN_POINT('',(272.89062643166,320.88481992672,
    813.94829370892));
#12924 = CARTESIAN_POINT('',(273.1796810563,318.56648540952,
    810.9220268351));
#12925 = CARTESIAN_POINT('',(273.46878912926,317.71319752129,
    806.89199283928));
#12926 = CARTESIAN_POINT('',(273.75773592084,318.80878199742,
    802.67747804849));
#12927 = CARTESIAN_POINT('',(274.04697106236,321.80244387261,
    799.374957018));
#12928 = CARTESIAN_POINT('',(274.3358660296,325.88889922497,
    797.87118329328));
#12929 = CARTESIAN_POINT('',(274.62503874063,329.98336274562,
    798.3255698383));
#12930 = CARTESIAN_POINT('',(274.91405227176,333.22223167491,
    800.33603121335));
#12931 = CARTESIAN_POINT('',(275.20312813052,335.15063848785,
    803.22209572971));
#12932 = CARTESIAN_POINT('',(275.49219513996,337.07904569635,
    806.1081610707));
#12933 = CARTESIAN_POINT('',(275.78122254268,337.69700768446,
    809.86985483947));
#12934 = CARTESIAN_POINT('',(276.07037783865,336.54992389667,
    813.8265336098));
#12935 = CARTESIAN_POINT('',(276.35929048773,333.59679848464,
    817.02645538558));
#12936 = CARTESIAN_POINT('',(276.64851115668,329.40004297563,
    818.52841962347));
#12937 = CARTESIAN_POINT('',(276.93746732412,325.08707643793,
    817.92778207421));
#12938 = CARTESIAN_POINT('',(277.22657080347,321.69034982602,
    815.59722013416));
#12939 = CARTESIAN_POINT('',(277.51562693425,319.78163180328,
    812.29725607264));
#12940 = CARTESIAN_POINT('',(278.09375131922,319.10119229108,
    805.38863891451));
#12941 = CARTESIAN_POINT('',(278.38280621695,320.32944357192,
    801.77971039681));
#12942 = CARTESIAN_POINT('',(278.67191394601,323.20623304463,
    798.83126055032));
#12943 = CARTESIAN_POINT('',(278.96086108858,327.31914812654,
    797.40074675569));
#12944 = CARTESIAN_POINT('',(279.2500959402,331.72828344941,
    798.05510328061));
#12945 = CARTESIAN_POINT('',(279.53899109845,335.2489385468,
    800.61741479323));
#12946 = CARTESIAN_POINT('',(279.82816371252,337.14589200013,
    804.27428043628));
#12947 = CARTESIAN_POINT('',(280.11717727858,337.27367362385,
    808.08425402086));
#12948 = CARTESIAN_POINT('',(280.40625313053,335.94536410216,
    811.29107722242));
#12949 = CARTESIAN_POINT('',(280.69532013994,334.61705411419,
    814.49790121044));
#12950 = CARTESIAN_POINT('',(280.98434754272,331.83264134041,
    817.10160290877));
#12951 = CARTESIAN_POINT('',(281.27350283859,327.90549756996,
    818.34605054289));
#12952 = CARTESIAN_POINT('',(281.5624154878,323.60419127836,
    817.66839778806));
#12953 = CARTESIAN_POINT('',(281.85163615663,320.02376121972,
    815.0133697337));
#12954 = CARTESIAN_POINT('',(282.14059232415,318.12701726558,
    811.09357277551));
#12955 = CARTESIAN_POINT('',(282.42969580346,318.17768850304,
    806.97450697631));
#12956 = CARTESIAN_POINT('',(282.71875193425,319.86108142522,
    803.55410413934));
#12957 = CARTESIAN_POINT('',(283.29687631922,325.22735471689,
    799.15011731754));
#12958 = CARTESIAN_POINT('',(283.58593121696,328.91044896263,
    798.1663576763));
#12959 = CARTESIAN_POINT('',(283.87503894601,332.96025401108,
    798.9202497356));
#12960 = CARTESIAN_POINT('',(284.16398608858,336.43469595176,
    801.54526276196));
#12961 = CARTESIAN_POINT('',(284.4532209402,338.34020272439,
    805.57486580649));
#12962 = CARTESIAN_POINT('',(284.74211609844,338.16568973726,
    809.9257275395));
#12963 = CARTESIAN_POINT('',(285.03128871254,336.17900795087,
    813.53463238933));
#12964 = CARTESIAN_POINT('',(285.32030227856,333.08212235808,
    815.75758683865));
#12965 = CARTESIAN_POINT('',(285.60937813054,329.67777708348,
    816.43475334897));
#12966 = CARTESIAN_POINT('',(285.89844513992,326.2734308959,
    817.11191990853));
#12967 = CARTESIAN_POINT('',(286.18748593179,322.56161720603,
    816.24234774236));
#12968 = CARTESIAN_POINT('',(286.47657619514,319.34498575139,
    813.67307200206));
#12969 = CARTESIAN_POINT('',(286.76563229833,317.51899145759,
    809.70993230075));
#12970 = CARTESIAN_POINT('',(287.0546693461,317.73708445499,
    805.27097962868));
#12971 = CARTESIAN_POINT('',(287.34376896756,319.94273780312,
    801.50592163132));
#12972 = CARTESIAN_POINT('',(287.63280741442,323.39566039431,
    799.2642697855));
#12973 = CARTESIAN_POINT('',(287.92187693425,327.17488641848,
    798.76272912878));
#12974 = CARTESIAN_POINT('',(288.50000131922,333.81800933688,
    800.77789831731));
#12975 = CARTESIAN_POINT('',(288.78905621696,336.68219311272,
    803.29373168877));
#12976 = CARTESIAN_POINT('',(289.07816394601,338.30530590891,
    807.07986150936));
#12977 = CARTESIAN_POINT('',(289.36711108858,338.05298386419,
    811.42713350149));
#12978 = CARTESIAN_POINT('',(289.6563459402,335.76113422471,
    815.25023198138));
#12979 = CARTESIAN_POINT('',(289.94524109844,332.04657068546,
    817.52233900249));
#12980 = CARTESIAN_POINT('',(290.23441371254,327.94213470613,
    817.87547357615));
#12981 = CARTESIAN_POINT('',(290.52342727857,324.37327818158,
    816.53551463437));
#12982 = CARTESIAN_POINT('',(290.81250313054,321.91888190828,
    814.08111854468));
#12983 = CARTESIAN_POINT('',(291.1015701331,319.46448508696,
    811.62672172255));
#12984 = CARTESIAN_POINT('',(291.39059757084,318.1245270158,
    808.05786625153));
#12985 = CARTESIAN_POINT('',(291.67975276974,318.47766017676,
    803.95342899903));
#12986 = CARTESIAN_POINT('',(291.96866560996,320.7497683386,
    800.23886665449));
#12987 = CARTESIAN_POINT('',(292.25788598889,324.57286568624,
    797.9470158255));
#12988 = CARTESIAN_POINT('',(292.54684250739,328.92013834719,
    797.69469429722));
#12989 = CARTESIAN_POINT('',(292.8359456428,332.70626789593,
    799.31780662006));
#12990 = CARTESIAN_POINT('',(293.12500204669,335.22210148303,
    802.18199041116));
#12991 = CARTESIAN_POINT('',(293.70312608383,337.23727089381,
    808.82511322935));
#12992 = CARTESIAN_POINT('',(293.99219587674,336.73573039761,
    812.60433929195));
#12993 = CARTESIAN_POINT('',(294.28123397974,334.49407865547,
    816.05726194174));
#12994 = CARTESIAN_POINT('',(294.57033395209,330.72902076572,
    818.26291545551));
#12995 = CARTESIAN_POINT('',(294.85937071011,326.29006808074,
    818.48100859726));
#12996 = CARTESIAN_POINT('',(295.14842700414,322.32692832524,
    816.65501446485));
#12997 = CARTESIAN_POINT('',(295.43751717069,319.75765245817,
    813.43838309892));
#12998 = CARTESIAN_POINT('',(295.72655799739,318.88808015625,
    809.72656944394));
#12999 = CARTESIAN_POINT('',(296.015625,319.56524658853,806.32222323066)
  );
#13000 = CARTESIAN_POINT('',(296.30470085875,320.24241297144,
    802.91787793109));
#13001 = CARTESIAN_POINT('',(296.59371438989,322.46536730865,
    799.82099225415));
#13002 = CARTESIAN_POINT('',(296.88288710092,326.07427207546,
    797.83431033717));
#13003 = CARTESIAN_POINT('',(297.17178206816,330.42513381985,
    797.65979718045));
#13004 = CARTESIAN_POINT('',(297.46101720968,334.45473690809,
    799.56530381445));
#13005 = CARTESIAN_POINT('',(297.74996400126,337.07975009695,
    803.03974564355));
#13006 = CARTESIAN_POINT('',(298.03907207422,337.8336422746,
    807.08955067741));
#13007 = CARTESIAN_POINT('',(298.32812669885,336.84988279634,
    810.7726449491));
#13008 = CARTESIAN_POINT('',(298.90625143166,332.44589614153,
    816.13891841841));
#13009 = CARTESIAN_POINT('',(299.1953060563,329.02549350961,
    817.822311409));
#13010 = CARTESIAN_POINT('',(299.48441412926,324.90642727811,
    817.87298297975));
#13011 = CARTESIAN_POINT('',(299.77336092084,320.98663113548,
    815.97623880442));
#13012 = CARTESIAN_POINT('',(300.06259606236,318.33160157982,
    812.39580941147));
#13013 = CARTESIAN_POINT('',(300.3514910296,317.65395033612,
    808.09450245262));
#13014 = CARTESIAN_POINT('',(300.64066374062,318.89839617784,
    804.16735931782));
#13015 = CARTESIAN_POINT('',(300.92967727177,321.50209908368,
    801.38294590388));
#13016 = CARTESIAN_POINT('',(301.21875313052,324.70892218574,
    800.05463614297));
#13017 = CARTESIAN_POINT('',(301.50782013313,327.91574617433,
    798.72632615538));
#13018 = CARTESIAN_POINT('',(301.7968475708,331.72571845241,
    798.85410818027));
#13019 = CARTESIAN_POINT('',(302.08600276977,335.38258581234,
    800.75106081566));
#13020 = CARTESIAN_POINT('',(302.37491560993,337.94489578462,
    804.27171650977));
#13021 = CARTESIAN_POINT('',(302.66413598891,338.59925384184,
    808.68085124176));
#13022 = CARTESIAN_POINT('',(302.95309250738,337.16873931411,
    812.79376674396));
#13023 = CARTESIAN_POINT('',(303.24219564281,334.22029000898,
    815.67055614666));
#13024 = CARTESIAN_POINT('',(303.53125204669,330.61136139466,
    816.89880762087));
#13025 = CARTESIAN_POINT('',(304.10937608383,323.70274424406,
    816.21836835235));
#13026 = CARTESIAN_POINT('',(304.39843248769,320.40278008564,
    814.30965046321));
#13027 = CARTESIAN_POINT('',(304.68753562318,318.07221805159,
    810.91292392466));
#13028 = CARTESIAN_POINT('',(304.97649214153,317.47158030854,
    806.59995742298));
#13029 = CARTESIAN_POINT('',(305.2657125207,318.97354441748,
    802.40320184683));
#13030 = CARTESIAN_POINT('',(305.55462536062,322.1734660653,
    799.45007632295));
#13031 = CARTESIAN_POINT('',(305.84378055981,326.13014480199,
    798.3029923841));
#13032 = CARTESIAN_POINT('',(306.13280799733,329.89183859052,
    798.92095423345));
#13033 = CARTESIAN_POINT('',(306.42187500002,332.77790400396,
    800.84936133419));
#13034 = CARTESIAN_POINT('',(306.71095085871,335.66396859214,
    802.77776803967));
#13035 = CARTESIAN_POINT('',(306.99996438992,337.67443008784,
    806.01663689401));
#13036 = CARTESIAN_POINT('',(307.28913710091,338.1288167853,
    810.11110039786));
#13037 = CARTESIAN_POINT('',(307.57803206815,336.62504321286,
    814.19755580609));
#13038 = CARTESIAN_POINT('',(307.86726720968,333.32252229377,
    817.19121780437));
#13039 = CARTESIAN_POINT('',(308.15621400126,329.10800754384,
    818.28680243742));
#13040 = CARTESIAN_POINT('',(308.44532207422,325.07797351622,
    817.4335146993));
#13041 = CARTESIAN_POINT('',(308.73437669885,322.05170655607,
    815.11518029481));
#13042 = CARTESIAN_POINT('',(309.31250143166,318.77924906107,
    808.99284321273));
#13043 = CARTESIAN_POINT('',(309.6015560563,318.53292815114,
    805.1885966205));
#13044 = CARTESIAN_POINT('',(309.89066412926,320.06241212765,
    801.36368446554));
#13045 = CARTESIAN_POINT('',(310.17961092084,323.31481629168,
    798.46811760907));
#13046 = CARTESIAN_POINT('',(310.46884606236,327.63873754881,
    797.38536115383));
#13047 = CARTESIAN_POINT('',(310.75774102961,331.87195291505,
    798.40533195025));
#13048 = CARTESIAN_POINT('',(311.0469137406,335.02393127241,
    801.05790260696));
#13049 = CARTESIAN_POINT('',(311.33592727179,336.59999987074,
    804.52895931277));
#13050 = CARTESIAN_POINT('',(311.6250031305,336.59999999999,
    807.9999996797));
#13051 = ADVANCED_FACE('',(#13052),#13071,.T.);
#13052 = FACE_BOUND('',#13053,.T.);
#13053 = EDGE_LOOP('',(#13054,#13063,#13069,#13070));
#13054 = ORIENTED_EDGE('',*,*,#13055,.F.);
#13055 = EDGE_CURVE('',#13056,#13056,#13058,.T.);
#13056 = VERTEX_POINT('',#13057);
#13057 = CARTESIAN_POINT('',(270.,288.,799.4));
#13058 = CIRCLE('',#13059,1.6);
#13059 = AXIS2_PLACEMENT_3D('',#13060,#13061,#13062);
#13060 = CARTESIAN_POINT('',(270.,288.,801.));
#13061 = DIRECTION('',(0.,-1.,0.));
#13062 = DIRECTION('',(0.,0.,-1.));
#13063 = ORIENTED_EDGE('',*,*,#13064,.F.);
#13064 = EDGE_CURVE('',#11806,#13056,#13065,.T.);
#13065 = LINE('',#13066,#13067);
#13066 = CARTESIAN_POINT('',(270.,328.,799.4));
#13067 = VECTOR('',#13068,1.);
#13068 = DIRECTION('',(0.,-1.,0.));
#13069 = ORIENTED_EDGE('',*,*,#11805,.F.);
#13070 = ORIENTED_EDGE('',*,*,#13064,.T.);
#13071 = CYLINDRICAL_SURFACE('',#13072,1.6);
#13072 = AXIS2_PLACEMENT_3D('',#13073,#13074,#13075);
#13073 = CARTESIAN_POINT('',(270.,328.,801.));
#13074 = DIRECTION('',(0.,-1.,0.));
#13075 = DIRECTION('',(0.,0.,-1.));
#13076 = ADVANCED_FACE('',(#13077),#13120,.T.);
#13077 = FACE_BOUND('',#13078,.T.);
#13078 = EDGE_LOOP('',(#13079,#13089,#13096,#13097,#13104,#13111,#13112,
    #13113));
#13079 = ORIENTED_EDGE('',*,*,#13080,.T.);
#13080 = EDGE_CURVE('',#13081,#13083,#13085,.T.);
#13081 = VERTEX_POINT('',#13082);
#13082 = CARTESIAN_POINT('',(311.625,335.,809.6));
#13083 = VERTEX_POINT('',#13084);
#13084 = CARTESIAN_POINT('',(311.625,348.,809.6));
#13085 = LINE('',#13086,#13087);
#13086 = CARTESIAN_POINT('',(311.625,335.,809.6));
#13087 = VECTOR('',#13088,1.);
#13088 = DIRECTION('',(0.,1.,0.));
#13089 = ORIENTED_EDGE('',*,*,#13090,.F.);
#13090 = EDGE_CURVE('',#13083,#13083,#13091,.T.);
#13091 = CIRCLE('',#13092,1.6);
#13092 = AXIS2_PLACEMENT_3D('',#13093,#13094,#13095);
#13093 = CARTESIAN_POINT('',(311.625,348.,808.));
#13094 = DIRECTION('',(0.,1.,0.));
#13095 = DIRECTION('',(0.,0.,1.));
#13096 = ORIENTED_EDGE('',*,*,#13080,.F.);
#13097 = ORIENTED_EDGE('',*,*,#13098,.T.);
#13098 = EDGE_CURVE('',#13081,#12015,#13099,.T.);
#13099 = CIRCLE('',#13100,1.6);
#13100 = AXIS2_PLACEMENT_3D('',#13101,#13102,#13103);
#13101 = CARTESIAN_POINT('',(311.625,335.,808.));
#13102 = DIRECTION('',(0.,1.,0.));
#13103 = DIRECTION('',(0.,0.,1.));
#13104 = ORIENTED_EDGE('',*,*,#13105,.T.);
#13105 = EDGE_CURVE('',#12015,#11960,#13106,.T.);
#13106 = CIRCLE('',#13107,1.6);
#13107 = AXIS2_PLACEMENT_3D('',#13108,#13109,#13110);
#13108 = CARTESIAN_POINT('',(311.625,335.,808.));
#13109 = DIRECTION('',(0.,1.,0.));
#13110 = DIRECTION('',(0.,0.,1.));
#13111 = ORIENTED_EDGE('',*,*,#11959,.F.);
#13112 = ORIENTED_EDGE('',*,*,#12038,.T.);
#13113 = ORIENTED_EDGE('',*,*,#13114,.T.);
#13114 = EDGE_CURVE('',#12027,#13081,#13115,.T.);
#13115 = CIRCLE('',#13116,1.6);
#13116 = AXIS2_PLACEMENT_3D('',#13117,#13118,#13119);
#13117 = CARTESIAN_POINT('',(311.625,335.,808.));
#13118 = DIRECTION('',(0.,1.,0.));
#13119 = DIRECTION('',(0.,0.,1.));
#13120 = CYLINDRICAL_SURFACE('',#13121,1.6);
#13121 = AXIS2_PLACEMENT_3D('',#13122,#13123,#13124);
#13122 = CARTESIAN_POINT('',(311.625,335.,808.));
#13123 = DIRECTION('',(0.,1.,0.));
#13124 = DIRECTION('',(0.,0.,1.));
#13125 = ADVANCED_FACE('',(#13126),#13135,.T.);
#13126 = FACE_BOUND('',#13127,.T.);
#13127 = EDGE_LOOP('',(#13128,#13134));
#13128 = ORIENTED_EDGE('',*,*,#13129,.T.);
#13129 = EDGE_CURVE('',#12015,#12027,#13130,.T.);
#13130 = LINE('',#13131,#13132);
#13131 = CARTESIAN_POINT('',(311.62500000024,335.,808.));
#13132 = VECTOR('',#13133,1.);
#13133 = DIRECTION('',(-1.,0.,1.490457229742E-12));
#13134 = ORIENTED_EDGE('',*,*,#12026,.T.);
#13135 = PLANE('',#13136);
#13136 = AXIS2_PLACEMENT_3D('',#13137,#13138,#13139);
#13137 = CARTESIAN_POINT('',(311.62500000049,335.00025347717,
    807.99999999994));
#13138 = DIRECTION('',(1.490457229742E-12,2.001835749067E-07,1.));
#13139 = DIRECTION('',(-2.222484140132E-23,-1.,2.001835749067E-07));
#13140 = ADVANCED_FACE('',(#13141),#13145,.F.);
#13141 = FACE_BOUND('',#13142,.F.);
#13142 = EDGE_LOOP('',(#13143,#13144));
#13143 = ORIENTED_EDGE('',*,*,#13105,.T.);
#13144 = ORIENTED_EDGE('',*,*,#12014,.T.);
#13145 = PLANE('',#13146);
#13146 = AXIS2_PLACEMENT_3D('',#13147,#13148,#13149);
#13147 = CARTESIAN_POINT('',(311.625,335.,808.));
#13148 = DIRECTION('',(0.,1.,0.));
#13149 = DIRECTION('',(0.,0.,1.));
#13150 = ADVANCED_FACE('',(#13151),#13154,.T.);
#13151 = FACE_BOUND('',#13152,.T.);
#13152 = EDGE_LOOP('',(#13153));
#13153 = ORIENTED_EDGE('',*,*,#13055,.T.);
#13154 = PLANE('',#13155);
#13155 = AXIS2_PLACEMENT_3D('',#13156,#13157,#13158);
#13156 = CARTESIAN_POINT('',(270.,288.,801.));
#13157 = DIRECTION('',(0.,-1.,0.));
#13158 = DIRECTION('',(0.,0.,-1.));
#13159 = ADVANCED_FACE('',(#13160),#13165,.F.);
#13160 = FACE_BOUND('',#13161,.F.);
#13161 = EDGE_LOOP('',(#13162,#13163,#13164));
#13162 = ORIENTED_EDGE('',*,*,#13129,.T.);
#13163 = ORIENTED_EDGE('',*,*,#13114,.T.);
#13164 = ORIENTED_EDGE('',*,*,#13098,.T.);
#13165 = PLANE('',#13166);
#13166 = AXIS2_PLACEMENT_3D('',#13167,#13168,#13169);
#13167 = CARTESIAN_POINT('',(311.625,335.,808.));
#13168 = DIRECTION('',(0.,1.,0.));
#13169 = DIRECTION('',(0.,0.,1.));
#13170 = ADVANCED_FACE('',(#13171),#13174,.T.);
#13171 = FACE_BOUND('',#13172,.T.);
#13172 = EDGE_LOOP('',(#13173));
#13173 = ORIENTED_EDGE('',*,*,#13090,.T.);
#13174 = PLANE('',#13175);
#13175 = AXIS2_PLACEMENT_3D('',#13176,#13177,#13178);
#13176 = CARTESIAN_POINT('',(311.625,348.,808.));
#13177 = DIRECTION('',(0.,1.,0.));
#13178 = DIRECTION('',(0.,0.,1.));
#13179 = MANIFOLD_SOLID_BREP('',#13180);
#13180 = CLOSED_SHELL('',(#13181,#13221,#13252,#13283,#13314,#13345,
    #13412,#13443,#13499,#13555,#13586,#13610,#13634,#13674,#13691,
    #13733,#13757,#13779,#13809,#13825));
#13181 = ADVANCED_FACE('',(#13182),#13216,.F.);
#13182 = FACE_BOUND('',#13183,.F.);
#13183 = EDGE_LOOP('',(#13184,#13194,#13202,#13210));
#13184 = ORIENTED_EDGE('',*,*,#13185,.F.);
#13185 = EDGE_CURVE('',#13186,#13188,#13190,.T.);
#13186 = VERTEX_POINT('',#13187);
#13187 = CARTESIAN_POINT('',(6.,2.,824.5));
#13188 = VERTEX_POINT('',#13189);
#13189 = CARTESIAN_POINT('',(6.,12.,824.5));
#13190 = LINE('',#13191,#13192);
#13191 = CARTESIAN_POINT('',(6.,2.,824.5));
#13192 = VECTOR('',#13193,1.);
#13193 = DIRECTION('',(0.,1.,0.));
#13194 = ORIENTED_EDGE('',*,*,#13195,.F.);
#13195 = EDGE_CURVE('',#13196,#13186,#13198,.T.);
#13196 = VERTEX_POINT('',#13197);
#13197 = CARTESIAN_POINT('',(6.,2.,820.5));
#13198 = LINE('',#13199,#13200);
#13199 = CARTESIAN_POINT('',(6.,2.,820.5));
#13200 = VECTOR('',#13201,1.);
#13201 = DIRECTION('',(0.,0.,1.));
#13202 = ORIENTED_EDGE('',*,*,#13203,.T.);
#13203 = EDGE_CURVE('',#13196,#13204,#13206,.T.);
#13204 = VERTEX_POINT('',#13205);
#13205 = CARTESIAN_POINT('',(6.,12.,820.5));
#13206 = LINE('',#13207,#13208);
#13207 = CARTESIAN_POINT('',(6.,2.,820.5));
#13208 = VECTOR('',#13209,1.);
#13209 = DIRECTION('',(0.,1.,0.));
#13210 = ORIENTED_EDGE('',*,*,#13211,.T.);
#13211 = EDGE_CURVE('',#13204,#13188,#13212,.T.);
#13212 = LINE('',#13213,#13214);
#13213 = CARTESIAN_POINT('',(6.,12.,820.5));
#13214 = VECTOR('',#13215,1.);
#13215 = DIRECTION('',(0.,0.,1.));
#13216 = PLANE('',#13217);
#13217 = AXIS2_PLACEMENT_3D('',#13218,#13219,#13220);
#13218 = CARTESIAN_POINT('',(6.,2.,820.5));
#13219 = DIRECTION('',(1.,0.,0.));
#13220 = DIRECTION('',(0.,0.,1.));
#13221 = ADVANCED_FACE('',(#13222),#13247,.F.);
#13222 = FACE_BOUND('',#13223,.F.);
#13223 = EDGE_LOOP('',(#13224,#13232,#13240,#13246));
#13224 = ORIENTED_EDGE('',*,*,#13225,.F.);
#13225 = EDGE_CURVE('',#13226,#13204,#13228,.T.);
#13226 = VERTEX_POINT('',#13227);
#13227 = CARTESIAN_POINT('',(2.,12.,820.5));
#13228 = LINE('',#13229,#13230);
#13229 = CARTESIAN_POINT('',(2.,12.,820.5));
#13230 = VECTOR('',#13231,1.);
#13231 = DIRECTION('',(1.,0.,0.));
#13232 = ORIENTED_EDGE('',*,*,#13233,.T.);
#13233 = EDGE_CURVE('',#13226,#13234,#13236,.T.);
#13234 = VERTEX_POINT('',#13235);
#13235 = CARTESIAN_POINT('',(2.,12.,824.5));
#13236 = LINE('',#13237,#13238);
#13237 = CARTESIAN_POINT('',(2.,12.,820.5));
#13238 = VECTOR('',#13239,1.);
#13239 = DIRECTION('',(0.,0.,1.));
#13240 = ORIENTED_EDGE('',*,*,#13241,.T.);
#13241 = EDGE_CURVE('',#13234,#13188,#13242,.T.);
#13242 = LINE('',#13243,#13244);
#13243 = CARTESIAN_POINT('',(2.,12.,824.5));
#13244 = VECTOR('',#13245,1.);
#13245 = DIRECTION('',(1.,0.,0.));
#13246 = ORIENTED_EDGE('',*,*,#13211,.F.);
#13247 = PLANE('',#13248);
#13248 = AXIS2_PLACEMENT_3D('',#13249,#13250,#13251);
#13249 = CARTESIAN_POINT('',(2.,12.,820.5));
#13250 = DIRECTION('',(0.,1.,0.));
#13251 = DIRECTION('',(0.,0.,1.));
#13252 = ADVANCED_FACE('',(#13253),#13278,.F.);
#13253 = FACE_BOUND('',#13254,.F.);
#13254 = EDGE_LOOP('',(#13255,#13263,#13264,#13272));
#13255 = ORIENTED_EDGE('',*,*,#13256,.F.);
#13256 = EDGE_CURVE('',#13196,#13257,#13259,.T.);
#13257 = VERTEX_POINT('',#13258);
#13258 = CARTESIAN_POINT('',(404.,2.,820.5));
#13259 = LINE('',#13260,#13261);
#13260 = CARTESIAN_POINT('',(6.,2.,820.5));
#13261 = VECTOR('',#13262,1.);
#13262 = DIRECTION('',(1.,0.,0.));
#13263 = ORIENTED_EDGE('',*,*,#13195,.T.);
#13264 = ORIENTED_EDGE('',*,*,#13265,.T.);
#13265 = EDGE_CURVE('',#13186,#13266,#13268,.T.);
#13266 = VERTEX_POINT('',#13267);
#13267 = CARTESIAN_POINT('',(404.,2.,824.5));
#13268 = LINE('',#13269,#13270);
#13269 = CARTESIAN_POINT('',(6.,2.,824.5));
#13270 = VECTOR('',#13271,1.);
#13271 = DIRECTION('',(1.,0.,0.));
#13272 = ORIENTED_EDGE('',*,*,#13273,.F.);
#13273 = EDGE_CURVE('',#13257,#13266,#13274,.T.);
#13274 = LINE('',#13275,#13276);
#13275 = CARTESIAN_POINT('',(404.,2.,820.5));
#13276 = VECTOR('',#13277,1.);
#13277 = DIRECTION('',(0.,0.,1.));
#13278 = PLANE('',#13279);
#13279 = AXIS2_PLACEMENT_3D('',#13280,#13281,#13282);
#13280 = CARTESIAN_POINT('',(6.,2.,820.5));
#13281 = DIRECTION('',(0.,1.,0.));
#13282 = DIRECTION('',(0.,0.,1.));
#13283 = ADVANCED_FACE('',(#13284),#13309,.T.);
#13284 = FACE_BOUND('',#13285,.T.);
#13285 = EDGE_LOOP('',(#13286,#13294,#13295,#13303));
#13286 = ORIENTED_EDGE('',*,*,#13287,.F.);
#13287 = EDGE_CURVE('',#13266,#13288,#13290,.T.);
#13288 = VERTEX_POINT('',#13289);
#13289 = CARTESIAN_POINT('',(404.,12.,824.5));
#13290 = LINE('',#13291,#13292);
#13291 = CARTESIAN_POINT('',(404.,2.,824.5));
#13292 = VECTOR('',#13293,1.);
#13293 = DIRECTION('',(0.,1.,0.));
#13294 = ORIENTED_EDGE('',*,*,#13273,.F.);
#13295 = ORIENTED_EDGE('',*,*,#13296,.T.);
#13296 = EDGE_CURVE('',#13257,#13297,#13299,.T.);
#13297 = VERTEX_POINT('',#13298);
#13298 = CARTESIAN_POINT('',(404.,12.,820.5));
#13299 = LINE('',#13300,#13301);
#13300 = CARTESIAN_POINT('',(404.,2.,820.5));
#13301 = VECTOR('',#13302,1.);
#13302 = DIRECTION('',(0.,1.,0.));
#13303 = ORIENTED_EDGE('',*,*,#13304,.T.);
#13304 = EDGE_CURVE('',#13297,#13288,#13305,.T.);
#13305 = LINE('',#13306,#13307);
#13306 = CARTESIAN_POINT('',(404.,12.,820.5));
#13307 = VECTOR('',#13308,1.);
#13308 = DIRECTION('',(0.,0.,1.));
#13309 = PLANE('',#13310);
#13310 = AXIS2_PLACEMENT_3D('',#13311,#13312,#13313);
#13311 = CARTESIAN_POINT('',(404.,2.,820.5));
#13312 = DIRECTION('',(1.,0.,0.));
#13313 = DIRECTION('',(0.,0.,1.));
#13314 = ADVANCED_FACE('',(#13315),#13340,.F.);
#13315 = FACE_BOUND('',#13316,.F.);
#13316 = EDGE_LOOP('',(#13317,#13325,#13326,#13334));
#13317 = ORIENTED_EDGE('',*,*,#13318,.F.);
#13318 = EDGE_CURVE('',#13297,#13319,#13321,.T.);
#13319 = VERTEX_POINT('',#13320);
#13320 = CARTESIAN_POINT('',(408.,12.,820.5));
#13321 = LINE('',#13322,#13323);
#13322 = CARTESIAN_POINT('',(384.,12.,820.5));
#13323 = VECTOR('',#13324,1.);
#13324 = DIRECTION('',(1.,0.,0.));
#13325 = ORIENTED_EDGE('',*,*,#13304,.T.);
#13326 = ORIENTED_EDGE('',*,*,#13327,.T.);
#13327 = EDGE_CURVE('',#13288,#13328,#13330,.T.);
#13328 = VERTEX_POINT('',#13329);
#13329 = CARTESIAN_POINT('',(408.,12.,824.5));
#13330 = LINE('',#13331,#13332);
#13331 = CARTESIAN_POINT('',(384.,12.,824.5));
#13332 = VECTOR('',#13333,1.);
#13333 = DIRECTION('',(1.,0.,0.));
#13334 = ORIENTED_EDGE('',*,*,#13335,.F.);
#13335 = EDGE_CURVE('',#13319,#13328,#13336,.T.);
#13336 = LINE('',#13337,#13338);
#13337 = CARTESIAN_POINT('',(408.,12.,820.5));
#13338 = VECTOR('',#13339,1.);
#13339 = DIRECTION('',(0.,0.,1.));
#13340 = PLANE('',#13341);
#13341 = AXIS2_PLACEMENT_3D('',#13342,#13343,#13344);
#13342 = CARTESIAN_POINT('',(384.,12.,820.5));
#13343 = DIRECTION('',(0.,1.,0.));
#13344 = DIRECTION('',(0.,0.,1.));
#13345 = ADVANCED_FACE('',(#13346),#13407,.T.);
#13346 = FACE_BOUND('',#13347,.T.);
#13347 = EDGE_LOOP('',(#13348,#13349,#13350,#13351,#13352,#13360,#13368,
    #13376,#13384,#13392,#13400,#13406));
#13348 = ORIENTED_EDGE('',*,*,#13185,.F.);
#13349 = ORIENTED_EDGE('',*,*,#13265,.T.);
#13350 = ORIENTED_EDGE('',*,*,#13287,.T.);
#13351 = ORIENTED_EDGE('',*,*,#13327,.T.);
#13352 = ORIENTED_EDGE('',*,*,#13353,.T.);
#13353 = EDGE_CURVE('',#13328,#13354,#13356,.T.);
#13354 = VERTEX_POINT('',#13355);
#13355 = CARTESIAN_POINT('',(408.,336.,824.5));
#13356 = LINE('',#13357,#13358);
#13357 = CARTESIAN_POINT('',(408.,12.,824.5));
#13358 = VECTOR('',#13359,1.);
#13359 = DIRECTION('',(0.,1.,0.));
#13360 = ORIENTED_EDGE('',*,*,#13361,.F.);
#13361 = EDGE_CURVE('',#13362,#13354,#13364,.T.);
#13362 = VERTEX_POINT('',#13363);
#13363 = CARTESIAN_POINT('',(384.,336.,824.5));
#13364 = LINE('',#13365,#13366);
#13365 = CARTESIAN_POINT('',(384.,336.,824.5));
#13366 = VECTOR('',#13367,1.);
#13367 = DIRECTION('',(1.,0.,0.));
#13368 = ORIENTED_EDGE('',*,*,#13369,.F.);
#13369 = EDGE_CURVE('',#13370,#13362,#13372,.T.);
#13370 = VERTEX_POINT('',#13371);
#13371 = CARTESIAN_POINT('',(384.,26.,824.5));
#13372 = LINE('',#13373,#13374);
#13373 = CARTESIAN_POINT('',(384.,12.,824.5));
#13374 = VECTOR('',#13375,1.);
#13375 = DIRECTION('',(0.,1.,0.));
#13376 = ORIENTED_EDGE('',*,*,#13377,.F.);
#13377 = EDGE_CURVE('',#13378,#13370,#13380,.T.);
#13378 = VERTEX_POINT('',#13379);
#13379 = CARTESIAN_POINT('',(26.,26.,824.5));
#13380 = LINE('',#13381,#13382);
#13381 = CARTESIAN_POINT('',(6.,26.,824.5));
#13382 = VECTOR('',#13383,1.);
#13383 = DIRECTION('',(1.,0.,0.));
#13384 = ORIENTED_EDGE('',*,*,#13385,.T.);
#13385 = EDGE_CURVE('',#13378,#13386,#13388,.T.);
#13386 = VERTEX_POINT('',#13387);
#13387 = CARTESIAN_POINT('',(26.,336.,824.5));
#13388 = LINE('',#13389,#13390);
#13389 = CARTESIAN_POINT('',(26.,12.,824.5));
#13390 = VECTOR('',#13391,1.);
#13391 = DIRECTION('',(0.,1.,0.));
#13392 = ORIENTED_EDGE('',*,*,#13393,.F.);
#13393 = EDGE_CURVE('',#13394,#13386,#13396,.T.);
#13394 = VERTEX_POINT('',#13395);
#13395 = CARTESIAN_POINT('',(2.,336.,824.5));
#13396 = LINE('',#13397,#13398);
#13397 = CARTESIAN_POINT('',(2.,336.,824.5));
#13398 = VECTOR('',#13399,1.);
#13399 = DIRECTION('',(1.,0.,0.));
#13400 = ORIENTED_EDGE('',*,*,#13401,.F.);
#13401 = EDGE_CURVE('',#13234,#13394,#13402,.T.);
#13402 = LINE('',#13403,#13404);
#13403 = CARTESIAN_POINT('',(2.,12.,824.5));
#13404 = VECTOR('',#13405,1.);
#13405 = DIRECTION('',(0.,1.,0.));
#13406 = ORIENTED_EDGE('',*,*,#13241,.T.);
#13407 = PLANE('',#13408);
#13408 = AXIS2_PLACEMENT_3D('',#13409,#13410,#13411);
#13409 = CARTESIAN_POINT('',(205.,119.73333333333,824.5));
#13410 = DIRECTION('',(0.,0.,1.));
#13411 = DIRECTION('',(1.,0.,0.));
#13412 = ADVANCED_FACE('',(#13413),#13438,.T.);
#13413 = FACE_BOUND('',#13414,.T.);
#13414 = EDGE_LOOP('',(#13415,#13425,#13431,#13432));
#13415 = ORIENTED_EDGE('',*,*,#13416,.F.);
#13416 = EDGE_CURVE('',#13417,#13419,#13421,.T.);
#13417 = VERTEX_POINT('',#13418);
#13418 = CARTESIAN_POINT('',(26.,26.,820.5));
#13419 = VERTEX_POINT('',#13420);
#13420 = CARTESIAN_POINT('',(384.,26.,820.5));
#13421 = LINE('',#13422,#13423);
#13422 = CARTESIAN_POINT('',(6.,26.,820.5));
#13423 = VECTOR('',#13424,1.);
#13424 = DIRECTION('',(1.,0.,0.));
#13425 = ORIENTED_EDGE('',*,*,#13426,.F.);
#13426 = EDGE_CURVE('',#13378,#13417,#13427,.T.);
#13427 = LINE('',#13428,#13429);
#13428 = CARTESIAN_POINT('',(26.,26.,820.5));
#13429 = VECTOR('',#13430,1.);
#13430 = DIRECTION('',(0.,0.,-1.));
#13431 = ORIENTED_EDGE('',*,*,#13377,.T.);
#13432 = ORIENTED_EDGE('',*,*,#13433,.T.);
#13433 = EDGE_CURVE('',#13370,#13419,#13434,.T.);
#13434 = LINE('',#13435,#13436);
#13435 = CARTESIAN_POINT('',(384.,26.,820.5));
#13436 = VECTOR('',#13437,1.);
#13437 = DIRECTION('',(0.,0.,-1.));
#13438 = PLANE('',#13439);
#13439 = AXIS2_PLACEMENT_3D('',#13440,#13441,#13442);
#13440 = CARTESIAN_POINT('',(6.,26.,820.5));
#13441 = DIRECTION('',(0.,1.,0.));
#13442 = DIRECTION('',(0.,0.,1.));
#13443 = ADVANCED_FACE('',(#13444),#13494,.F.);
#13444 = FACE_BOUND('',#13445,.F.);
#13445 = EDGE_LOOP('',(#13446,#13447,#13448,#13456,#13464,#13472,#13480,
    #13488));
#13446 = ORIENTED_EDGE('',*,*,#13369,.F.);
#13447 = ORIENTED_EDGE('',*,*,#13433,.T.);
#13448 = ORIENTED_EDGE('',*,*,#13449,.T.);
#13449 = EDGE_CURVE('',#13419,#13450,#13452,.T.);
#13450 = VERTEX_POINT('',#13451);
#13451 = CARTESIAN_POINT('',(384.,336.,820.5));
#13452 = LINE('',#13453,#13454);
#13453 = CARTESIAN_POINT('',(384.,12.,820.5));
#13454 = VECTOR('',#13455,1.);
#13455 = DIRECTION('',(0.,1.,0.));
#13456 = ORIENTED_EDGE('',*,*,#13457,.T.);
#13457 = EDGE_CURVE('',#13450,#13458,#13460,.T.);
#13458 = VERTEX_POINT('',#13459);
#13459 = CARTESIAN_POINT('',(384.,336.,821.));
#13460 = LINE('',#13461,#13462);
#13461 = CARTESIAN_POINT('',(384.,336.,820.5));
#13462 = VECTOR('',#13463,1.);
#13463 = DIRECTION('',(0.,0.,1.));
#13464 = ORIENTED_EDGE('',*,*,#13465,.T.);
#13465 = EDGE_CURVE('',#13458,#13466,#13468,.T.);
#13466 = VERTEX_POINT('',#13467);
#13467 = CARTESIAN_POINT('',(384.,332.,821.));
#13468 = LINE('',#13469,#13470);
#13469 = CARTESIAN_POINT('',(384.,172.,821.));
#13470 = VECTOR('',#13471,1.);
#13471 = DIRECTION('',(0.,-1.,0.));
#13472 = ORIENTED_EDGE('',*,*,#13473,.T.);
#13473 = EDGE_CURVE('',#13466,#13474,#13476,.T.);
#13474 = VERTEX_POINT('',#13475);
#13475 = CARTESIAN_POINT('',(384.,332.,824.));
#13476 = LINE('',#13477,#13478);
#13477 = CARTESIAN_POINT('',(384.,332.,820.75));
#13478 = VECTOR('',#13479,1.);
#13479 = DIRECTION('',(0.,0.,1.));
#13480 = ORIENTED_EDGE('',*,*,#13481,.F.);
#13481 = EDGE_CURVE('',#13482,#13474,#13484,.T.);
#13482 = VERTEX_POINT('',#13483);
#13483 = CARTESIAN_POINT('',(384.,336.,824.));
#13484 = LINE('',#13485,#13486);
#13485 = CARTESIAN_POINT('',(384.,172.,824.));
#13486 = VECTOR('',#13487,1.);
#13487 = DIRECTION('',(0.,-1.,0.));
#13488 = ORIENTED_EDGE('',*,*,#13489,.T.);
#13489 = EDGE_CURVE('',#13482,#13362,#13490,.T.);
#13490 = LINE('',#13491,#13492);
#13491 = CARTESIAN_POINT('',(384.,336.,820.5));
#13492 = VECTOR('',#13493,1.);
#13493 = DIRECTION('',(0.,0.,1.));
#13494 = PLANE('',#13495);
#13495 = AXIS2_PLACEMENT_3D('',#13496,#13497,#13498);
#13496 = CARTESIAN_POINT('',(384.,12.,820.5));
#13497 = DIRECTION('',(1.,0.,0.));
#13498 = DIRECTION('',(0.,0.,1.));
#13499 = ADVANCED_FACE('',(#13500),#13550,.T.);
#13500 = FACE_BOUND('',#13501,.T.);
#13501 = EDGE_LOOP('',(#13502,#13503,#13504,#13512,#13520,#13528,#13536,
    #13544));
#13502 = ORIENTED_EDGE('',*,*,#13385,.F.);
#13503 = ORIENTED_EDGE('',*,*,#13426,.T.);
#13504 = ORIENTED_EDGE('',*,*,#13505,.T.);
#13505 = EDGE_CURVE('',#13417,#13506,#13508,.T.);
#13506 = VERTEX_POINT('',#13507);
#13507 = CARTESIAN_POINT('',(26.,336.,820.5));
#13508 = LINE('',#13509,#13510);
#13509 = CARTESIAN_POINT('',(26.,12.,820.5));
#13510 = VECTOR('',#13511,1.);
#13511 = DIRECTION('',(0.,1.,0.));
#13512 = ORIENTED_EDGE('',*,*,#13513,.T.);
#13513 = EDGE_CURVE('',#13506,#13514,#13516,.T.);
#13514 = VERTEX_POINT('',#13515);
#13515 = CARTESIAN_POINT('',(26.,336.,821.));
#13516 = LINE('',#13517,#13518);
#13517 = CARTESIAN_POINT('',(26.,336.,820.5));
#13518 = VECTOR('',#13519,1.);
#13519 = DIRECTION('',(0.,0.,1.));
#13520 = ORIENTED_EDGE('',*,*,#13521,.T.);
#13521 = EDGE_CURVE('',#13514,#13522,#13524,.T.);
#13522 = VERTEX_POINT('',#13523);
#13523 = CARTESIAN_POINT('',(26.,332.,821.));
#13524 = LINE('',#13525,#13526);
#13525 = CARTESIAN_POINT('',(26.,172.,821.));
#13526 = VECTOR('',#13527,1.);
#13527 = DIRECTION('',(0.,-1.,0.));
#13528 = ORIENTED_EDGE('',*,*,#13529,.T.);
#13529 = EDGE_CURVE('',#13522,#13530,#13532,.T.);
#13530 = VERTEX_POINT('',#13531);
#13531 = CARTESIAN_POINT('',(26.,332.,824.));
#13532 = LINE('',#13533,#13534);
#13533 = CARTESIAN_POINT('',(26.,332.,820.75));
#13534 = VECTOR('',#13535,1.);
#13535 = DIRECTION('',(0.,0.,1.));
#13536 = ORIENTED_EDGE('',*,*,#13537,.F.);
#13537 = EDGE_CURVE('',#13538,#13530,#13540,.T.);
#13538 = VERTEX_POINT('',#13539);
#13539 = CARTESIAN_POINT('',(26.,336.,824.));
#13540 = LINE('',#13541,#13542);
#13541 = CARTESIAN_POINT('',(26.,172.,824.));
#13542 = VECTOR('',#13543,1.);
#13543 = DIRECTION('',(0.,-1.,0.));
#13544 = ORIENTED_EDGE('',*,*,#13545,.T.);
#13545 = EDGE_CURVE('',#13538,#13386,#13546,.T.);
#13546 = LINE('',#13547,#13548);
#13547 = CARTESIAN_POINT('',(26.,336.,820.5));
#13548 = VECTOR('',#13549,1.);
#13549 = DIRECTION('',(0.,0.,1.));
#13550 = PLANE('',#13551);
#13551 = AXIS2_PLACEMENT_3D('',#13552,#13553,#13554);
#13552 = CARTESIAN_POINT('',(26.,12.,820.5));
#13553 = DIRECTION('',(1.,0.,0.));
#13554 = DIRECTION('',(0.,0.,1.));
#13555 = ADVANCED_FACE('',(#13556),#13581,.T.);
#13556 = FACE_BOUND('',#13557,.T.);
#13557 = EDGE_LOOP('',(#13558,#13559,#13567,#13575));
#13558 = ORIENTED_EDGE('',*,*,#13513,.F.);
#13559 = ORIENTED_EDGE('',*,*,#13560,.F.);
#13560 = EDGE_CURVE('',#13561,#13506,#13563,.T.);
#13561 = VERTEX_POINT('',#13562);
#13562 = CARTESIAN_POINT('',(2.,336.,820.5));
#13563 = LINE('',#13564,#13565);
#13564 = CARTESIAN_POINT('',(2.,336.,820.5));
#13565 = VECTOR('',#13566,1.);
#13566 = DIRECTION('',(1.,0.,0.));
#13567 = ORIENTED_EDGE('',*,*,#13568,.T.);
#13568 = EDGE_CURVE('',#13561,#13569,#13571,.T.);
#13569 = VERTEX_POINT('',#13570);
#13570 = CARTESIAN_POINT('',(2.,336.,821.));
#13571 = LINE('',#13572,#13573);
#13572 = CARTESIAN_POINT('',(2.,336.,820.5));
#13573 = VECTOR('',#13574,1.);
#13574 = DIRECTION('',(0.,0.,1.));
#13575 = ORIENTED_EDGE('',*,*,#13576,.T.);
#13576 = EDGE_CURVE('',#13569,#13514,#13577,.T.);
#13577 = LINE('',#13578,#13579);
#13578 = CARTESIAN_POINT('',(2.,336.,821.));
#13579 = VECTOR('',#13580,1.);
#13580 = DIRECTION('',(1.,0.,0.));
#13581 = PLANE('',#13582);
#13582 = AXIS2_PLACEMENT_3D('',#13583,#13584,#13585);
#13583 = CARTESIAN_POINT('',(2.,336.,820.5));
#13584 = DIRECTION('',(0.,1.,0.));
#13585 = DIRECTION('',(0.,0.,1.));
#13586 = ADVANCED_FACE('',(#13587),#13605,.T.);
#13587 = FACE_BOUND('',#13588,.T.);
#13588 = EDGE_LOOP('',(#13589,#13590,#13598,#13604));
#13589 = ORIENTED_EDGE('',*,*,#13545,.F.);
#13590 = ORIENTED_EDGE('',*,*,#13591,.F.);
#13591 = EDGE_CURVE('',#13592,#13538,#13594,.T.);
#13592 = VERTEX_POINT('',#13593);
#13593 = CARTESIAN_POINT('',(2.,336.,824.));
#13594 = LINE('',#13595,#13596);
#13595 = CARTESIAN_POINT('',(2.,336.,824.));
#13596 = VECTOR('',#13597,1.);
#13597 = DIRECTION('',(1.,0.,0.));
#13598 = ORIENTED_EDGE('',*,*,#13599,.T.);
#13599 = EDGE_CURVE('',#13592,#13394,#13600,.T.);
#13600 = LINE('',#13601,#13602);
#13601 = CARTESIAN_POINT('',(2.,336.,820.5));
#13602 = VECTOR('',#13603,1.);
#13603 = DIRECTION('',(0.,0.,1.));
#13604 = ORIENTED_EDGE('',*,*,#13393,.T.);
#13605 = PLANE('',#13606);
#13606 = AXIS2_PLACEMENT_3D('',#13607,#13608,#13609);
#13607 = CARTESIAN_POINT('',(2.,336.,820.5));
#13608 = DIRECTION('',(0.,1.,0.));
#13609 = DIRECTION('',(0.,0.,1.));
#13610 = ADVANCED_FACE('',(#13611),#13629,.T.);
#13611 = FACE_BOUND('',#13612,.T.);
#13612 = EDGE_LOOP('',(#13613,#13621,#13627,#13628));
#13613 = ORIENTED_EDGE('',*,*,#13614,.F.);
#13614 = EDGE_CURVE('',#13615,#13354,#13617,.T.);
#13615 = VERTEX_POINT('',#13616);
#13616 = CARTESIAN_POINT('',(408.,336.,824.));
#13617 = LINE('',#13618,#13619);
#13618 = CARTESIAN_POINT('',(408.,336.,820.5));
#13619 = VECTOR('',#13620,1.);
#13620 = DIRECTION('',(0.,0.,1.));
#13621 = ORIENTED_EDGE('',*,*,#13622,.F.);
#13622 = EDGE_CURVE('',#13482,#13615,#13623,.T.);
#13623 = LINE('',#13624,#13625);
#13624 = CARTESIAN_POINT('',(193.,336.,824.));
#13625 = VECTOR('',#13626,1.);
#13626 = DIRECTION('',(1.,0.,0.));
#13627 = ORIENTED_EDGE('',*,*,#13489,.T.);
#13628 = ORIENTED_EDGE('',*,*,#13361,.T.);
#13629 = PLANE('',#13630);
#13630 = AXIS2_PLACEMENT_3D('',#13631,#13632,#13633);
#13631 = CARTESIAN_POINT('',(384.,336.,820.5));
#13632 = DIRECTION('',(0.,1.,0.));
#13633 = DIRECTION('',(0.,0.,1.));
#13634 = ADVANCED_FACE('',(#13635),#13669,.T.);
#13635 = FACE_BOUND('',#13636,.T.);
#13636 = EDGE_LOOP('',(#13637,#13645,#13646,#13647,#13653,#13654,#13655,
    #13663));
#13637 = ORIENTED_EDGE('',*,*,#13638,.F.);
#13638 = EDGE_CURVE('',#13592,#13639,#13641,.T.);
#13639 = VERTEX_POINT('',#13640);
#13640 = CARTESIAN_POINT('',(2.,348.,824.));
#13641 = LINE('',#13642,#13643);
#13642 = CARTESIAN_POINT('',(2.,332.,824.));
#13643 = VECTOR('',#13644,1.);
#13644 = DIRECTION('',(0.,1.,0.));
#13645 = ORIENTED_EDGE('',*,*,#13591,.T.);
#13646 = ORIENTED_EDGE('',*,*,#13537,.T.);
#13647 = ORIENTED_EDGE('',*,*,#13648,.T.);
#13648 = EDGE_CURVE('',#13530,#13474,#13649,.T.);
#13649 = LINE('',#13650,#13651);
#13650 = CARTESIAN_POINT('',(2.,332.,824.));
#13651 = VECTOR('',#13652,1.);
#13652 = DIRECTION('',(1.,0.,0.));
#13653 = ORIENTED_EDGE('',*,*,#13481,.F.);
#13654 = ORIENTED_EDGE('',*,*,#13622,.T.);
#13655 = ORIENTED_EDGE('',*,*,#13656,.T.);
#13656 = EDGE_CURVE('',#13615,#13657,#13659,.T.);
#13657 = VERTEX_POINT('',#13658);
#13658 = CARTESIAN_POINT('',(408.,348.,824.));
#13659 = LINE('',#13660,#13661);
#13660 = CARTESIAN_POINT('',(408.,332.,824.));
#13661 = VECTOR('',#13662,1.);
#13662 = DIRECTION('',(0.,1.,0.));
#13663 = ORIENTED_EDGE('',*,*,#13664,.F.);
#13664 = EDGE_CURVE('',#13639,#13657,#13665,.T.);
#13665 = LINE('',#13666,#13667);
#13666 = CARTESIAN_POINT('',(2.,348.,824.));
#13667 = VECTOR('',#13668,1.);
#13668 = DIRECTION('',(1.,0.,0.));
#13669 = PLANE('',#13670);
#13670 = AXIS2_PLACEMENT_3D('',#13671,#13672,#13673);
#13671 = CARTESIAN_POINT('',(2.,332.,824.));
#13672 = DIRECTION('',(0.,0.,1.));
#13673 = DIRECTION('',(1.,0.,0.));
#13674 = ADVANCED_FACE('',(#13675),#13686,.F.);
#13675 = FACE_BOUND('',#13676,.F.);
#13676 = EDGE_LOOP('',(#13677,#13683,#13684,#13685));
#13677 = ORIENTED_EDGE('',*,*,#13678,.F.);
#13678 = EDGE_CURVE('',#13522,#13466,#13679,.T.);
#13679 = LINE('',#13680,#13681);
#13680 = CARTESIAN_POINT('',(2.,332.,821.));
#13681 = VECTOR('',#13682,1.);
#13682 = DIRECTION('',(1.,0.,0.));
#13683 = ORIENTED_EDGE('',*,*,#13529,.T.);
#13684 = ORIENTED_EDGE('',*,*,#13648,.T.);
#13685 = ORIENTED_EDGE('',*,*,#13473,.F.);
#13686 = PLANE('',#13687);
#13687 = AXIS2_PLACEMENT_3D('',#13688,#13689,#13690);
#13688 = CARTESIAN_POINT('',(2.,332.,821.));
#13689 = DIRECTION('',(0.,1.,0.));
#13690 = DIRECTION('',(0.,0.,1.));
#13691 = ADVANCED_FACE('',(#13692),#13728,.F.);
#13692 = FACE_BOUND('',#13693,.F.);
#13693 = EDGE_LOOP('',(#13694,#13702,#13703,#13704,#13705,#13706,#13714,
    #13722));
#13694 = ORIENTED_EDGE('',*,*,#13695,.F.);
#13695 = EDGE_CURVE('',#13569,#13696,#13698,.T.);
#13696 = VERTEX_POINT('',#13697);
#13697 = CARTESIAN_POINT('',(2.,348.,821.));
#13698 = LINE('',#13699,#13700);
#13699 = CARTESIAN_POINT('',(2.,332.,821.));
#13700 = VECTOR('',#13701,1.);
#13701 = DIRECTION('',(0.,1.,0.));
#13702 = ORIENTED_EDGE('',*,*,#13576,.T.);
#13703 = ORIENTED_EDGE('',*,*,#13521,.T.);
#13704 = ORIENTED_EDGE('',*,*,#13678,.T.);
#13705 = ORIENTED_EDGE('',*,*,#13465,.F.);
#13706 = ORIENTED_EDGE('',*,*,#13707,.T.);
#13707 = EDGE_CURVE('',#13458,#13708,#13710,.T.);
#13708 = VERTEX_POINT('',#13709);
#13709 = CARTESIAN_POINT('',(408.,336.,821.));
#13710 = LINE('',#13711,#13712);
#13711 = CARTESIAN_POINT('',(193.,336.,821.));
#13712 = VECTOR('',#13713,1.);
#13713 = DIRECTION('',(1.,0.,0.));
#13714 = ORIENTED_EDGE('',*,*,#13715,.T.);
#13715 = EDGE_CURVE('',#13708,#13716,#13718,.T.);
#13716 = VERTEX_POINT('',#13717);
#13717 = CARTESIAN_POINT('',(408.,348.,821.));
#13718 = LINE('',#13719,#13720);
#13719 = CARTESIAN_POINT('',(408.,332.,821.));
#13720 = VECTOR('',#13721,1.);
#13721 = DIRECTION('',(0.,1.,0.));
#13722 = ORIENTED_EDGE('',*,*,#13723,.F.);
#13723 = EDGE_CURVE('',#13696,#13716,#13724,.T.);
#13724 = LINE('',#13725,#13726);
#13725 = CARTESIAN_POINT('',(2.,348.,821.));
#13726 = VECTOR('',#13727,1.);
#13727 = DIRECTION('',(1.,0.,0.));
#13728 = PLANE('',#13729);
#13729 = AXIS2_PLACEMENT_3D('',#13730,#13731,#13732);
#13730 = CARTESIAN_POINT('',(2.,332.,821.));
#13731 = DIRECTION('',(0.,0.,1.));
#13732 = DIRECTION('',(1.,0.,0.));
#13733 = ADVANCED_FACE('',(#13734),#13752,.T.);
#13734 = FACE_BOUND('',#13735,.T.);
#13735 = EDGE_LOOP('',(#13736,#13744,#13750,#13751));
#13736 = ORIENTED_EDGE('',*,*,#13737,.F.);
#13737 = EDGE_CURVE('',#13738,#13708,#13740,.T.);
#13738 = VERTEX_POINT('',#13739);
#13739 = CARTESIAN_POINT('',(408.,336.,820.5));
#13740 = LINE('',#13741,#13742);
#13741 = CARTESIAN_POINT('',(408.,336.,820.5));
#13742 = VECTOR('',#13743,1.);
#13743 = DIRECTION('',(0.,0.,1.));
#13744 = ORIENTED_EDGE('',*,*,#13745,.F.);
#13745 = EDGE_CURVE('',#13450,#13738,#13746,.T.);
#13746 = LINE('',#13747,#13748);
#13747 = CARTESIAN_POINT('',(384.,336.,820.5));
#13748 = VECTOR('',#13749,1.);
#13749 = DIRECTION('',(1.,0.,0.));
#13750 = ORIENTED_EDGE('',*,*,#13457,.T.);
#13751 = ORIENTED_EDGE('',*,*,#13707,.T.);
#13752 = PLANE('',#13753);
#13753 = AXIS2_PLACEMENT_3D('',#13754,#13755,#13756);
#13754 = CARTESIAN_POINT('',(384.,336.,820.5));
#13755 = DIRECTION('',(0.,1.,0.));
#13756 = DIRECTION('',(0.,0.,1.));
#13757 = ADVANCED_FACE('',(#13758),#13774,.T.);
#13758 = FACE_BOUND('',#13759,.T.);
#13759 = EDGE_LOOP('',(#13760,#13761,#13767,#13768));
#13760 = ORIENTED_EDGE('',*,*,#13723,.F.);
#13761 = ORIENTED_EDGE('',*,*,#13762,.T.);
#13762 = EDGE_CURVE('',#13696,#13639,#13763,.T.);
#13763 = LINE('',#13764,#13765);
#13764 = CARTESIAN_POINT('',(2.,348.,821.));
#13765 = VECTOR('',#13766,1.);
#13766 = DIRECTION('',(0.,0.,1.));
#13767 = ORIENTED_EDGE('',*,*,#13664,.T.);
#13768 = ORIENTED_EDGE('',*,*,#13769,.F.);
#13769 = EDGE_CURVE('',#13716,#13657,#13770,.T.);
#13770 = LINE('',#13771,#13772);
#13771 = CARTESIAN_POINT('',(408.,348.,821.));
#13772 = VECTOR('',#13773,1.);
#13773 = DIRECTION('',(0.,0.,1.));
#13774 = PLANE('',#13775);
#13775 = AXIS2_PLACEMENT_3D('',#13776,#13777,#13778);
#13776 = CARTESIAN_POINT('',(2.,348.,821.));
#13777 = DIRECTION('',(0.,1.,0.));
#13778 = DIRECTION('',(0.,0.,1.));
#13779 = ADVANCED_FACE('',(#13780),#13804,.T.);
#13780 = FACE_BOUND('',#13781,.T.);
#13781 = EDGE_LOOP('',(#13782,#13783,#13784,#13790,#13791,#13792,#13793,
    #13794,#13795,#13801,#13802,#13803));
#13782 = ORIENTED_EDGE('',*,*,#13203,.T.);
#13783 = ORIENTED_EDGE('',*,*,#13225,.F.);
#13784 = ORIENTED_EDGE('',*,*,#13785,.T.);
#13785 = EDGE_CURVE('',#13226,#13561,#13786,.T.);
#13786 = LINE('',#13787,#13788);
#13787 = CARTESIAN_POINT('',(2.,12.,820.5));
#13788 = VECTOR('',#13789,1.);
#13789 = DIRECTION('',(0.,1.,0.));
#13790 = ORIENTED_EDGE('',*,*,#13560,.T.);
#13791 = ORIENTED_EDGE('',*,*,#13505,.F.);
#13792 = ORIENTED_EDGE('',*,*,#13416,.T.);
#13793 = ORIENTED_EDGE('',*,*,#13449,.T.);
#13794 = ORIENTED_EDGE('',*,*,#13745,.T.);
#13795 = ORIENTED_EDGE('',*,*,#13796,.F.);
#13796 = EDGE_CURVE('',#13319,#13738,#13797,.T.);
#13797 = LINE('',#13798,#13799);
#13798 = CARTESIAN_POINT('',(408.,12.,820.5));
#13799 = VECTOR('',#13800,1.);
#13800 = DIRECTION('',(0.,1.,0.));
#13801 = ORIENTED_EDGE('',*,*,#13318,.F.);
#13802 = ORIENTED_EDGE('',*,*,#13296,.F.);
#13803 = ORIENTED_EDGE('',*,*,#13256,.F.);
#13804 = PLANE('',#13805);
#13805 = AXIS2_PLACEMENT_3D('',#13806,#13807,#13808);
#13806 = CARTESIAN_POINT('',(205.,119.73333333333,820.5));
#13807 = DIRECTION('',(-0.,-0.,-1.));
#13808 = DIRECTION('',(-1.,0.,0.));
#13809 = ADVANCED_FACE('',(#13810),#13820,.T.);
#13810 = FACE_BOUND('',#13811,.T.);
#13811 = EDGE_LOOP('',(#13812,#13813,#13814,#13815,#13816,#13817,#13818,
    #13819));
#13812 = ORIENTED_EDGE('',*,*,#13401,.T.);
#13813 = ORIENTED_EDGE('',*,*,#13599,.F.);
#13814 = ORIENTED_EDGE('',*,*,#13638,.T.);
#13815 = ORIENTED_EDGE('',*,*,#13762,.F.);
#13816 = ORIENTED_EDGE('',*,*,#13695,.F.);
#13817 = ORIENTED_EDGE('',*,*,#13568,.F.);
#13818 = ORIENTED_EDGE('',*,*,#13785,.F.);
#13819 = ORIENTED_EDGE('',*,*,#13233,.T.);
#13820 = PLANE('',#13821);
#13821 = AXIS2_PLACEMENT_3D('',#13822,#13823,#13824);
#13822 = CARTESIAN_POINT('',(2.,179.98235294117,822.5));
#13823 = DIRECTION('',(-1.,-0.,-0.));
#13824 = DIRECTION('',(0.,0.,-1.));
#13825 = ADVANCED_FACE('',(#13826),#13836,.T.);
#13826 = FACE_BOUND('',#13827,.T.);
#13827 = EDGE_LOOP('',(#13828,#13829,#13830,#13831,#13832,#13833,#13834,
    #13835));
#13828 = ORIENTED_EDGE('',*,*,#13353,.F.);
#13829 = ORIENTED_EDGE('',*,*,#13335,.F.);
#13830 = ORIENTED_EDGE('',*,*,#13796,.T.);
#13831 = ORIENTED_EDGE('',*,*,#13737,.T.);
#13832 = ORIENTED_EDGE('',*,*,#13715,.T.);
#13833 = ORIENTED_EDGE('',*,*,#13769,.T.);
#13834 = ORIENTED_EDGE('',*,*,#13656,.F.);
#13835 = ORIENTED_EDGE('',*,*,#13614,.T.);
#13836 = PLANE('',#13837);
#13837 = AXIS2_PLACEMENT_3D('',#13838,#13839,#13840);
#13838 = CARTESIAN_POINT('',(408.,179.98235294117,822.5));
#13839 = DIRECTION('',(1.,0.,0.));
#13840 = DIRECTION('',(0.,0.,1.));
#13841 = MANIFOLD_SOLID_BREP('',#13842);
#13842 = CLOSED_SHELL('',(#13843,#13883,#13922,#14001,#14040,#14057,
    #14222,#14239,#14251,#14282,#14313,#14337,#14395,#14412,#14424,
    #14456,#14480,#14505,#14537,#14561,#14586,#14617,#14664,#14711,
    #14728,#14745,#14762,#14787,#14804,#14821,#14852,#14940,#14964,
    #15045,#15057,#15069,#15081,#15093,#15118,#15135,#15152,#15169,
    #15186,#15198,#15215,#15232));
#13843 = ADVANCED_FACE('',(#13844),#13878,.T.);
#13844 = FACE_BOUND('',#13845,.T.);
#13845 = EDGE_LOOP('',(#13846,#13856,#13864,#13872));
#13846 = ORIENTED_EDGE('',*,*,#13847,.F.);
#13847 = EDGE_CURVE('',#13848,#13850,#13852,.T.);
#13848 = VERTEX_POINT('',#13849);
#13849 = CARTESIAN_POINT('',(32.,-6.,150.));
#13850 = VERTEX_POINT('',#13851);
#13851 = CARTESIAN_POINT('',(37.,-6.,150.));
#13852 = LINE('',#13853,#13854);
#13853 = CARTESIAN_POINT('',(32.,-6.,150.));
#13854 = VECTOR('',#13855,1.);
#13855 = DIRECTION('',(1.,0.,0.));
#13856 = ORIENTED_EDGE('',*,*,#13857,.T.);
#13857 = EDGE_CURVE('',#13848,#13858,#13860,.T.);
#13858 = VERTEX_POINT('',#13859);
#13859 = CARTESIAN_POINT('',(32.,-6.,220.));
#13860 = LINE('',#13861,#13862);
#13861 = CARTESIAN_POINT('',(32.,-6.,150.));
#13862 = VECTOR('',#13863,1.);
#13863 = DIRECTION('',(0.,0.,1.));
#13864 = ORIENTED_EDGE('',*,*,#13865,.T.);
#13865 = EDGE_CURVE('',#13858,#13866,#13868,.T.);
#13866 = VERTEX_POINT('',#13867);
#13867 = CARTESIAN_POINT('',(37.,-6.,220.));
#13868 = LINE('',#13869,#13870);
#13869 = CARTESIAN_POINT('',(32.,-6.,220.));
#13870 = VECTOR('',#13871,1.);
#13871 = DIRECTION('',(1.,0.,0.));
#13872 = ORIENTED_EDGE('',*,*,#13873,.F.);
#13873 = EDGE_CURVE('',#13850,#13866,#13874,.T.);
#13874 = LINE('',#13875,#13876);
#13875 = CARTESIAN_POINT('',(37.,-6.,102.));
#13876 = VECTOR('',#13877,1.);
#13877 = DIRECTION('',(0.,0.,1.));
#13878 = PLANE('',#13879);
#13879 = AXIS2_PLACEMENT_3D('',#13880,#13881,#13882);
#13880 = CARTESIAN_POINT('',(32.,-6.,150.));
#13881 = DIRECTION('',(0.,1.,0.));
#13882 = DIRECTION('',(0.,0.,1.));
#13883 = ADVANCED_FACE('',(#13884),#13917,.F.);
#13884 = FACE_BOUND('',#13885,.F.);
#13885 = EDGE_LOOP('',(#13886,#13894,#13902,#13910,#13916));
#13886 = ORIENTED_EDGE('',*,*,#13887,.F.);
#13887 = EDGE_CURVE('',#13888,#13848,#13890,.T.);
#13888 = VERTEX_POINT('',#13889);
#13889 = CARTESIAN_POINT('',(32.,-10.,150.));
#13890 = LINE('',#13891,#13892);
#13891 = CARTESIAN_POINT('',(32.,-10.,150.));
#13892 = VECTOR('',#13893,1.);
#13893 = DIRECTION('',(0.,1.,0.));
#13894 = ORIENTED_EDGE('',*,*,#13895,.T.);
#13895 = EDGE_CURVE('',#13888,#13896,#13898,.T.);
#13896 = VERTEX_POINT('',#13897);
#13897 = CARTESIAN_POINT('',(66.,-10.,150.));
#13898 = LINE('',#13899,#13900);
#13899 = CARTESIAN_POINT('',(32.,-10.,150.));
#13900 = VECTOR('',#13901,1.);
#13901 = DIRECTION('',(1.,0.,0.));
#13902 = ORIENTED_EDGE('',*,*,#13903,.T.);
#13903 = EDGE_CURVE('',#13896,#13904,#13906,.T.);
#13904 = VERTEX_POINT('',#13905);
#13905 = CARTESIAN_POINT('',(66.,-6.,150.));
#13906 = LINE('',#13907,#13908);
#13907 = CARTESIAN_POINT('',(66.,-10.,150.));
#13908 = VECTOR('',#13909,1.);
#13909 = DIRECTION('',(0.,1.,0.));
#13910 = ORIENTED_EDGE('',*,*,#13911,.F.);
#13911 = EDGE_CURVE('',#13850,#13904,#13912,.T.);
#13912 = LINE('',#13913,#13914);
#13913 = CARTESIAN_POINT('',(32.,-6.,150.));
#13914 = VECTOR('',#13915,1.);
#13915 = DIRECTION('',(1.,0.,0.));
#13916 = ORIENTED_EDGE('',*,*,#13847,.F.);
#13917 = PLANE('',#13918);
#13918 = AXIS2_PLACEMENT_3D('',#13919,#13920,#13921);
#13919 = CARTESIAN_POINT('',(32.,-10.,150.));
#13920 = DIRECTION('',(0.,0.,1.));
#13921 = DIRECTION('',(1.,0.,0.));
#13922 = ADVANCED_FACE('',(#13923),#13996,.T.);
#13923 = FACE_BOUND('',#13924,.T.);
#13924 = EDGE_LOOP('',(#13925,#13933,#13934,#13942,#13950,#13958,#13966,
    #13974,#13982,#13990));
#13925 = ORIENTED_EDGE('',*,*,#13926,.T.);
#13926 = EDGE_CURVE('',#13927,#13850,#13929,.T.);
#13927 = VERTEX_POINT('',#13928);
#13928 = CARTESIAN_POINT('',(37.,-6.,102.));
#13929 = LINE('',#13930,#13931);
#13930 = CARTESIAN_POINT('',(37.,-6.,102.));
#13931 = VECTOR('',#13932,1.);
#13932 = DIRECTION('',(0.,0.,1.));
#13933 = ORIENTED_EDGE('',*,*,#13873,.T.);
#13934 = ORIENTED_EDGE('',*,*,#13935,.T.);
#13935 = EDGE_CURVE('',#13866,#13936,#13938,.T.);
#13936 = VERTEX_POINT('',#13937);
#13937 = CARTESIAN_POINT('',(37.,-6.,420.));
#13938 = LINE('',#13939,#13940);
#13939 = CARTESIAN_POINT('',(37.,-6.,102.));
#13940 = VECTOR('',#13941,1.);
#13941 = DIRECTION('',(0.,0.,1.));
#13942 = ORIENTED_EDGE('',*,*,#13943,.T.);
#13943 = EDGE_CURVE('',#13936,#13944,#13946,.T.);
#13944 = VERTEX_POINT('',#13945);
#13945 = CARTESIAN_POINT('',(37.,-6.,490.));
#13946 = LINE('',#13947,#13948);
#13947 = CARTESIAN_POINT('',(37.,-6.,102.));
#13948 = VECTOR('',#13949,1.);
#13949 = DIRECTION('',(0.,0.,1.));
#13950 = ORIENTED_EDGE('',*,*,#13951,.T.);
#13951 = EDGE_CURVE('',#13944,#13952,#13954,.T.);
#13952 = VERTEX_POINT('',#13953);
#13953 = CARTESIAN_POINT('',(37.,-6.,690.));
#13954 = LINE('',#13955,#13956);
#13955 = CARTESIAN_POINT('',(37.,-6.,102.));
#13956 = VECTOR('',#13957,1.);
#13957 = DIRECTION('',(0.,0.,1.));
#13958 = ORIENTED_EDGE('',*,*,#13959,.T.);
#13959 = EDGE_CURVE('',#13952,#13960,#13962,.T.);
#13960 = VERTEX_POINT('',#13961);
#13961 = CARTESIAN_POINT('',(37.,-6.,760.));
#13962 = LINE('',#13963,#13964);
#13963 = CARTESIAN_POINT('',(37.,-6.,102.));
#13964 = VECTOR('',#13965,1.);
#13965 = DIRECTION('',(0.,0.,1.));
#13966 = ORIENTED_EDGE('',*,*,#13967,.T.);
#13967 = EDGE_CURVE('',#13960,#13968,#13970,.T.);
#13968 = VERTEX_POINT('',#13969);
#13969 = CARTESIAN_POINT('',(37.,-6.,768.));
#13970 = LINE('',#13971,#13972);
#13971 = CARTESIAN_POINT('',(37.,-6.,102.));
#13972 = VECTOR('',#13973,1.);
#13973 = DIRECTION('',(0.,0.,1.));
#13974 = ORIENTED_EDGE('',*,*,#13975,.T.);
#13975 = EDGE_CURVE('',#13968,#13976,#13978,.T.);
#13976 = VERTEX_POINT('',#13977);
#13977 = CARTESIAN_POINT('',(37.,2.,768.));
#13978 = LINE('',#13979,#13980);
#13979 = CARTESIAN_POINT('',(37.,-6.,768.));
#13980 = VECTOR('',#13981,1.);
#13981 = DIRECTION('',(0.,1.,0.));
#13982 = ORIENTED_EDGE('',*,*,#13983,.F.);
#13983 = EDGE_CURVE('',#13984,#13976,#13986,.T.);
#13984 = VERTEX_POINT('',#13985);
#13985 = CARTESIAN_POINT('',(37.,2.,102.));
#13986 = LINE('',#13987,#13988);
#13987 = CARTESIAN_POINT('',(37.,2.,102.));
#13988 = VECTOR('',#13989,1.);
#13989 = DIRECTION('',(0.,0.,1.));
#13990 = ORIENTED_EDGE('',*,*,#13991,.F.);
#13991 = EDGE_CURVE('',#13927,#13984,#13992,.T.);
#13992 = LINE('',#13993,#13994);
#13993 = CARTESIAN_POINT('',(37.,-3.,102.));
#13994 = VECTOR('',#13995,1.);
#13995 = DIRECTION('',(0.,1.,0.));
#13996 = PLANE('',#13997);
#13997 = AXIS2_PLACEMENT_3D('',#13998,#13999,#14000);
#13998 = CARTESIAN_POINT('',(37.,-2.,435.));
#13999 = DIRECTION('',(-1.,-0.,-0.));
#14000 = DIRECTION('',(0.,0.,-1.));
#14001 = ADVANCED_FACE('',(#14002),#14035,.T.);
#14002 = FACE_BOUND('',#14003,.T.);
#14003 = EDGE_LOOP('',(#14004,#14012,#14020,#14028,#14034));
#14004 = ORIENTED_EDGE('',*,*,#14005,.F.);
#14005 = EDGE_CURVE('',#14006,#13858,#14008,.T.);
#14006 = VERTEX_POINT('',#14007);
#14007 = CARTESIAN_POINT('',(32.,-10.,220.));
#14008 = LINE('',#14009,#14010);
#14009 = CARTESIAN_POINT('',(32.,-10.,220.));
#14010 = VECTOR('',#14011,1.);
#14011 = DIRECTION('',(0.,1.,0.));
#14012 = ORIENTED_EDGE('',*,*,#14013,.T.);
#14013 = EDGE_CURVE('',#14006,#14014,#14016,.T.);
#14014 = VERTEX_POINT('',#14015);
#14015 = CARTESIAN_POINT('',(66.,-10.,220.));
#14016 = LINE('',#14017,#14018);
#14017 = CARTESIAN_POINT('',(32.,-10.,220.));
#14018 = VECTOR('',#14019,1.);
#14019 = DIRECTION('',(1.,0.,0.));
#14020 = ORIENTED_EDGE('',*,*,#14021,.T.);
#14021 = EDGE_CURVE('',#14014,#14022,#14024,.T.);
#14022 = VERTEX_POINT('',#14023);
#14023 = CARTESIAN_POINT('',(66.,-6.,220.));
#14024 = LINE('',#14025,#14026);
#14025 = CARTESIAN_POINT('',(66.,-10.,220.));
#14026 = VECTOR('',#14027,1.);
#14027 = DIRECTION('',(0.,1.,0.));
#14028 = ORIENTED_EDGE('',*,*,#14029,.F.);
#14029 = EDGE_CURVE('',#13866,#14022,#14030,.T.);
#14030 = LINE('',#14031,#14032);
#14031 = CARTESIAN_POINT('',(32.,-6.,220.));
#14032 = VECTOR('',#14033,1.);
#14033 = DIRECTION('',(1.,0.,0.));
#14034 = ORIENTED_EDGE('',*,*,#13865,.F.);
#14035 = PLANE('',#14036);
#14036 = AXIS2_PLACEMENT_3D('',#14037,#14038,#14039);
#14037 = CARTESIAN_POINT('',(32.,-10.,220.));
#14038 = DIRECTION('',(0.,0.,1.));
#14039 = DIRECTION('',(1.,0.,0.));
#14040 = ADVANCED_FACE('',(#14041),#14052,.F.);
#14041 = FACE_BOUND('',#14042,.F.);
#14042 = EDGE_LOOP('',(#14043,#14049,#14050,#14051));
#14043 = ORIENTED_EDGE('',*,*,#14044,.F.);
#14044 = EDGE_CURVE('',#13888,#14006,#14045,.T.);
#14045 = LINE('',#14046,#14047);
#14046 = CARTESIAN_POINT('',(32.,-10.,150.));
#14047 = VECTOR('',#14048,1.);
#14048 = DIRECTION('',(0.,0.,1.));
#14049 = ORIENTED_EDGE('',*,*,#13887,.T.);
#14050 = ORIENTED_EDGE('',*,*,#13857,.T.);
#14051 = ORIENTED_EDGE('',*,*,#14005,.F.);
#14052 = PLANE('',#14053);
#14053 = AXIS2_PLACEMENT_3D('',#14054,#14055,#14056);
#14054 = CARTESIAN_POINT('',(32.,-10.,150.));
#14055 = DIRECTION('',(1.,0.,0.));
#14056 = DIRECTION('',(0.,0.,1.));
#14057 = ADVANCED_FACE('',(#14058,#14138,#14172,#14206),#14217,.F.);
#14058 = FACE_BOUND('',#14059,.F.);
#14059 = EDGE_LOOP('',(#14060,#14068,#14076,#14082,#14083,#14084,#14090,
    #14091,#14092,#14100,#14108,#14114,#14115,#14123,#14131,#14137));
#14060 = ORIENTED_EDGE('',*,*,#14061,.T.);
#14061 = EDGE_CURVE('',#13968,#14062,#14064,.T.);
#14062 = VERTEX_POINT('',#14063);
#14063 = CARTESIAN_POINT('',(373.,-6.,768.));
#14064 = LINE('',#14065,#14066);
#14065 = CARTESIAN_POINT('',(37.,-6.,768.));
#14066 = VECTOR('',#14067,1.);
#14067 = DIRECTION('',(1.,0.,0.));
#14068 = ORIENTED_EDGE('',*,*,#14069,.F.);
#14069 = EDGE_CURVE('',#14070,#14062,#14072,.T.);
#14070 = VERTEX_POINT('',#14071);
#14071 = CARTESIAN_POINT('',(373.,-6.,102.));
#14072 = LINE('',#14073,#14074);
#14073 = CARTESIAN_POINT('',(373.,-6.,102.));
#14074 = VECTOR('',#14075,1.);
#14075 = DIRECTION('',(0.,0.,1.));
#14076 = ORIENTED_EDGE('',*,*,#14077,.F.);
#14077 = EDGE_CURVE('',#13927,#14070,#14078,.T.);
#14078 = LINE('',#14079,#14080);
#14079 = CARTESIAN_POINT('',(37.,-6.,102.));
#14080 = VECTOR('',#14081,1.);
#14081 = DIRECTION('',(1.,0.,0.));
#14082 = ORIENTED_EDGE('',*,*,#13926,.T.);
#14083 = ORIENTED_EDGE('',*,*,#13911,.T.);
#14084 = ORIENTED_EDGE('',*,*,#14085,.T.);
#14085 = EDGE_CURVE('',#13904,#14022,#14086,.T.);
#14086 = LINE('',#14087,#14088);
#14087 = CARTESIAN_POINT('',(66.,-6.,150.));
#14088 = VECTOR('',#14089,1.);
#14089 = DIRECTION('',(0.,0.,1.));
#14090 = ORIENTED_EDGE('',*,*,#14029,.F.);
#14091 = ORIENTED_EDGE('',*,*,#13935,.T.);
#14092 = ORIENTED_EDGE('',*,*,#14093,.T.);
#14093 = EDGE_CURVE('',#13936,#14094,#14096,.T.);
#14094 = VERTEX_POINT('',#14095);
#14095 = CARTESIAN_POINT('',(66.,-6.,420.));
#14096 = LINE('',#14097,#14098);
#14097 = CARTESIAN_POINT('',(32.,-6.,420.));
#14098 = VECTOR('',#14099,1.);
#14099 = DIRECTION('',(1.,0.,0.));
#14100 = ORIENTED_EDGE('',*,*,#14101,.T.);
#14101 = EDGE_CURVE('',#14094,#14102,#14104,.T.);
#14102 = VERTEX_POINT('',#14103);
#14103 = CARTESIAN_POINT('',(66.,-6.,490.));
#14104 = LINE('',#14105,#14106);
#14105 = CARTESIAN_POINT('',(66.,-6.,420.));
#14106 = VECTOR('',#14107,1.);
#14107 = DIRECTION('',(0.,0.,1.));
#14108 = ORIENTED_EDGE('',*,*,#14109,.F.);
#14109 = EDGE_CURVE('',#13944,#14102,#14110,.T.);
#14110 = LINE('',#14111,#14112);
#14111 = CARTESIAN_POINT('',(32.,-6.,490.));
#14112 = VECTOR('',#14113,1.);
#14113 = DIRECTION('',(1.,0.,0.));
#14114 = ORIENTED_EDGE('',*,*,#13951,.T.);
#14115 = ORIENTED_EDGE('',*,*,#14116,.T.);
#14116 = EDGE_CURVE('',#13952,#14117,#14119,.T.);
#14117 = VERTEX_POINT('',#14118);
#14118 = CARTESIAN_POINT('',(66.,-6.,690.));
#14119 = LINE('',#14120,#14121);
#14120 = CARTESIAN_POINT('',(32.,-6.,690.));
#14121 = VECTOR('',#14122,1.);
#14122 = DIRECTION('',(1.,0.,0.));
#14123 = ORIENTED_EDGE('',*,*,#14124,.T.);
#14124 = EDGE_CURVE('',#14117,#14125,#14127,.T.);
#14125 = VERTEX_POINT('',#14126);
#14126 = CARTESIAN_POINT('',(66.,-6.,760.));
#14127 = LINE('',#14128,#14129);
#14128 = CARTESIAN_POINT('',(66.,-6.,690.));
#14129 = VECTOR('',#14130,1.);
#14130 = DIRECTION('',(0.,0.,1.));
#14131 = ORIENTED_EDGE('',*,*,#14132,.F.);
#14132 = EDGE_CURVE('',#13960,#14125,#14133,.T.);
#14133 = LINE('',#14134,#14135);
#14134 = CARTESIAN_POINT('',(32.,-6.,760.));
#14135 = VECTOR('',#14136,1.);
#14136 = DIRECTION('',(1.,0.,0.));
#14137 = ORIENTED_EDGE('',*,*,#13967,.T.);
#14138 = FACE_BOUND('',#14139,.F.);
#14139 = EDGE_LOOP('',(#14140,#14150,#14158,#14166));
#14140 = ORIENTED_EDGE('',*,*,#14141,.F.);
#14141 = EDGE_CURVE('',#14142,#14144,#14146,.T.);
#14142 = VERTEX_POINT('',#14143);
#14143 = CARTESIAN_POINT('',(250.,-6.,417.));
#14144 = VERTEX_POINT('',#14145);
#14145 = CARTESIAN_POINT('',(262.,-6.,417.));
#14146 = LINE('',#14147,#14148);
#14147 = CARTESIAN_POINT('',(250.,-6.,417.));
#14148 = VECTOR('',#14149,1.);
#14149 = DIRECTION('',(1.,0.,0.));
#14150 = ORIENTED_EDGE('',*,*,#14151,.F.);
#14151 = EDGE_CURVE('',#14152,#14142,#14154,.T.);
#14152 = VERTEX_POINT('',#14153);
#14153 = CARTESIAN_POINT('',(250.,-6.,405.));
#14154 = LINE('',#14155,#14156);
#14155 = CARTESIAN_POINT('',(250.,-6.,405.));
#14156 = VECTOR('',#14157,1.);
#14157 = DIRECTION('',(0.,0.,1.));
#14158 = ORIENTED_EDGE('',*,*,#14159,.T.);
#14159 = EDGE_CURVE('',#14152,#14160,#14162,.T.);
#14160 = VERTEX_POINT('',#14161);
#14161 = CARTESIAN_POINT('',(262.,-6.,405.));
#14162 = LINE('',#14163,#14164);
#14163 = CARTESIAN_POINT('',(250.,-6.,405.));
#14164 = VECTOR('',#14165,1.);
#14165 = DIRECTION('',(1.,0.,0.));
#14166 = ORIENTED_EDGE('',*,*,#14167,.T.);
#14167 = EDGE_CURVE('',#14160,#14144,#14168,.T.);
#14168 = LINE('',#14169,#14170);
#14169 = CARTESIAN_POINT('',(262.,-6.,405.));
#14170 = VECTOR('',#14171,1.);
#14171 = DIRECTION('',(0.,0.,1.));
#14172 = FACE_BOUND('',#14173,.F.);
#14173 = EDGE_LOOP('',(#14174,#14184,#14192,#14200));
#14174 = ORIENTED_EDGE('',*,*,#14175,.F.);
#14175 = EDGE_CURVE('',#14176,#14178,#14180,.T.);
#14176 = VERTEX_POINT('',#14177);
#14177 = CARTESIAN_POINT('',(250.,-6.,453.));
#14178 = VERTEX_POINT('',#14179);
#14179 = CARTESIAN_POINT('',(250.,-6.,465.));
#14180 = LINE('',#14181,#14182);
#14181 = CARTESIAN_POINT('',(250.,-6.,453.));
#14182 = VECTOR('',#14183,1.);
#14183 = DIRECTION('',(0.,0.,1.));
#14184 = ORIENTED_EDGE('',*,*,#14185,.T.);
#14185 = EDGE_CURVE('',#14176,#14186,#14188,.T.);
#14186 = VERTEX_POINT('',#14187);
#14187 = CARTESIAN_POINT('',(262.,-6.,453.));
#14188 = LINE('',#14189,#14190);
#14189 = CARTESIAN_POINT('',(250.,-6.,453.));
#14190 = VECTOR('',#14191,1.);
#14191 = DIRECTION('',(1.,0.,0.));
#14192 = ORIENTED_EDGE('',*,*,#14193,.T.);
#14193 = EDGE_CURVE('',#14186,#14194,#14196,.T.);
#14194 = VERTEX_POINT('',#14195);
#14195 = CARTESIAN_POINT('',(262.,-6.,465.));
#14196 = LINE('',#14197,#14198);
#14197 = CARTESIAN_POINT('',(262.,-6.,453.));
#14198 = VECTOR('',#14199,1.);
#14199 = DIRECTION('',(0.,0.,1.));
#14200 = ORIENTED_EDGE('',*,*,#14201,.F.);
#14201 = EDGE_CURVE('',#14178,#14194,#14202,.T.);
#14202 = LINE('',#14203,#14204);
#14203 = CARTESIAN_POINT('',(250.,-6.,465.));
#14204 = VECTOR('',#14205,1.);
#14205 = DIRECTION('',(1.,0.,0.));
#14206 = FACE_BOUND('',#14207,.F.);
#14207 = EDGE_LOOP('',(#14208));
#14208 = ORIENTED_EDGE('',*,*,#14209,.F.);
#14209 = EDGE_CURVE('',#14210,#14210,#14212,.T.);
#14210 = VERTEX_POINT('',#14211);
#14211 = CARTESIAN_POINT('',(310.,-6.,446.5));
#14212 = CIRCLE('',#14213,11.5);
#14213 = AXIS2_PLACEMENT_3D('',#14214,#14215,#14216);
#14214 = CARTESIAN_POINT('',(310.,-6.,435.));
#14215 = DIRECTION('',(0.,1.,0.));
#14216 = DIRECTION('',(0.,0.,1.));
#14217 = PLANE('',#14218);
#14218 = AXIS2_PLACEMENT_3D('',#14219,#14220,#14221);
#14219 = CARTESIAN_POINT('',(37.,-6.,102.));
#14220 = DIRECTION('',(0.,1.,0.));
#14221 = DIRECTION('',(0.,0.,1.));
#14222 = ADVANCED_FACE('',(#14223),#14234,.T.);
#14223 = FACE_BOUND('',#14224,.T.);
#14224 = EDGE_LOOP('',(#14225,#14231,#14232,#14233));
#14225 = ORIENTED_EDGE('',*,*,#14226,.F.);
#14226 = EDGE_CURVE('',#13896,#14014,#14227,.T.);
#14227 = LINE('',#14228,#14229);
#14228 = CARTESIAN_POINT('',(66.,-10.,150.));
#14229 = VECTOR('',#14230,1.);
#14230 = DIRECTION('',(0.,0.,1.));
#14231 = ORIENTED_EDGE('',*,*,#13903,.T.);
#14232 = ORIENTED_EDGE('',*,*,#14085,.T.);
#14233 = ORIENTED_EDGE('',*,*,#14021,.F.);
#14234 = PLANE('',#14235);
#14235 = AXIS2_PLACEMENT_3D('',#14236,#14237,#14238);
#14236 = CARTESIAN_POINT('',(66.,-10.,150.));
#14237 = DIRECTION('',(1.,0.,0.));
#14238 = DIRECTION('',(0.,0.,1.));
#14239 = ADVANCED_FACE('',(#14240),#14246,.F.);
#14240 = FACE_BOUND('',#14241,.F.);
#14241 = EDGE_LOOP('',(#14242,#14243,#14244,#14245));
#14242 = ORIENTED_EDGE('',*,*,#13895,.F.);
#14243 = ORIENTED_EDGE('',*,*,#14044,.T.);
#14244 = ORIENTED_EDGE('',*,*,#14013,.T.);
#14245 = ORIENTED_EDGE('',*,*,#14226,.F.);
#14246 = PLANE('',#14247);
#14247 = AXIS2_PLACEMENT_3D('',#14248,#14249,#14250);
#14248 = CARTESIAN_POINT('',(32.,-10.,150.));
#14249 = DIRECTION('',(0.,1.,0.));
#14250 = DIRECTION('',(0.,0.,1.));
#14251 = ADVANCED_FACE('',(#14252),#14277,.T.);
#14252 = FACE_BOUND('',#14253,.T.);
#14253 = EDGE_LOOP('',(#14254,#14262,#14270,#14276));
#14254 = ORIENTED_EDGE('',*,*,#14255,.F.);
#14255 = EDGE_CURVE('',#14256,#13936,#14258,.T.);
#14256 = VERTEX_POINT('',#14257);
#14257 = CARTESIAN_POINT('',(32.,-6.,420.));
#14258 = LINE('',#14259,#14260);
#14259 = CARTESIAN_POINT('',(32.,-6.,420.));
#14260 = VECTOR('',#14261,1.);
#14261 = DIRECTION('',(1.,0.,0.));
#14262 = ORIENTED_EDGE('',*,*,#14263,.T.);
#14263 = EDGE_CURVE('',#14256,#14264,#14266,.T.);
#14264 = VERTEX_POINT('',#14265);
#14265 = CARTESIAN_POINT('',(32.,-6.,490.));
#14266 = LINE('',#14267,#14268);
#14267 = CARTESIAN_POINT('',(32.,-6.,420.));
#14268 = VECTOR('',#14269,1.);
#14269 = DIRECTION('',(0.,0.,1.));
#14270 = ORIENTED_EDGE('',*,*,#14271,.T.);
#14271 = EDGE_CURVE('',#14264,#13944,#14272,.T.);
#14272 = LINE('',#14273,#14274);
#14273 = CARTESIAN_POINT('',(32.,-6.,490.));
#14274 = VECTOR('',#14275,1.);
#14275 = DIRECTION('',(1.,0.,0.));
#14276 = ORIENTED_EDGE('',*,*,#13943,.F.);
#14277 = PLANE('',#14278);
#14278 = AXIS2_PLACEMENT_3D('',#14279,#14280,#14281);
#14279 = CARTESIAN_POINT('',(32.,-6.,420.));
#14280 = DIRECTION('',(0.,1.,0.));
#14281 = DIRECTION('',(0.,0.,1.));
#14282 = ADVANCED_FACE('',(#14283),#14308,.T.);
#14283 = FACE_BOUND('',#14284,.T.);
#14284 = EDGE_LOOP('',(#14285,#14293,#14301,#14307));
#14285 = ORIENTED_EDGE('',*,*,#14286,.F.);
#14286 = EDGE_CURVE('',#14287,#13952,#14289,.T.);
#14287 = VERTEX_POINT('',#14288);
#14288 = CARTESIAN_POINT('',(32.,-6.,690.));
#14289 = LINE('',#14290,#14291);
#14290 = CARTESIAN_POINT('',(32.,-6.,690.));
#14291 = VECTOR('',#14292,1.);
#14292 = DIRECTION('',(1.,0.,0.));
#14293 = ORIENTED_EDGE('',*,*,#14294,.T.);
#14294 = EDGE_CURVE('',#14287,#14295,#14297,.T.);
#14295 = VERTEX_POINT('',#14296);
#14296 = CARTESIAN_POINT('',(32.,-6.,760.));
#14297 = LINE('',#14298,#14299);
#14298 = CARTESIAN_POINT('',(32.,-6.,690.));
#14299 = VECTOR('',#14300,1.);
#14300 = DIRECTION('',(0.,0.,1.));
#14301 = ORIENTED_EDGE('',*,*,#14302,.T.);
#14302 = EDGE_CURVE('',#14295,#13960,#14303,.T.);
#14303 = LINE('',#14304,#14305);
#14304 = CARTESIAN_POINT('',(32.,-6.,760.));
#14305 = VECTOR('',#14306,1.);
#14306 = DIRECTION('',(1.,0.,0.));
#14307 = ORIENTED_EDGE('',*,*,#13959,.F.);
#14308 = PLANE('',#14309);
#14309 = AXIS2_PLACEMENT_3D('',#14310,#14311,#14312);
#14310 = CARTESIAN_POINT('',(32.,-6.,690.));
#14311 = DIRECTION('',(0.,1.,0.));
#14312 = DIRECTION('',(0.,0.,1.));
#14313 = ADVANCED_FACE('',(#14314),#14332,.T.);
#14314 = FACE_BOUND('',#14315,.T.);
#14315 = EDGE_LOOP('',(#14316,#14317,#14318,#14326));
#14316 = ORIENTED_EDGE('',*,*,#13975,.F.);
#14317 = ORIENTED_EDGE('',*,*,#14061,.T.);
#14318 = ORIENTED_EDGE('',*,*,#14319,.T.);
#14319 = EDGE_CURVE('',#14062,#14320,#14322,.T.);
#14320 = VERTEX_POINT('',#14321);
#14321 = CARTESIAN_POINT('',(373.,2.,768.));
#14322 = LINE('',#14323,#14324);
#14323 = CARTESIAN_POINT('',(373.,-6.,768.));
#14324 = VECTOR('',#14325,1.);
#14325 = DIRECTION('',(0.,1.,0.));
#14326 = ORIENTED_EDGE('',*,*,#14327,.F.);
#14327 = EDGE_CURVE('',#13976,#14320,#14328,.T.);
#14328 = LINE('',#14329,#14330);
#14329 = CARTESIAN_POINT('',(37.,2.,768.));
#14330 = VECTOR('',#14331,1.);
#14331 = DIRECTION('',(1.,0.,0.));
#14332 = PLANE('',#14333);
#14333 = AXIS2_PLACEMENT_3D('',#14334,#14335,#14336);
#14334 = CARTESIAN_POINT('',(205.,-2.,768.));
#14335 = DIRECTION('',(0.,0.,1.));
#14336 = DIRECTION('',(1.,0.,0.));
#14337 = ADVANCED_FACE('',(#14338,#14356),#14390,.T.);
#14338 = FACE_BOUND('',#14339,.T.);
#14339 = EDGE_LOOP('',(#14340,#14348,#14349,#14350));
#14340 = ORIENTED_EDGE('',*,*,#14341,.F.);
#14341 = EDGE_CURVE('',#13984,#14342,#14344,.T.);
#14342 = VERTEX_POINT('',#14343);
#14343 = CARTESIAN_POINT('',(373.,2.,102.));
#14344 = LINE('',#14345,#14346);
#14345 = CARTESIAN_POINT('',(37.,2.,102.));
#14346 = VECTOR('',#14347,1.);
#14347 = DIRECTION('',(1.,0.,0.));
#14348 = ORIENTED_EDGE('',*,*,#13983,.T.);
#14349 = ORIENTED_EDGE('',*,*,#14327,.T.);
#14350 = ORIENTED_EDGE('',*,*,#14351,.F.);
#14351 = EDGE_CURVE('',#14342,#14320,#14352,.T.);
#14352 = LINE('',#14353,#14354);
#14353 = CARTESIAN_POINT('',(373.,2.,102.));
#14354 = VECTOR('',#14355,1.);
#14355 = DIRECTION('',(0.,0.,1.));
#14356 = FACE_BOUND('',#14357,.T.);
#14357 = EDGE_LOOP('',(#14358,#14368,#14376,#14384));
#14358 = ORIENTED_EDGE('',*,*,#14359,.F.);
#14359 = EDGE_CURVE('',#14360,#14362,#14364,.T.);
#14360 = VERTEX_POINT('',#14361);
#14361 = CARTESIAN_POINT('',(47.,2.,758.));
#14362 = VERTEX_POINT('',#14363);
#14363 = CARTESIAN_POINT('',(363.,2.,758.));
#14364 = LINE('',#14365,#14366);
#14365 = CARTESIAN_POINT('',(42.,2.,758.));
#14366 = VECTOR('',#14367,1.);
#14367 = DIRECTION('',(1.,0.,0.));
#14368 = ORIENTED_EDGE('',*,*,#14369,.T.);
#14369 = EDGE_CURVE('',#14360,#14370,#14372,.T.);
#14370 = VERTEX_POINT('',#14371);
#14371 = CARTESIAN_POINT('',(47.,2.,112.));
#14372 = LINE('',#14373,#14374);
#14373 = CARTESIAN_POINT('',(47.,2.,107.));
#14374 = VECTOR('',#14375,1.);
#14375 = DIRECTION('',(0.,0.,-1.));
#14376 = ORIENTED_EDGE('',*,*,#14377,.T.);
#14377 = EDGE_CURVE('',#14370,#14378,#14380,.T.);
#14378 = VERTEX_POINT('',#14379);
#14379 = CARTESIAN_POINT('',(363.,2.,112.));
#14380 = LINE('',#14381,#14382);
#14381 = CARTESIAN_POINT('',(42.,2.,112.));
#14382 = VECTOR('',#14383,1.);
#14383 = DIRECTION('',(1.,0.,0.));
#14384 = ORIENTED_EDGE('',*,*,#14385,.F.);
#14385 = EDGE_CURVE('',#14362,#14378,#14386,.T.);
#14386 = LINE('',#14387,#14388);
#14387 = CARTESIAN_POINT('',(363.,2.,107.));
#14388 = VECTOR('',#14389,1.);
#14389 = DIRECTION('',(0.,0.,-1.));
#14390 = PLANE('',#14391);
#14391 = AXIS2_PLACEMENT_3D('',#14392,#14393,#14394);
#14392 = CARTESIAN_POINT('',(37.,2.,102.));
#14393 = DIRECTION('',(0.,1.,0.));
#14394 = DIRECTION('',(0.,0.,1.));
#14395 = ADVANCED_FACE('',(#14396),#14407,.T.);
#14396 = FACE_BOUND('',#14397,.T.);
#14397 = EDGE_LOOP('',(#14398,#14399,#14400,#14406));
#14398 = ORIENTED_EDGE('',*,*,#13991,.T.);
#14399 = ORIENTED_EDGE('',*,*,#14341,.T.);
#14400 = ORIENTED_EDGE('',*,*,#14401,.F.);
#14401 = EDGE_CURVE('',#14070,#14342,#14402,.T.);
#14402 = LINE('',#14403,#14404);
#14403 = CARTESIAN_POINT('',(373.,-3.,102.));
#14404 = VECTOR('',#14405,1.);
#14405 = DIRECTION('',(0.,1.,0.));
#14406 = ORIENTED_EDGE('',*,*,#14077,.F.);
#14407 = PLANE('',#14408);
#14408 = AXIS2_PLACEMENT_3D('',#14409,#14410,#14411);
#14409 = CARTESIAN_POINT('',(205.,-2.,102.));
#14410 = DIRECTION('',(-0.,-0.,-1.));
#14411 = DIRECTION('',(-1.,0.,0.));
#14412 = ADVANCED_FACE('',(#14413),#14419,.T.);
#14413 = FACE_BOUND('',#14414,.T.);
#14414 = EDGE_LOOP('',(#14415,#14416,#14417,#14418));
#14415 = ORIENTED_EDGE('',*,*,#14069,.F.);
#14416 = ORIENTED_EDGE('',*,*,#14401,.T.);
#14417 = ORIENTED_EDGE('',*,*,#14351,.T.);
#14418 = ORIENTED_EDGE('',*,*,#14319,.F.);
#14419 = PLANE('',#14420);
#14420 = AXIS2_PLACEMENT_3D('',#14421,#14422,#14423);
#14421 = CARTESIAN_POINT('',(373.,-2.,435.));
#14422 = DIRECTION('',(1.,0.,0.));
#14423 = DIRECTION('',(0.,0.,1.));
#14424 = ADVANCED_FACE('',(#14425),#14451,.T.);
#14425 = FACE_BOUND('',#14426,.T.);
#14426 = EDGE_LOOP('',(#14427,#14435,#14443,#14449,#14450));
#14427 = ORIENTED_EDGE('',*,*,#14428,.F.);
#14428 = EDGE_CURVE('',#14429,#14295,#14431,.T.);
#14429 = VERTEX_POINT('',#14430);
#14430 = CARTESIAN_POINT('',(32.,-10.,760.));
#14431 = LINE('',#14432,#14433);
#14432 = CARTESIAN_POINT('',(32.,-10.,760.));
#14433 = VECTOR('',#14434,1.);
#14434 = DIRECTION('',(0.,1.,0.));
#14435 = ORIENTED_EDGE('',*,*,#14436,.T.);
#14436 = EDGE_CURVE('',#14429,#14437,#14439,.T.);
#14437 = VERTEX_POINT('',#14438);
#14438 = CARTESIAN_POINT('',(66.,-10.,760.));
#14439 = LINE('',#14440,#14441);
#14440 = CARTESIAN_POINT('',(32.,-10.,760.));
#14441 = VECTOR('',#14442,1.);
#14442 = DIRECTION('',(1.,0.,0.));
#14443 = ORIENTED_EDGE('',*,*,#14444,.T.);
#14444 = EDGE_CURVE('',#14437,#14125,#14445,.T.);
#14445 = LINE('',#14446,#14447);
#14446 = CARTESIAN_POINT('',(66.,-10.,760.));
#14447 = VECTOR('',#14448,1.);
#14448 = DIRECTION('',(0.,1.,0.));
#14449 = ORIENTED_EDGE('',*,*,#14132,.F.);
#14450 = ORIENTED_EDGE('',*,*,#14302,.F.);
#14451 = PLANE('',#14452);
#14452 = AXIS2_PLACEMENT_3D('',#14453,#14454,#14455);
#14453 = CARTESIAN_POINT('',(32.,-10.,760.));
#14454 = DIRECTION('',(0.,0.,1.));
#14455 = DIRECTION('',(1.,0.,0.));
#14456 = ADVANCED_FACE('',(#14457),#14475,.T.);
#14457 = FACE_BOUND('',#14458,.T.);
#14458 = EDGE_LOOP('',(#14459,#14467,#14473,#14474));
#14459 = ORIENTED_EDGE('',*,*,#14460,.F.);
#14460 = EDGE_CURVE('',#14461,#14437,#14463,.T.);
#14461 = VERTEX_POINT('',#14462);
#14462 = CARTESIAN_POINT('',(66.,-10.,690.));
#14463 = LINE('',#14464,#14465);
#14464 = CARTESIAN_POINT('',(66.,-10.,690.));
#14465 = VECTOR('',#14466,1.);
#14466 = DIRECTION('',(0.,0.,1.));
#14467 = ORIENTED_EDGE('',*,*,#14468,.T.);
#14468 = EDGE_CURVE('',#14461,#14117,#14469,.T.);
#14469 = LINE('',#14470,#14471);
#14470 = CARTESIAN_POINT('',(66.,-10.,690.));
#14471 = VECTOR('',#14472,1.);
#14472 = DIRECTION('',(0.,1.,0.));
#14473 = ORIENTED_EDGE('',*,*,#14124,.T.);
#14474 = ORIENTED_EDGE('',*,*,#14444,.F.);
#14475 = PLANE('',#14476);
#14476 = AXIS2_PLACEMENT_3D('',#14477,#14478,#14479);
#14477 = CARTESIAN_POINT('',(66.,-10.,690.));
#14478 = DIRECTION('',(1.,0.,0.));
#14479 = DIRECTION('',(0.,0.,1.));
#14480 = ADVANCED_FACE('',(#14481),#14500,.F.);
#14481 = FACE_BOUND('',#14482,.F.);
#14482 = EDGE_LOOP('',(#14483,#14491,#14497,#14498,#14499));
#14483 = ORIENTED_EDGE('',*,*,#14484,.F.);
#14484 = EDGE_CURVE('',#14485,#14287,#14487,.T.);
#14485 = VERTEX_POINT('',#14486);
#14486 = CARTESIAN_POINT('',(32.,-10.,690.));
#14487 = LINE('',#14488,#14489);
#14488 = CARTESIAN_POINT('',(32.,-10.,690.));
#14489 = VECTOR('',#14490,1.);
#14490 = DIRECTION('',(0.,1.,0.));
#14491 = ORIENTED_EDGE('',*,*,#14492,.T.);
#14492 = EDGE_CURVE('',#14485,#14461,#14493,.T.);
#14493 = LINE('',#14494,#14495);
#14494 = CARTESIAN_POINT('',(32.,-10.,690.));
#14495 = VECTOR('',#14496,1.);
#14496 = DIRECTION('',(1.,0.,0.));
#14497 = ORIENTED_EDGE('',*,*,#14468,.T.);
#14498 = ORIENTED_EDGE('',*,*,#14116,.F.);
#14499 = ORIENTED_EDGE('',*,*,#14286,.F.);
#14500 = PLANE('',#14501);
#14501 = AXIS2_PLACEMENT_3D('',#14502,#14503,#14504);
#14502 = CARTESIAN_POINT('',(32.,-10.,690.));
#14503 = DIRECTION('',(0.,0.,1.));
#14504 = DIRECTION('',(1.,0.,0.));
#14505 = ADVANCED_FACE('',(#14506),#14532,.T.);
#14506 = FACE_BOUND('',#14507,.T.);
#14507 = EDGE_LOOP('',(#14508,#14516,#14524,#14530,#14531));
#14508 = ORIENTED_EDGE('',*,*,#14509,.F.);
#14509 = EDGE_CURVE('',#14510,#14264,#14512,.T.);
#14510 = VERTEX_POINT('',#14511);
#14511 = CARTESIAN_POINT('',(32.,-10.,490.));
#14512 = LINE('',#14513,#14514);
#14513 = CARTESIAN_POINT('',(32.,-10.,490.));
#14514 = VECTOR('',#14515,1.);
#14515 = DIRECTION('',(0.,1.,0.));
#14516 = ORIENTED_EDGE('',*,*,#14517,.T.);
#14517 = EDGE_CURVE('',#14510,#14518,#14520,.T.);
#14518 = VERTEX_POINT('',#14519);
#14519 = CARTESIAN_POINT('',(66.,-10.,490.));
#14520 = LINE('',#14521,#14522);
#14521 = CARTESIAN_POINT('',(32.,-10.,490.));
#14522 = VECTOR('',#14523,1.);
#14523 = DIRECTION('',(1.,0.,0.));
#14524 = ORIENTED_EDGE('',*,*,#14525,.T.);
#14525 = EDGE_CURVE('',#14518,#14102,#14526,.T.);
#14526 = LINE('',#14527,#14528);
#14527 = CARTESIAN_POINT('',(66.,-10.,490.));
#14528 = VECTOR('',#14529,1.);
#14529 = DIRECTION('',(0.,1.,0.));
#14530 = ORIENTED_EDGE('',*,*,#14109,.F.);
#14531 = ORIENTED_EDGE('',*,*,#14271,.F.);
#14532 = PLANE('',#14533);
#14533 = AXIS2_PLACEMENT_3D('',#14534,#14535,#14536);
#14534 = CARTESIAN_POINT('',(32.,-10.,490.));
#14535 = DIRECTION('',(0.,0.,1.));
#14536 = DIRECTION('',(1.,0.,0.));
#14537 = ADVANCED_FACE('',(#14538),#14556,.T.);
#14538 = FACE_BOUND('',#14539,.T.);
#14539 = EDGE_LOOP('',(#14540,#14548,#14554,#14555));
#14540 = ORIENTED_EDGE('',*,*,#14541,.F.);
#14541 = EDGE_CURVE('',#14542,#14518,#14544,.T.);
#14542 = VERTEX_POINT('',#14543);
#14543 = CARTESIAN_POINT('',(66.,-10.,420.));
#14544 = LINE('',#14545,#14546);
#14545 = CARTESIAN_POINT('',(66.,-10.,420.));
#14546 = VECTOR('',#14547,1.);
#14547 = DIRECTION('',(0.,0.,1.));
#14548 = ORIENTED_EDGE('',*,*,#14549,.T.);
#14549 = EDGE_CURVE('',#14542,#14094,#14550,.T.);
#14550 = LINE('',#14551,#14552);
#14551 = CARTESIAN_POINT('',(66.,-10.,420.));
#14552 = VECTOR('',#14553,1.);
#14553 = DIRECTION('',(0.,1.,0.));
#14554 = ORIENTED_EDGE('',*,*,#14101,.T.);
#14555 = ORIENTED_EDGE('',*,*,#14525,.F.);
#14556 = PLANE('',#14557);
#14557 = AXIS2_PLACEMENT_3D('',#14558,#14559,#14560);
#14558 = CARTESIAN_POINT('',(66.,-10.,420.));
#14559 = DIRECTION('',(1.,0.,0.));
#14560 = DIRECTION('',(0.,0.,1.));
#14561 = ADVANCED_FACE('',(#14562),#14581,.F.);
#14562 = FACE_BOUND('',#14563,.F.);
#14563 = EDGE_LOOP('',(#14564,#14572,#14578,#14579,#14580));
#14564 = ORIENTED_EDGE('',*,*,#14565,.F.);
#14565 = EDGE_CURVE('',#14566,#14256,#14568,.T.);
#14566 = VERTEX_POINT('',#14567);
#14567 = CARTESIAN_POINT('',(32.,-10.,420.));
#14568 = LINE('',#14569,#14570);
#14569 = CARTESIAN_POINT('',(32.,-10.,420.));
#14570 = VECTOR('',#14571,1.);
#14571 = DIRECTION('',(0.,1.,0.));
#14572 = ORIENTED_EDGE('',*,*,#14573,.T.);
#14573 = EDGE_CURVE('',#14566,#14542,#14574,.T.);
#14574 = LINE('',#14575,#14576);
#14575 = CARTESIAN_POINT('',(32.,-10.,420.));
#14576 = VECTOR('',#14577,1.);
#14577 = DIRECTION('',(1.,0.,0.));
#14578 = ORIENTED_EDGE('',*,*,#14549,.T.);
#14579 = ORIENTED_EDGE('',*,*,#14093,.F.);
#14580 = ORIENTED_EDGE('',*,*,#14255,.F.);
#14581 = PLANE('',#14582);
#14582 = AXIS2_PLACEMENT_3D('',#14583,#14584,#14585);
#14583 = CARTESIAN_POINT('',(32.,-10.,420.));
#14584 = DIRECTION('',(0.,0.,1.));
#14585 = DIRECTION('',(1.,0.,0.));
#14586 = ADVANCED_FACE('',(#14587),#14612,.T.);
#14587 = FACE_BOUND('',#14588,.T.);
#14588 = EDGE_LOOP('',(#14589,#14597,#14605,#14611));
#14589 = ORIENTED_EDGE('',*,*,#14590,.F.);
#14590 = EDGE_CURVE('',#14591,#14142,#14593,.T.);
#14591 = VERTEX_POINT('',#14592);
#14592 = CARTESIAN_POINT('',(250.,-22.,417.));
#14593 = LINE('',#14594,#14595);
#14594 = CARTESIAN_POINT('',(250.,-28.,417.));
#14595 = VECTOR('',#14596,1.);
#14596 = DIRECTION('',(0.,1.,0.));
#14597 = ORIENTED_EDGE('',*,*,#14598,.F.);
#14598 = EDGE_CURVE('',#14599,#14591,#14601,.T.);
#14599 = VERTEX_POINT('',#14600);
#14600 = CARTESIAN_POINT('',(262.,-22.,417.));
#14601 = LINE('',#14602,#14603);
#14602 = CARTESIAN_POINT('',(250.,-22.,417.));
#14603 = VECTOR('',#14604,1.);
#14604 = DIRECTION('',(-1.,0.,0.));
#14605 = ORIENTED_EDGE('',*,*,#14606,.T.);
#14606 = EDGE_CURVE('',#14599,#14144,#14607,.T.);
#14607 = LINE('',#14608,#14609);
#14608 = CARTESIAN_POINT('',(262.,-28.,417.));
#14609 = VECTOR('',#14610,1.);
#14610 = DIRECTION('',(0.,1.,0.));
#14611 = ORIENTED_EDGE('',*,*,#14141,.F.);
#14612 = PLANE('',#14613);
#14613 = AXIS2_PLACEMENT_3D('',#14614,#14615,#14616);
#14614 = CARTESIAN_POINT('',(250.,-28.,417.));
#14615 = DIRECTION('',(0.,0.,1.));
#14616 = DIRECTION('',(1.,0.,0.));
#14617 = ADVANCED_FACE('',(#14618),#14659,.T.);
#14618 = FACE_BOUND('',#14619,.T.);
#14619 = EDGE_LOOP('',(#14620,#14630,#14636,#14637,#14645,#14651,#14652,
    #14653));
#14620 = ORIENTED_EDGE('',*,*,#14621,.T.);
#14621 = EDGE_CURVE('',#14622,#14624,#14626,.T.);
#14622 = VERTEX_POINT('',#14623);
#14623 = CARTESIAN_POINT('',(250.,-28.,405.));
#14624 = VERTEX_POINT('',#14625);
#14625 = CARTESIAN_POINT('',(250.,-28.,465.));
#14626 = LINE('',#14627,#14628);
#14627 = CARTESIAN_POINT('',(250.,-28.,405.));
#14628 = VECTOR('',#14629,1.);
#14629 = DIRECTION('',(0.,0.,1.));
#14630 = ORIENTED_EDGE('',*,*,#14631,.T.);
#14631 = EDGE_CURVE('',#14624,#14178,#14632,.T.);
#14632 = LINE('',#14633,#14634);
#14633 = CARTESIAN_POINT('',(250.,-28.,465.));
#14634 = VECTOR('',#14635,1.);
#14635 = DIRECTION('',(0.,1.,0.));
#14636 = ORIENTED_EDGE('',*,*,#14175,.F.);
#14637 = ORIENTED_EDGE('',*,*,#14638,.F.);
#14638 = EDGE_CURVE('',#14639,#14176,#14641,.T.);
#14639 = VERTEX_POINT('',#14640);
#14640 = CARTESIAN_POINT('',(250.,-22.,453.));
#14641 = LINE('',#14642,#14643);
#14642 = CARTESIAN_POINT('',(250.,-28.,453.));
#14643 = VECTOR('',#14644,1.);
#14644 = DIRECTION('',(0.,1.,0.));
#14645 = ORIENTED_EDGE('',*,*,#14646,.F.);
#14646 = EDGE_CURVE('',#14591,#14639,#14647,.T.);
#14647 = LINE('',#14648,#14649);
#14648 = CARTESIAN_POINT('',(250.,-22.,405.));
#14649 = VECTOR('',#14650,1.);
#14650 = DIRECTION('',(0.,0.,1.));
#14651 = ORIENTED_EDGE('',*,*,#14590,.T.);
#14652 = ORIENTED_EDGE('',*,*,#14151,.F.);
#14653 = ORIENTED_EDGE('',*,*,#14654,.F.);
#14654 = EDGE_CURVE('',#14622,#14152,#14655,.T.);
#14655 = LINE('',#14656,#14657);
#14656 = CARTESIAN_POINT('',(250.,-28.,405.));
#14657 = VECTOR('',#14658,1.);
#14658 = DIRECTION('',(0.,1.,0.));
#14659 = PLANE('',#14660);
#14660 = AXIS2_PLACEMENT_3D('',#14661,#14662,#14663);
#14661 = CARTESIAN_POINT('',(250.,-19.44897959183,435.));
#14662 = DIRECTION('',(-1.,-0.,-0.));
#14663 = DIRECTION('',(0.,0.,-1.));
#14664 = ADVANCED_FACE('',(#14665),#14706,.T.);
#14665 = FACE_BOUND('',#14666,.T.);
#14666 = EDGE_LOOP('',(#14667,#14677,#14683,#14684,#14685,#14693,#14699,
    #14700));
#14667 = ORIENTED_EDGE('',*,*,#14668,.F.);
#14668 = EDGE_CURVE('',#14669,#14671,#14673,.T.);
#14669 = VERTEX_POINT('',#14670);
#14670 = CARTESIAN_POINT('',(262.,-28.,405.));
#14671 = VERTEX_POINT('',#14672);
#14672 = CARTESIAN_POINT('',(262.,-28.,465.));
#14673 = LINE('',#14674,#14675);
#14674 = CARTESIAN_POINT('',(262.,-28.,405.));
#14675 = VECTOR('',#14676,1.);
#14676 = DIRECTION('',(0.,0.,1.));
#14677 = ORIENTED_EDGE('',*,*,#14678,.T.);
#14678 = EDGE_CURVE('',#14669,#14160,#14679,.T.);
#14679 = LINE('',#14680,#14681);
#14680 = CARTESIAN_POINT('',(262.,-28.,405.));
#14681 = VECTOR('',#14682,1.);
#14682 = DIRECTION('',(0.,1.,0.));
#14683 = ORIENTED_EDGE('',*,*,#14167,.T.);
#14684 = ORIENTED_EDGE('',*,*,#14606,.F.);
#14685 = ORIENTED_EDGE('',*,*,#14686,.T.);
#14686 = EDGE_CURVE('',#14599,#14687,#14689,.T.);
#14687 = VERTEX_POINT('',#14688);
#14688 = CARTESIAN_POINT('',(262.,-22.,453.));
#14689 = LINE('',#14690,#14691);
#14690 = CARTESIAN_POINT('',(262.,-22.,405.));
#14691 = VECTOR('',#14692,1.);
#14692 = DIRECTION('',(0.,0.,1.));
#14693 = ORIENTED_EDGE('',*,*,#14694,.T.);
#14694 = EDGE_CURVE('',#14687,#14186,#14695,.T.);
#14695 = LINE('',#14696,#14697);
#14696 = CARTESIAN_POINT('',(262.,-28.,453.));
#14697 = VECTOR('',#14698,1.);
#14698 = DIRECTION('',(0.,1.,0.));
#14699 = ORIENTED_EDGE('',*,*,#14193,.T.);
#14700 = ORIENTED_EDGE('',*,*,#14701,.F.);
#14701 = EDGE_CURVE('',#14671,#14194,#14702,.T.);
#14702 = LINE('',#14703,#14704);
#14703 = CARTESIAN_POINT('',(262.,-28.,465.));
#14704 = VECTOR('',#14705,1.);
#14705 = DIRECTION('',(0.,1.,0.));
#14706 = PLANE('',#14707);
#14707 = AXIS2_PLACEMENT_3D('',#14708,#14709,#14710);
#14708 = CARTESIAN_POINT('',(262.,-19.44897959183,435.));
#14709 = DIRECTION('',(1.,0.,0.));
#14710 = DIRECTION('',(0.,0.,1.));
#14711 = ADVANCED_FACE('',(#14712),#14723,.F.);
#14712 = FACE_BOUND('',#14713,.T.);
#14713 = EDGE_LOOP('',(#14714,#14715,#14716,#14717));
#14714 = ORIENTED_EDGE('',*,*,#14654,.T.);
#14715 = ORIENTED_EDGE('',*,*,#14159,.T.);
#14716 = ORIENTED_EDGE('',*,*,#14678,.F.);
#14717 = ORIENTED_EDGE('',*,*,#14718,.F.);
#14718 = EDGE_CURVE('',#14622,#14669,#14719,.T.);
#14719 = LINE('',#14720,#14721);
#14720 = CARTESIAN_POINT('',(250.,-28.,405.));
#14721 = VECTOR('',#14722,1.);
#14722 = DIRECTION('',(1.,0.,0.));
#14723 = PLANE('',#14724);
#14724 = AXIS2_PLACEMENT_3D('',#14725,#14726,#14727);
#14725 = CARTESIAN_POINT('',(250.,-28.,405.));
#14726 = DIRECTION('',(0.,0.,1.));
#14727 = DIRECTION('',(1.,0.,0.));
#14728 = ADVANCED_FACE('',(#14729),#14740,.F.);
#14729 = FACE_BOUND('',#14730,.F.);
#14730 = EDGE_LOOP('',(#14731,#14732,#14738,#14739));
#14731 = ORIENTED_EDGE('',*,*,#14638,.F.);
#14732 = ORIENTED_EDGE('',*,*,#14733,.F.);
#14733 = EDGE_CURVE('',#14687,#14639,#14734,.T.);
#14734 = LINE('',#14735,#14736);
#14735 = CARTESIAN_POINT('',(250.,-22.,453.));
#14736 = VECTOR('',#14737,1.);
#14737 = DIRECTION('',(-1.,0.,0.));
#14738 = ORIENTED_EDGE('',*,*,#14694,.T.);
#14739 = ORIENTED_EDGE('',*,*,#14185,.F.);
#14740 = PLANE('',#14741);
#14741 = AXIS2_PLACEMENT_3D('',#14742,#14743,#14744);
#14742 = CARTESIAN_POINT('',(250.,-28.,453.));
#14743 = DIRECTION('',(0.,0.,1.));
#14744 = DIRECTION('',(1.,0.,0.));
#14745 = ADVANCED_FACE('',(#14746),#14757,.T.);
#14746 = FACE_BOUND('',#14747,.T.);
#14747 = EDGE_LOOP('',(#14748,#14749,#14755,#14756));
#14748 = ORIENTED_EDGE('',*,*,#14631,.F.);
#14749 = ORIENTED_EDGE('',*,*,#14750,.T.);
#14750 = EDGE_CURVE('',#14624,#14671,#14751,.T.);
#14751 = LINE('',#14752,#14753);
#14752 = CARTESIAN_POINT('',(250.,-28.,465.));
#14753 = VECTOR('',#14754,1.);
#14754 = DIRECTION('',(1.,0.,0.));
#14755 = ORIENTED_EDGE('',*,*,#14701,.T.);
#14756 = ORIENTED_EDGE('',*,*,#14201,.F.);
#14757 = PLANE('',#14758);
#14758 = AXIS2_PLACEMENT_3D('',#14759,#14760,#14761);
#14759 = CARTESIAN_POINT('',(250.,-28.,465.));
#14760 = DIRECTION('',(0.,0.,1.));
#14761 = DIRECTION('',(1.,0.,0.));
#14762 = ADVANCED_FACE('',(#14763),#14782,.F.);
#14763 = FACE_BOUND('',#14764,.F.);
#14764 = EDGE_LOOP('',(#14765,#14774,#14780,#14781));
#14765 = ORIENTED_EDGE('',*,*,#14766,.F.);
#14766 = EDGE_CURVE('',#14767,#14767,#14769,.T.);
#14767 = VERTEX_POINT('',#14768);
#14768 = CARTESIAN_POINT('',(310.,-3.,446.5));
#14769 = CIRCLE('',#14770,11.5);
#14770 = AXIS2_PLACEMENT_3D('',#14771,#14772,#14773);
#14771 = CARTESIAN_POINT('',(310.,-3.,435.));
#14772 = DIRECTION('',(0.,1.,0.));
#14773 = DIRECTION('',(0.,0.,1.));
#14774 = ORIENTED_EDGE('',*,*,#14775,.F.);
#14775 = EDGE_CURVE('',#14210,#14767,#14776,.T.);
#14776 = LINE('',#14777,#14778);
#14777 = CARTESIAN_POINT('',(310.,-8.,446.5));
#14778 = VECTOR('',#14779,1.);
#14779 = DIRECTION('',(0.,1.,0.));
#14780 = ORIENTED_EDGE('',*,*,#14209,.T.);
#14781 = ORIENTED_EDGE('',*,*,#14775,.T.);
#14782 = CYLINDRICAL_SURFACE('',#14783,11.5);
#14783 = AXIS2_PLACEMENT_3D('',#14784,#14785,#14786);
#14784 = CARTESIAN_POINT('',(310.,-8.,435.));
#14785 = DIRECTION('',(0.,1.,0.));
#14786 = DIRECTION('',(0.,0.,1.));
#14787 = ADVANCED_FACE('',(#14788),#14799,.F.);
#14788 = FACE_BOUND('',#14789,.F.);
#14789 = EDGE_LOOP('',(#14790,#14796,#14797,#14798));
#14790 = ORIENTED_EDGE('',*,*,#14791,.F.);
#14791 = EDGE_CURVE('',#14566,#14510,#14792,.T.);
#14792 = LINE('',#14793,#14794);
#14793 = CARTESIAN_POINT('',(32.,-10.,420.));
#14794 = VECTOR('',#14795,1.);
#14795 = DIRECTION('',(0.,0.,1.));
#14796 = ORIENTED_EDGE('',*,*,#14565,.T.);
#14797 = ORIENTED_EDGE('',*,*,#14263,.T.);
#14798 = ORIENTED_EDGE('',*,*,#14509,.F.);
#14799 = PLANE('',#14800);
#14800 = AXIS2_PLACEMENT_3D('',#14801,#14802,#14803);
#14801 = CARTESIAN_POINT('',(32.,-10.,420.));
#14802 = DIRECTION('',(1.,0.,0.));
#14803 = DIRECTION('',(0.,0.,1.));
#14804 = ADVANCED_FACE('',(#14805),#14816,.F.);
#14805 = FACE_BOUND('',#14806,.F.);
#14806 = EDGE_LOOP('',(#14807,#14813,#14814,#14815));
#14807 = ORIENTED_EDGE('',*,*,#14808,.F.);
#14808 = EDGE_CURVE('',#14485,#14429,#14809,.T.);
#14809 = LINE('',#14810,#14811);
#14810 = CARTESIAN_POINT('',(32.,-10.,690.));
#14811 = VECTOR('',#14812,1.);
#14812 = DIRECTION('',(0.,0.,1.));
#14813 = ORIENTED_EDGE('',*,*,#14484,.T.);
#14814 = ORIENTED_EDGE('',*,*,#14294,.T.);
#14815 = ORIENTED_EDGE('',*,*,#14428,.F.);
#14816 = PLANE('',#14817);
#14817 = AXIS2_PLACEMENT_3D('',#14818,#14819,#14820);
#14818 = CARTESIAN_POINT('',(32.,-10.,690.));
#14819 = DIRECTION('',(1.,0.,0.));
#14820 = DIRECTION('',(0.,0.,1.));
#14821 = ADVANCED_FACE('',(#14822),#14847,.F.);
#14822 = FACE_BOUND('',#14823,.F.);
#14823 = EDGE_LOOP('',(#14824,#14832,#14840,#14846));
#14824 = ORIENTED_EDGE('',*,*,#14825,.F.);
#14825 = EDGE_CURVE('',#14826,#14360,#14828,.T.);
#14826 = VERTEX_POINT('',#14827);
#14827 = CARTESIAN_POINT('',(47.,-3.,758.));
#14828 = LINE('',#14829,#14830);
#14829 = CARTESIAN_POINT('',(47.,-4.,758.));
#14830 = VECTOR('',#14831,1.);
#14831 = DIRECTION('',(0.,1.,0.));
#14832 = ORIENTED_EDGE('',*,*,#14833,.T.);
#14833 = EDGE_CURVE('',#14826,#14834,#14836,.T.);
#14834 = VERTEX_POINT('',#14835);
#14835 = CARTESIAN_POINT('',(363.,-3.,758.));
#14836 = LINE('',#14837,#14838);
#14837 = CARTESIAN_POINT('',(42.,-3.,758.));
#14838 = VECTOR('',#14839,1.);
#14839 = DIRECTION('',(1.,0.,0.));
#14840 = ORIENTED_EDGE('',*,*,#14841,.T.);
#14841 = EDGE_CURVE('',#14834,#14362,#14842,.T.);
#14842 = LINE('',#14843,#14844);
#14843 = CARTESIAN_POINT('',(363.,-4.,758.));
#14844 = VECTOR('',#14845,1.);
#14845 = DIRECTION('',(0.,1.,0.));
#14846 = ORIENTED_EDGE('',*,*,#14359,.F.);
#14847 = PLANE('',#14848);
#14848 = AXIS2_PLACEMENT_3D('',#14849,#14850,#14851);
#14849 = CARTESIAN_POINT('',(47.,-4.,758.));
#14850 = DIRECTION('',(0.,0.,1.));
#14851 = DIRECTION('',(1.,0.,0.));
#14852 = ADVANCED_FACE('',(#14853),#14935,.F.);
#14853 = FACE_BOUND('',#14854,.F.);
#14854 = EDGE_LOOP('',(#14855,#14856,#14864,#14872,#14880,#14888,#14896,
    #14904,#14912,#14920,#14928,#14934));
#14855 = ORIENTED_EDGE('',*,*,#14841,.F.);
#14856 = ORIENTED_EDGE('',*,*,#14857,.T.);
#14857 = EDGE_CURVE('',#14834,#14858,#14860,.T.);
#14858 = VERTEX_POINT('',#14859);
#14859 = CARTESIAN_POINT('',(363.,-3.,600.));
#14860 = LINE('',#14861,#14862);
#14861 = CARTESIAN_POINT('',(363.,-3.,107.));
#14862 = VECTOR('',#14863,1.);
#14863 = DIRECTION('',(0.,0.,-1.));
#14864 = ORIENTED_EDGE('',*,*,#14865,.T.);
#14865 = EDGE_CURVE('',#14858,#14866,#14868,.T.);
#14866 = VERTEX_POINT('',#14867);
#14867 = CARTESIAN_POINT('',(363.,1.,600.));
#14868 = LINE('',#14869,#14870);
#14869 = CARTESIAN_POINT('',(363.,-3.,600.));
#14870 = VECTOR('',#14871,1.);
#14871 = DIRECTION('',(0.,1.,0.));
#14872 = ORIENTED_EDGE('',*,*,#14873,.F.);
#14873 = EDGE_CURVE('',#14874,#14866,#14876,.T.);
#14874 = VERTEX_POINT('',#14875);
#14875 = CARTESIAN_POINT('',(363.,1.,580.));
#14876 = LINE('',#14877,#14878);
#14877 = CARTESIAN_POINT('',(363.,1.,580.));
#14878 = VECTOR('',#14879,1.);
#14879 = DIRECTION('',(0.,0.,1.));
#14880 = ORIENTED_EDGE('',*,*,#14881,.F.);
#14881 = EDGE_CURVE('',#14882,#14874,#14884,.T.);
#14882 = VERTEX_POINT('',#14883);
#14883 = CARTESIAN_POINT('',(363.,-3.,580.));
#14884 = LINE('',#14885,#14886);
#14885 = CARTESIAN_POINT('',(363.,-3.,580.));
#14886 = VECTOR('',#14887,1.);
#14887 = DIRECTION('',(0.,1.,0.));
#14888 = ORIENTED_EDGE('',*,*,#14889,.T.);
#14889 = EDGE_CURVE('',#14882,#14890,#14892,.T.);
#14890 = VERTEX_POINT('',#14891);
#14891 = CARTESIAN_POINT('',(363.,-3.,310.));
#14892 = LINE('',#14893,#14894);
#14893 = CARTESIAN_POINT('',(363.,-3.,107.));
#14894 = VECTOR('',#14895,1.);
#14895 = DIRECTION('',(0.,0.,-1.));
#14896 = ORIENTED_EDGE('',*,*,#14897,.T.);
#14897 = EDGE_CURVE('',#14890,#14898,#14900,.T.);
#14898 = VERTEX_POINT('',#14899);
#14899 = CARTESIAN_POINT('',(363.,1.,310.));
#14900 = LINE('',#14901,#14902);
#14901 = CARTESIAN_POINT('',(363.,-3.,310.));
#14902 = VECTOR('',#14903,1.);
#14903 = DIRECTION('',(0.,1.,0.));
#14904 = ORIENTED_EDGE('',*,*,#14905,.F.);
#14905 = EDGE_CURVE('',#14906,#14898,#14908,.T.);
#14906 = VERTEX_POINT('',#14907);
#14907 = CARTESIAN_POINT('',(363.,1.,290.));
#14908 = LINE('',#14909,#14910);
#14909 = CARTESIAN_POINT('',(363.,1.,290.));
#14910 = VECTOR('',#14911,1.);
#14911 = DIRECTION('',(0.,0.,1.));
#14912 = ORIENTED_EDGE('',*,*,#14913,.F.);
#14913 = EDGE_CURVE('',#14914,#14906,#14916,.T.);
#14914 = VERTEX_POINT('',#14915);
#14915 = CARTESIAN_POINT('',(363.,-3.,290.));
#14916 = LINE('',#14917,#14918);
#14917 = CARTESIAN_POINT('',(363.,-3.,290.));
#14918 = VECTOR('',#14919,1.);
#14919 = DIRECTION('',(0.,1.,0.));
#14920 = ORIENTED_EDGE('',*,*,#14921,.T.);
#14921 = EDGE_CURVE('',#14914,#14922,#14924,.T.);
#14922 = VERTEX_POINT('',#14923);
#14923 = CARTESIAN_POINT('',(363.,-3.,112.));
#14924 = LINE('',#14925,#14926);
#14925 = CARTESIAN_POINT('',(363.,-3.,107.));
#14926 = VECTOR('',#14927,1.);
#14927 = DIRECTION('',(0.,0.,-1.));
#14928 = ORIENTED_EDGE('',*,*,#14929,.T.);
#14929 = EDGE_CURVE('',#14922,#14378,#14930,.T.);
#14930 = LINE('',#14931,#14932);
#14931 = CARTESIAN_POINT('',(363.,-4.,112.));
#14932 = VECTOR('',#14933,1.);
#14933 = DIRECTION('',(0.,1.,0.));
#14934 = ORIENTED_EDGE('',*,*,#14385,.F.);
#14935 = PLANE('',#14936);
#14936 = AXIS2_PLACEMENT_3D('',#14937,#14938,#14939);
#14937 = CARTESIAN_POINT('',(363.,-4.,112.));
#14938 = DIRECTION('',(1.,0.,0.));
#14939 = DIRECTION('',(0.,0.,1.));
#14940 = ADVANCED_FACE('',(#14941),#14959,.T.);
#14941 = FACE_BOUND('',#14942,.T.);
#14942 = EDGE_LOOP('',(#14943,#14951,#14957,#14958));
#14943 = ORIENTED_EDGE('',*,*,#14944,.F.);
#14944 = EDGE_CURVE('',#14945,#14370,#14947,.T.);
#14945 = VERTEX_POINT('',#14946);
#14946 = CARTESIAN_POINT('',(47.,-3.,112.));
#14947 = LINE('',#14948,#14949);
#14948 = CARTESIAN_POINT('',(47.,-4.,112.));
#14949 = VECTOR('',#14950,1.);
#14950 = DIRECTION('',(0.,1.,0.));
#14951 = ORIENTED_EDGE('',*,*,#14952,.T.);
#14952 = EDGE_CURVE('',#14945,#14922,#14953,.T.);
#14953 = LINE('',#14954,#14955);
#14954 = CARTESIAN_POINT('',(42.,-3.,112.));
#14955 = VECTOR('',#14956,1.);
#14956 = DIRECTION('',(1.,0.,0.));
#14957 = ORIENTED_EDGE('',*,*,#14929,.T.);
#14958 = ORIENTED_EDGE('',*,*,#14377,.F.);
#14959 = PLANE('',#14960);
#14960 = AXIS2_PLACEMENT_3D('',#14961,#14962,#14963);
#14961 = CARTESIAN_POINT('',(47.,-4.,112.));
#14962 = DIRECTION('',(0.,0.,1.));
#14963 = DIRECTION('',(1.,0.,0.));
#14964 = ADVANCED_FACE('',(#14965),#15040,.T.);
#14965 = FACE_BOUND('',#14966,.T.);
#14966 = EDGE_LOOP('',(#14967,#14968,#14976,#14984,#14992,#15000,#15008,
    #15016,#15024,#15032,#15038,#15039));
#14967 = ORIENTED_EDGE('',*,*,#14825,.F.);
#14968 = ORIENTED_EDGE('',*,*,#14969,.T.);
#14969 = EDGE_CURVE('',#14826,#14970,#14972,.T.);
#14970 = VERTEX_POINT('',#14971);
#14971 = CARTESIAN_POINT('',(47.,-3.,600.));
#14972 = LINE('',#14973,#14974);
#14973 = CARTESIAN_POINT('',(47.,-3.,107.));
#14974 = VECTOR('',#14975,1.);
#14975 = DIRECTION('',(0.,0.,-1.));
#14976 = ORIENTED_EDGE('',*,*,#14977,.T.);
#14977 = EDGE_CURVE('',#14970,#14978,#14980,.T.);
#14978 = VERTEX_POINT('',#14979);
#14979 = CARTESIAN_POINT('',(47.,1.,600.));
#14980 = LINE('',#14981,#14982);
#14981 = CARTESIAN_POINT('',(47.,-3.,600.));
#14982 = VECTOR('',#14983,1.);
#14983 = DIRECTION('',(0.,1.,0.));
#14984 = ORIENTED_EDGE('',*,*,#14985,.F.);
#14985 = EDGE_CURVE('',#14986,#14978,#14988,.T.);
#14986 = VERTEX_POINT('',#14987);
#14987 = CARTESIAN_POINT('',(47.,1.,580.));
#14988 = LINE('',#14989,#14990);
#14989 = CARTESIAN_POINT('',(47.,1.,580.));
#14990 = VECTOR('',#14991,1.);
#14991 = DIRECTION('',(0.,0.,1.));
#14992 = ORIENTED_EDGE('',*,*,#14993,.F.);
#14993 = EDGE_CURVE('',#14994,#14986,#14996,.T.);
#14994 = VERTEX_POINT('',#14995);
#14995 = CARTESIAN_POINT('',(47.,-3.,580.));
#14996 = LINE('',#14997,#14998);
#14997 = CARTESIAN_POINT('',(47.,-3.,580.));
#14998 = VECTOR('',#14999,1.);
#14999 = DIRECTION('',(0.,1.,0.));
#15000 = ORIENTED_EDGE('',*,*,#15001,.T.);
#15001 = EDGE_CURVE('',#14994,#15002,#15004,.T.);
#15002 = VERTEX_POINT('',#15003);
#15003 = CARTESIAN_POINT('',(47.,-3.,310.));
#15004 = LINE('',#15005,#15006);
#15005 = CARTESIAN_POINT('',(47.,-3.,107.));
#15006 = VECTOR('',#15007,1.);
#15007 = DIRECTION('',(0.,0.,-1.));
#15008 = ORIENTED_EDGE('',*,*,#15009,.T.);
#15009 = EDGE_CURVE('',#15002,#15010,#15012,.T.);
#15010 = VERTEX_POINT('',#15011);
#15011 = CARTESIAN_POINT('',(47.,1.,310.));
#15012 = LINE('',#15013,#15014);
#15013 = CARTESIAN_POINT('',(47.,-3.,310.));
#15014 = VECTOR('',#15015,1.);
#15015 = DIRECTION('',(0.,1.,0.));
#15016 = ORIENTED_EDGE('',*,*,#15017,.F.);
#15017 = EDGE_CURVE('',#15018,#15010,#15020,.T.);
#15018 = VERTEX_POINT('',#15019);
#15019 = CARTESIAN_POINT('',(47.,1.,290.));
#15020 = LINE('',#15021,#15022);
#15021 = CARTESIAN_POINT('',(47.,1.,290.));
#15022 = VECTOR('',#15023,1.);
#15023 = DIRECTION('',(0.,0.,1.));
#15024 = ORIENTED_EDGE('',*,*,#15025,.F.);
#15025 = EDGE_CURVE('',#15026,#15018,#15028,.T.);
#15026 = VERTEX_POINT('',#15027);
#15027 = CARTESIAN_POINT('',(47.,-3.,290.));
#15028 = LINE('',#15029,#15030);
#15029 = CARTESIAN_POINT('',(47.,-3.,290.));
#15030 = VECTOR('',#15031,1.);
#15031 = DIRECTION('',(0.,1.,0.));
#15032 = ORIENTED_EDGE('',*,*,#15033,.T.);
#15033 = EDGE_CURVE('',#15026,#14945,#15034,.T.);
#15034 = LINE('',#15035,#15036);
#15035 = CARTESIAN_POINT('',(47.,-3.,107.));
#15036 = VECTOR('',#15037,1.);
#15037 = DIRECTION('',(0.,0.,-1.));
#15038 = ORIENTED_EDGE('',*,*,#14944,.T.);
#15039 = ORIENTED_EDGE('',*,*,#14369,.F.);
#15040 = PLANE('',#15041);
#15041 = AXIS2_PLACEMENT_3D('',#15042,#15043,#15044);
#15042 = CARTESIAN_POINT('',(47.,-4.,112.));
#15043 = DIRECTION('',(1.,0.,0.));
#15044 = DIRECTION('',(0.,0.,1.));
#15045 = ADVANCED_FACE('',(#15046),#15052,.F.);
#15046 = FACE_BOUND('',#15047,.F.);
#15047 = EDGE_LOOP('',(#15048,#15049,#15050,#15051));
#15048 = ORIENTED_EDGE('',*,*,#14492,.F.);
#15049 = ORIENTED_EDGE('',*,*,#14808,.T.);
#15050 = ORIENTED_EDGE('',*,*,#14436,.T.);
#15051 = ORIENTED_EDGE('',*,*,#14460,.F.);
#15052 = PLANE('',#15053);
#15053 = AXIS2_PLACEMENT_3D('',#15054,#15055,#15056);
#15054 = CARTESIAN_POINT('',(32.,-10.,690.));
#15055 = DIRECTION('',(0.,1.,0.));
#15056 = DIRECTION('',(0.,0.,1.));
#15057 = ADVANCED_FACE('',(#15058),#15064,.F.);
#15058 = FACE_BOUND('',#15059,.F.);
#15059 = EDGE_LOOP('',(#15060,#15061,#15062,#15063));
#15060 = ORIENTED_EDGE('',*,*,#14573,.F.);
#15061 = ORIENTED_EDGE('',*,*,#14791,.T.);
#15062 = ORIENTED_EDGE('',*,*,#14517,.T.);
#15063 = ORIENTED_EDGE('',*,*,#14541,.F.);
#15064 = PLANE('',#15065);
#15065 = AXIS2_PLACEMENT_3D('',#15066,#15067,#15068);
#15066 = CARTESIAN_POINT('',(32.,-10.,420.));
#15067 = DIRECTION('',(0.,1.,0.));
#15068 = DIRECTION('',(0.,0.,1.));
#15069 = ADVANCED_FACE('',(#15070),#15076,.T.);
#15070 = FACE_BOUND('',#15071,.T.);
#15071 = EDGE_LOOP('',(#15072,#15073,#15074,#15075));
#15072 = ORIENTED_EDGE('',*,*,#14598,.T.);
#15073 = ORIENTED_EDGE('',*,*,#14646,.T.);
#15074 = ORIENTED_EDGE('',*,*,#14733,.F.);
#15075 = ORIENTED_EDGE('',*,*,#14686,.F.);
#15076 = PLANE('',#15077);
#15077 = AXIS2_PLACEMENT_3D('',#15078,#15079,#15080);
#15078 = CARTESIAN_POINT('',(250.,-22.,405.));
#15079 = DIRECTION('',(0.,1.,0.));
#15080 = DIRECTION('',(0.,0.,1.));
#15081 = ADVANCED_FACE('',(#15082),#15088,.T.);
#15082 = FACE_BOUND('',#15083,.T.);
#15083 = EDGE_LOOP('',(#15084,#15085,#15086,#15087));
#15084 = ORIENTED_EDGE('',*,*,#14718,.T.);
#15085 = ORIENTED_EDGE('',*,*,#14668,.T.);
#15086 = ORIENTED_EDGE('',*,*,#14750,.F.);
#15087 = ORIENTED_EDGE('',*,*,#14621,.F.);
#15088 = PLANE('',#15089);
#15089 = AXIS2_PLACEMENT_3D('',#15090,#15091,#15092);
#15090 = CARTESIAN_POINT('',(256.,-28.,435.));
#15091 = DIRECTION('',(-0.,-1.,-0.));
#15092 = DIRECTION('',(0.,0.,-1.));
#15093 = ADVANCED_FACE('',(#15094,#15110),#15113,.T.);
#15094 = FACE_BOUND('',#15095,.T.);
#15095 = EDGE_LOOP('',(#15096,#15097,#15103,#15104));
#15096 = ORIENTED_EDGE('',*,*,#15001,.F.);
#15097 = ORIENTED_EDGE('',*,*,#15098,.T.);
#15098 = EDGE_CURVE('',#14994,#14882,#15099,.T.);
#15099 = LINE('',#15100,#15101);
#15100 = CARTESIAN_POINT('',(47.,-3.,580.));
#15101 = VECTOR('',#15102,1.);
#15102 = DIRECTION('',(1.,0.,0.));
#15103 = ORIENTED_EDGE('',*,*,#14889,.T.);
#15104 = ORIENTED_EDGE('',*,*,#15105,.F.);
#15105 = EDGE_CURVE('',#15002,#14890,#15106,.T.);
#15106 = LINE('',#15107,#15108);
#15107 = CARTESIAN_POINT('',(47.,-3.,310.));
#15108 = VECTOR('',#15109,1.);
#15109 = DIRECTION('',(1.,0.,0.));
#15110 = FACE_BOUND('',#15111,.T.);
#15111 = EDGE_LOOP('',(#15112));
#15112 = ORIENTED_EDGE('',*,*,#14766,.F.);
#15113 = PLANE('',#15114);
#15114 = AXIS2_PLACEMENT_3D('',#15115,#15116,#15117);
#15115 = CARTESIAN_POINT('',(37.,-3.,102.));
#15116 = DIRECTION('',(0.,1.,0.));
#15117 = DIRECTION('',(0.,0.,1.));
#15118 = ADVANCED_FACE('',(#15119),#15130,.T.);
#15119 = FACE_BOUND('',#15120,.T.);
#15120 = EDGE_LOOP('',(#15121,#15122,#15123,#15124));
#15121 = ORIENTED_EDGE('',*,*,#14969,.F.);
#15122 = ORIENTED_EDGE('',*,*,#14833,.T.);
#15123 = ORIENTED_EDGE('',*,*,#14857,.T.);
#15124 = ORIENTED_EDGE('',*,*,#15125,.F.);
#15125 = EDGE_CURVE('',#14970,#14858,#15126,.T.);
#15126 = LINE('',#15127,#15128);
#15127 = CARTESIAN_POINT('',(47.,-3.,600.));
#15128 = VECTOR('',#15129,1.);
#15129 = DIRECTION('',(1.,0.,0.));
#15130 = PLANE('',#15131);
#15131 = AXIS2_PLACEMENT_3D('',#15132,#15133,#15134);
#15132 = CARTESIAN_POINT('',(37.,-3.,102.));
#15133 = DIRECTION('',(0.,1.,0.));
#15134 = DIRECTION('',(0.,0.,1.));
#15135 = ADVANCED_FACE('',(#15136),#15147,.T.);
#15136 = FACE_BOUND('',#15137,.T.);
#15137 = EDGE_LOOP('',(#15138,#15139,#15145,#15146));
#15138 = ORIENTED_EDGE('',*,*,#15033,.F.);
#15139 = ORIENTED_EDGE('',*,*,#15140,.T.);
#15140 = EDGE_CURVE('',#15026,#14914,#15141,.T.);
#15141 = LINE('',#15142,#15143);
#15142 = CARTESIAN_POINT('',(47.,-3.,290.));
#15143 = VECTOR('',#15144,1.);
#15144 = DIRECTION('',(1.,0.,0.));
#15145 = ORIENTED_EDGE('',*,*,#14921,.T.);
#15146 = ORIENTED_EDGE('',*,*,#14952,.F.);
#15147 = PLANE('',#15148);
#15148 = AXIS2_PLACEMENT_3D('',#15149,#15150,#15151);
#15149 = CARTESIAN_POINT('',(37.,-3.,102.));
#15150 = DIRECTION('',(0.,1.,0.));
#15151 = DIRECTION('',(0.,0.,1.));
#15152 = ADVANCED_FACE('',(#15153),#15164,.F.);
#15153 = FACE_BOUND('',#15154,.F.);
#15154 = EDGE_LOOP('',(#15155,#15156,#15157,#15158));
#15155 = ORIENTED_EDGE('',*,*,#15025,.F.);
#15156 = ORIENTED_EDGE('',*,*,#15140,.T.);
#15157 = ORIENTED_EDGE('',*,*,#14913,.T.);
#15158 = ORIENTED_EDGE('',*,*,#15159,.F.);
#15159 = EDGE_CURVE('',#15018,#14906,#15160,.T.);
#15160 = LINE('',#15161,#15162);
#15161 = CARTESIAN_POINT('',(47.,1.,290.));
#15162 = VECTOR('',#15163,1.);
#15163 = DIRECTION('',(1.,0.,0.));
#15164 = PLANE('',#15165);
#15165 = AXIS2_PLACEMENT_3D('',#15166,#15167,#15168);
#15166 = CARTESIAN_POINT('',(47.,-3.,290.));
#15167 = DIRECTION('',(0.,0.,1.));
#15168 = DIRECTION('',(1.,0.,0.));
#15169 = ADVANCED_FACE('',(#15170),#15181,.T.);
#15170 = FACE_BOUND('',#15171,.T.);
#15171 = EDGE_LOOP('',(#15172,#15173,#15174,#15180));
#15172 = ORIENTED_EDGE('',*,*,#15159,.F.);
#15173 = ORIENTED_EDGE('',*,*,#15017,.T.);
#15174 = ORIENTED_EDGE('',*,*,#15175,.T.);
#15175 = EDGE_CURVE('',#15010,#14898,#15176,.T.);
#15176 = LINE('',#15177,#15178);
#15177 = CARTESIAN_POINT('',(47.,1.,310.));
#15178 = VECTOR('',#15179,1.);
#15179 = DIRECTION('',(1.,0.,0.));
#15180 = ORIENTED_EDGE('',*,*,#14905,.F.);
#15181 = PLANE('',#15182);
#15182 = AXIS2_PLACEMENT_3D('',#15183,#15184,#15185);
#15183 = CARTESIAN_POINT('',(47.,1.,290.));
#15184 = DIRECTION('',(0.,1.,0.));
#15185 = DIRECTION('',(0.,0.,1.));
#15186 = ADVANCED_FACE('',(#15187),#15193,.T.);
#15187 = FACE_BOUND('',#15188,.T.);
#15188 = EDGE_LOOP('',(#15189,#15190,#15191,#15192));
#15189 = ORIENTED_EDGE('',*,*,#15009,.F.);
#15190 = ORIENTED_EDGE('',*,*,#15105,.T.);
#15191 = ORIENTED_EDGE('',*,*,#14897,.T.);
#15192 = ORIENTED_EDGE('',*,*,#15175,.F.);
#15193 = PLANE('',#15194);
#15194 = AXIS2_PLACEMENT_3D('',#15195,#15196,#15197);
#15195 = CARTESIAN_POINT('',(47.,-3.,310.));
#15196 = DIRECTION('',(0.,0.,1.));
#15197 = DIRECTION('',(1.,0.,0.));
#15198 = ADVANCED_FACE('',(#15199),#15210,.F.);
#15199 = FACE_BOUND('',#15200,.F.);
#15200 = EDGE_LOOP('',(#15201,#15202,#15203,#15204));
#15201 = ORIENTED_EDGE('',*,*,#14993,.F.);
#15202 = ORIENTED_EDGE('',*,*,#15098,.T.);
#15203 = ORIENTED_EDGE('',*,*,#14881,.T.);
#15204 = ORIENTED_EDGE('',*,*,#15205,.F.);
#15205 = EDGE_CURVE('',#14986,#14874,#15206,.T.);
#15206 = LINE('',#15207,#15208);
#15207 = CARTESIAN_POINT('',(47.,1.,580.));
#15208 = VECTOR('',#15209,1.);
#15209 = DIRECTION('',(1.,0.,0.));
#15210 = PLANE('',#15211);
#15211 = AXIS2_PLACEMENT_3D('',#15212,#15213,#15214);
#15212 = CARTESIAN_POINT('',(47.,-3.,580.));
#15213 = DIRECTION('',(0.,0.,1.));
#15214 = DIRECTION('',(1.,0.,0.));
#15215 = ADVANCED_FACE('',(#15216),#15227,.T.);
#15216 = FACE_BOUND('',#15217,.T.);
#15217 = EDGE_LOOP('',(#15218,#15219,#15220,#15226));
#15218 = ORIENTED_EDGE('',*,*,#15205,.F.);
#15219 = ORIENTED_EDGE('',*,*,#14985,.T.);
#15220 = ORIENTED_EDGE('',*,*,#15221,.T.);
#15221 = EDGE_CURVE('',#14978,#14866,#15222,.T.);
#15222 = LINE('',#15223,#15224);
#15223 = CARTESIAN_POINT('',(47.,1.,600.));
#15224 = VECTOR('',#15225,1.);
#15225 = DIRECTION('',(1.,0.,0.));
#15226 = ORIENTED_EDGE('',*,*,#14873,.F.);
#15227 = PLANE('',#15228);
#15228 = AXIS2_PLACEMENT_3D('',#15229,#15230,#15231);
#15229 = CARTESIAN_POINT('',(47.,1.,580.));
#15230 = DIRECTION('',(0.,1.,0.));
#15231 = DIRECTION('',(0.,0.,1.));
#15232 = ADVANCED_FACE('',(#15233),#15239,.T.);
#15233 = FACE_BOUND('',#15234,.T.);
#15234 = EDGE_LOOP('',(#15235,#15236,#15237,#15238));
#15235 = ORIENTED_EDGE('',*,*,#14977,.F.);
#15236 = ORIENTED_EDGE('',*,*,#15125,.T.);
#15237 = ORIENTED_EDGE('',*,*,#14865,.T.);
#15238 = ORIENTED_EDGE('',*,*,#15221,.F.);
#15239 = PLANE('',#15240);
#15240 = AXIS2_PLACEMENT_3D('',#15241,#15242,#15243);
#15241 = CARTESIAN_POINT('',(47.,-3.,600.));
#15242 = DIRECTION('',(0.,0.,1.));
#15243 = DIRECTION('',(1.,0.,0.));
#15244 = MANIFOLD_SOLID_BREP('',#15245);
#15245 = CLOSED_SHELL('',(#15246,#15286,#15317,#15350,#15374,#15400,
    #15444,#15456,#15465));
#15246 = ADVANCED_FACE('',(#15247),#15281,.F.);
#15247 = FACE_BOUND('',#15248,.F.);
#15248 = EDGE_LOOP('',(#15249,#15259,#15267,#15275));
#15249 = ORIENTED_EDGE('',*,*,#15250,.F.);
#15250 = EDGE_CURVE('',#15251,#15253,#15255,.T.);
#15251 = VERTEX_POINT('',#15252);
#15252 = CARTESIAN_POINT('',(4.,-6.,690.));
#15253 = VERTEX_POINT('',#15254);
#15254 = CARTESIAN_POINT('',(4.,-6.,760.));
#15255 = LINE('',#15256,#15257);
#15256 = CARTESIAN_POINT('',(4.,-6.,690.));
#15257 = VECTOR('',#15258,1.);
#15258 = DIRECTION('',(0.,0.,1.));
#15259 = ORIENTED_EDGE('',*,*,#15260,.T.);
#15260 = EDGE_CURVE('',#15251,#15261,#15263,.T.);
#15261 = VERTEX_POINT('',#15262);
#15262 = CARTESIAN_POINT('',(4.,0.,690.));
#15263 = LINE('',#15264,#15265);
#15264 = CARTESIAN_POINT('',(4.,-6.,690.));
#15265 = VECTOR('',#15266,1.);
#15266 = DIRECTION('',(0.,1.,0.));
#15267 = ORIENTED_EDGE('',*,*,#15268,.T.);
#15268 = EDGE_CURVE('',#15261,#15269,#15271,.T.);
#15269 = VERTEX_POINT('',#15270);
#15270 = CARTESIAN_POINT('',(4.,0.,760.));
#15271 = LINE('',#15272,#15273);
#15272 = CARTESIAN_POINT('',(4.,0.,690.));
#15273 = VECTOR('',#15274,1.);
#15274 = DIRECTION('',(0.,0.,1.));
#15275 = ORIENTED_EDGE('',*,*,#15276,.F.);
#15276 = EDGE_CURVE('',#15253,#15269,#15277,.T.);
#15277 = LINE('',#15278,#15279);
#15278 = CARTESIAN_POINT('',(4.,-6.,760.));
#15279 = VECTOR('',#15280,1.);
#15280 = DIRECTION('',(0.,1.,0.));
#15281 = PLANE('',#15282);
#15282 = AXIS2_PLACEMENT_3D('',#15283,#15284,#15285);
#15283 = CARTESIAN_POINT('',(4.,-6.,690.));
#15284 = DIRECTION('',(1.,0.,0.));
#15285 = DIRECTION('',(0.,0.,1.));
#15286 = ADVANCED_FACE('',(#15287),#15312,.F.);
#15287 = FACE_BOUND('',#15288,.F.);
#15288 = EDGE_LOOP('',(#15289,#15297,#15298,#15306));
#15289 = ORIENTED_EDGE('',*,*,#15290,.F.);
#15290 = EDGE_CURVE('',#15251,#15291,#15293,.T.);
#15291 = VERTEX_POINT('',#15292);
#15292 = CARTESIAN_POINT('',(29.127718676731,-6.,690.));
#15293 = LINE('',#15294,#15295);
#15294 = CARTESIAN_POINT('',(4.,-6.,690.));
#15295 = VECTOR('',#15296,1.);
#15296 = DIRECTION('',(1.,0.,0.));
#15297 = ORIENTED_EDGE('',*,*,#15250,.T.);
#15298 = ORIENTED_EDGE('',*,*,#15299,.T.);
#15299 = EDGE_CURVE('',#15253,#15300,#15302,.T.);
#15300 = VERTEX_POINT('',#15301);
#15301 = CARTESIAN_POINT('',(29.127718676731,-6.,760.));
#15302 = LINE('',#15303,#15304);
#15303 = CARTESIAN_POINT('',(4.,-6.,760.));
#15304 = VECTOR('',#15305,1.);
#15305 = DIRECTION('',(1.,0.,0.));
#15306 = ORIENTED_EDGE('',*,*,#15307,.F.);
#15307 = EDGE_CURVE('',#15291,#15300,#15308,.T.);
#15308 = LINE('',#15309,#15310);
#15309 = CARTESIAN_POINT('',(29.127718676731,-6.,688.));
#15310 = VECTOR('',#15311,1.);
#15311 = DIRECTION('',(0.,0.,1.));
#15312 = PLANE('',#15313);
#15313 = AXIS2_PLACEMENT_3D('',#15314,#15315,#15316);
#15314 = CARTESIAN_POINT('',(4.,-6.,690.));
#15315 = DIRECTION('',(0.,1.,0.));
#15316 = DIRECTION('',(0.,0.,1.));
#15317 = ADVANCED_FACE('',(#15318),#15345,.T.);
#15318 = FACE_BOUND('',#15319,.T.);
#15319 = EDGE_LOOP('',(#15320,#15328,#15329,#15330,#15339));
#15320 = ORIENTED_EDGE('',*,*,#15321,.F.);
#15321 = EDGE_CURVE('',#15269,#15322,#15324,.T.);
#15322 = VERTEX_POINT('',#15323);
#15323 = CARTESIAN_POINT('',(32.,0.,760.));
#15324 = LINE('',#15325,#15326);
#15325 = CARTESIAN_POINT('',(4.,0.,760.));
#15326 = VECTOR('',#15327,1.);
#15327 = DIRECTION('',(1.,0.,0.));
#15328 = ORIENTED_EDGE('',*,*,#15276,.F.);
#15329 = ORIENTED_EDGE('',*,*,#15299,.T.);
#15330 = ORIENTED_EDGE('',*,*,#15331,.F.);
#15331 = EDGE_CURVE('',#15332,#15300,#15334,.T.);
#15332 = VERTEX_POINT('',#15333);
#15333 = CARTESIAN_POINT('',(32.,-4.5,760.));
#15334 = CIRCLE('',#15335,3.5);
#15335 = AXIS2_PLACEMENT_3D('',#15336,#15337,#15338);
#15336 = CARTESIAN_POINT('',(32.,-8.,760.));
#15337 = DIRECTION('',(0.,0.,1.));
#15338 = DIRECTION('',(1.,0.,0.));
#15339 = ORIENTED_EDGE('',*,*,#15340,.T.);
#15340 = EDGE_CURVE('',#15332,#15322,#15341,.T.);
#15341 = LINE('',#15342,#15343);
#15342 = CARTESIAN_POINT('',(32.,-6.,760.));
#15343 = VECTOR('',#15344,1.);
#15344 = DIRECTION('',(0.,1.,0.));
#15345 = PLANE('',#15346);
#15346 = AXIS2_PLACEMENT_3D('',#15347,#15348,#15349);
#15347 = CARTESIAN_POINT('',(4.,-6.,760.));
#15348 = DIRECTION('',(0.,0.,1.));
#15349 = DIRECTION('',(1.,0.,0.));
#15350 = ADVANCED_FACE('',(#15351),#15369,.T.);
#15351 = FACE_BOUND('',#15352,.T.);
#15352 = EDGE_LOOP('',(#15353,#15361,#15362,#15363));
#15353 = ORIENTED_EDGE('',*,*,#15354,.F.);
#15354 = EDGE_CURVE('',#15261,#15355,#15357,.T.);
#15355 = VERTEX_POINT('',#15356);
#15356 = CARTESIAN_POINT('',(32.,0.,690.));
#15357 = LINE('',#15358,#15359);
#15358 = CARTESIAN_POINT('',(4.,0.,690.));
#15359 = VECTOR('',#15360,1.);
#15360 = DIRECTION('',(1.,0.,0.));
#15361 = ORIENTED_EDGE('',*,*,#15268,.T.);
#15362 = ORIENTED_EDGE('',*,*,#15321,.T.);
#15363 = ORIENTED_EDGE('',*,*,#15364,.F.);
#15364 = EDGE_CURVE('',#15355,#15322,#15365,.T.);
#15365 = LINE('',#15366,#15367);
#15366 = CARTESIAN_POINT('',(32.,0.,690.));
#15367 = VECTOR('',#15368,1.);
#15368 = DIRECTION('',(0.,0.,1.));
#15369 = PLANE('',#15370);
#15370 = AXIS2_PLACEMENT_3D('',#15371,#15372,#15373);
#15371 = CARTESIAN_POINT('',(4.,0.,690.));
#15372 = DIRECTION('',(0.,1.,0.));
#15373 = DIRECTION('',(0.,0.,1.));
#15374 = ADVANCED_FACE('',(#15375),#15395,.F.);
#15375 = FACE_BOUND('',#15376,.F.);
#15376 = EDGE_LOOP('',(#15377,#15378,#15379,#15380,#15389));
#15377 = ORIENTED_EDGE('',*,*,#15354,.F.);
#15378 = ORIENTED_EDGE('',*,*,#15260,.F.);
#15379 = ORIENTED_EDGE('',*,*,#15290,.T.);
#15380 = ORIENTED_EDGE('',*,*,#15381,.F.);
#15381 = EDGE_CURVE('',#15382,#15291,#15384,.T.);
#15382 = VERTEX_POINT('',#15383);
#15383 = CARTESIAN_POINT('',(32.,-4.5,690.));
#15384 = CIRCLE('',#15385,3.5);
#15385 = AXIS2_PLACEMENT_3D('',#15386,#15387,#15388);
#15386 = CARTESIAN_POINT('',(32.,-8.,690.));
#15387 = DIRECTION('',(0.,0.,1.));
#15388 = DIRECTION('',(1.,0.,0.));
#15389 = ORIENTED_EDGE('',*,*,#15390,.T.);
#15390 = EDGE_CURVE('',#15382,#15355,#15391,.T.);
#15391 = LINE('',#15392,#15393);
#15392 = CARTESIAN_POINT('',(32.,-6.,690.));
#15393 = VECTOR('',#15394,1.);
#15394 = DIRECTION('',(0.,1.,0.));
#15395 = PLANE('',#15396);
#15396 = AXIS2_PLACEMENT_3D('',#15397,#15398,#15399);
#15397 = CARTESIAN_POINT('',(4.,-6.,690.));
#15398 = DIRECTION('',(0.,0.,1.));
#15399 = DIRECTION('',(1.,0.,0.));
#15400 = ADVANCED_FACE('',(#15401,#15428),#15439,.T.);
#15401 = FACE_BOUND('',#15402,.T.);
#15402 = EDGE_LOOP('',(#15403,#15413,#15420,#15421));
#15403 = ORIENTED_EDGE('',*,*,#15404,.T.);
#15404 = EDGE_CURVE('',#15405,#15407,#15409,.T.);
#15405 = VERTEX_POINT('',#15406);
#15406 = CARTESIAN_POINT('',(35.5,-8.,688.));
#15407 = VERTEX_POINT('',#15408);
#15408 = CARTESIAN_POINT('',(35.5,-8.,762.));
#15409 = LINE('',#15410,#15411);
#15410 = CARTESIAN_POINT('',(35.5,-8.,688.));
#15411 = VECTOR('',#15412,1.);
#15412 = DIRECTION('',(0.,0.,1.));
#15413 = ORIENTED_EDGE('',*,*,#15414,.F.);
#15414 = EDGE_CURVE('',#15407,#15407,#15415,.T.);
#15415 = CIRCLE('',#15416,3.5);
#15416 = AXIS2_PLACEMENT_3D('',#15417,#15418,#15419);
#15417 = CARTESIAN_POINT('',(32.,-8.,762.));
#15418 = DIRECTION('',(0.,0.,1.));
#15419 = DIRECTION('',(1.,0.,0.));
#15420 = ORIENTED_EDGE('',*,*,#15404,.F.);
#15421 = ORIENTED_EDGE('',*,*,#15422,.T.);
#15422 = EDGE_CURVE('',#15405,#15405,#15423,.T.);
#15423 = CIRCLE('',#15424,3.5);
#15424 = AXIS2_PLACEMENT_3D('',#15425,#15426,#15427);
#15425 = CARTESIAN_POINT('',(32.,-8.,688.));
#15426 = DIRECTION('',(0.,0.,1.));
#15427 = DIRECTION('',(1.,0.,0.));
#15428 = FACE_BOUND('',#15429,.T.);
#15429 = EDGE_LOOP('',(#15430,#15431,#15437,#15438));
#15430 = ORIENTED_EDGE('',*,*,#15381,.F.);
#15431 = ORIENTED_EDGE('',*,*,#15432,.T.);
#15432 = EDGE_CURVE('',#15382,#15332,#15433,.T.);
#15433 = LINE('',#15434,#15435);
#15434 = CARTESIAN_POINT('',(32.,-4.5,688.));
#15435 = VECTOR('',#15436,1.);
#15436 = DIRECTION('',(0.,0.,1.));
#15437 = ORIENTED_EDGE('',*,*,#15331,.T.);
#15438 = ORIENTED_EDGE('',*,*,#15307,.F.);
#15439 = CYLINDRICAL_SURFACE('',#15440,3.5);
#15440 = AXIS2_PLACEMENT_3D('',#15441,#15442,#15443);
#15441 = CARTESIAN_POINT('',(32.,-8.,688.));
#15442 = DIRECTION('',(0.,0.,1.));
#15443 = DIRECTION('',(1.,0.,0.));
#15444 = ADVANCED_FACE('',(#15445),#15451,.T.);
#15445 = FACE_BOUND('',#15446,.T.);
#15446 = EDGE_LOOP('',(#15447,#15448,#15449,#15450));
#15447 = ORIENTED_EDGE('',*,*,#15340,.F.);
#15448 = ORIENTED_EDGE('',*,*,#15432,.F.);
#15449 = ORIENTED_EDGE('',*,*,#15390,.T.);
#15450 = ORIENTED_EDGE('',*,*,#15364,.T.);
#15451 = PLANE('',#15452);
#15452 = AXIS2_PLACEMENT_3D('',#15453,#15454,#15455);
#15453 = CARTESIAN_POINT('',(32.,-6.,690.));
#15454 = DIRECTION('',(1.,0.,0.));
#15455 = DIRECTION('',(0.,0.,1.));
#15456 = ADVANCED_FACE('',(#15457),#15460,.F.);
#15457 = FACE_BOUND('',#15458,.T.);
#15458 = EDGE_LOOP('',(#15459));
#15459 = ORIENTED_EDGE('',*,*,#15422,.F.);
#15460 = PLANE('',#15461);
#15461 = AXIS2_PLACEMENT_3D('',#15462,#15463,#15464);
#15462 = CARTESIAN_POINT('',(32.,-8.,688.));
#15463 = DIRECTION('',(0.,0.,1.));
#15464 = DIRECTION('',(1.,0.,0.));
#15465 = ADVANCED_FACE('',(#15466),#15469,.T.);
#15466 = FACE_BOUND('',#15467,.T.);
#15467 = EDGE_LOOP('',(#15468));
#15468 = ORIENTED_EDGE('',*,*,#15414,.T.);
#15469 = PLANE('',#15470);
#15470 = AXIS2_PLACEMENT_3D('',#15471,#15472,#15473);
#15471 = CARTESIAN_POINT('',(32.,-8.,762.));
#15472 = DIRECTION('',(0.,0.,1.));
#15473 = DIRECTION('',(1.,0.,0.));
#15474 = MANIFOLD_SOLID_BREP('',#15475);
#15475 = CLOSED_SHELL('',(#15476,#15516,#15547,#15580,#15604,#15630,
    #15674,#15686,#15695));
#15476 = ADVANCED_FACE('',(#15477),#15511,.F.);
#15477 = FACE_BOUND('',#15478,.F.);
#15478 = EDGE_LOOP('',(#15479,#15489,#15497,#15505));
#15479 = ORIENTED_EDGE('',*,*,#15480,.F.);
#15480 = EDGE_CURVE('',#15481,#15483,#15485,.T.);
#15481 = VERTEX_POINT('',#15482);
#15482 = CARTESIAN_POINT('',(4.,-6.,420.));
#15483 = VERTEX_POINT('',#15484);
#15484 = CARTESIAN_POINT('',(4.,-6.,490.));
#15485 = LINE('',#15486,#15487);
#15486 = CARTESIAN_POINT('',(4.,-6.,420.));
#15487 = VECTOR('',#15488,1.);
#15488 = DIRECTION('',(0.,0.,1.));
#15489 = ORIENTED_EDGE('',*,*,#15490,.T.);
#15490 = EDGE_CURVE('',#15481,#15491,#15493,.T.);
#15491 = VERTEX_POINT('',#15492);
#15492 = CARTESIAN_POINT('',(4.,0.,420.));
#15493 = LINE('',#15494,#15495);
#15494 = CARTESIAN_POINT('',(4.,-6.,420.));
#15495 = VECTOR('',#15496,1.);
#15496 = DIRECTION('',(0.,1.,0.));
#15497 = ORIENTED_EDGE('',*,*,#15498,.T.);
#15498 = EDGE_CURVE('',#15491,#15499,#15501,.T.);
#15499 = VERTEX_POINT('',#15500);
#15500 = CARTESIAN_POINT('',(4.,0.,490.));
#15501 = LINE('',#15502,#15503);
#15502 = CARTESIAN_POINT('',(4.,0.,420.));
#15503 = VECTOR('',#15504,1.);
#15504 = DIRECTION('',(0.,0.,1.));
#15505 = ORIENTED_EDGE('',*,*,#15506,.F.);
#15506 = EDGE_CURVE('',#15483,#15499,#15507,.T.);
#15507 = LINE('',#15508,#15509);
#15508 = CARTESIAN_POINT('',(4.,-6.,490.));
#15509 = VECTOR('',#15510,1.);
#15510 = DIRECTION('',(0.,1.,0.));
#15511 = PLANE('',#15512);
#15512 = AXIS2_PLACEMENT_3D('',#15513,#15514,#15515);
#15513 = CARTESIAN_POINT('',(4.,-6.,420.));
#15514 = DIRECTION('',(1.,0.,0.));
#15515 = DIRECTION('',(0.,0.,1.));
#15516 = ADVANCED_FACE('',(#15517),#15542,.F.);
#15517 = FACE_BOUND('',#15518,.F.);
#15518 = EDGE_LOOP('',(#15519,#15527,#15528,#15536));
#15519 = ORIENTED_EDGE('',*,*,#15520,.F.);
#15520 = EDGE_CURVE('',#15481,#15521,#15523,.T.);
#15521 = VERTEX_POINT('',#15522);
#15522 = CARTESIAN_POINT('',(29.127718676731,-6.,420.));
#15523 = LINE('',#15524,#15525);
#15524 = CARTESIAN_POINT('',(4.,-6.,420.));
#15525 = VECTOR('',#15526,1.);
#15526 = DIRECTION('',(1.,0.,0.));
#15527 = ORIENTED_EDGE('',*,*,#15480,.T.);
#15528 = ORIENTED_EDGE('',*,*,#15529,.T.);
#15529 = EDGE_CURVE('',#15483,#15530,#15532,.T.);
#15530 = VERTEX_POINT('',#15531);
#15531 = CARTESIAN_POINT('',(29.127718676731,-6.,490.));
#15532 = LINE('',#15533,#15534);
#15533 = CARTESIAN_POINT('',(4.,-6.,490.));
#15534 = VECTOR('',#15535,1.);
#15535 = DIRECTION('',(1.,0.,0.));
#15536 = ORIENTED_EDGE('',*,*,#15537,.F.);
#15537 = EDGE_CURVE('',#15521,#15530,#15538,.T.);
#15538 = LINE('',#15539,#15540);
#15539 = CARTESIAN_POINT('',(29.127718676731,-6.,418.));
#15540 = VECTOR('',#15541,1.);
#15541 = DIRECTION('',(0.,0.,1.));
#15542 = PLANE('',#15543);
#15543 = AXIS2_PLACEMENT_3D('',#15544,#15545,#15546);
#15544 = CARTESIAN_POINT('',(4.,-6.,420.));
#15545 = DIRECTION('',(0.,1.,0.));
#15546 = DIRECTION('',(0.,0.,1.));
#15547 = ADVANCED_FACE('',(#15548),#15575,.T.);
#15548 = FACE_BOUND('',#15549,.T.);
#15549 = EDGE_LOOP('',(#15550,#15558,#15559,#15560,#15569));
#15550 = ORIENTED_EDGE('',*,*,#15551,.F.);
#15551 = EDGE_CURVE('',#15499,#15552,#15554,.T.);
#15552 = VERTEX_POINT('',#15553);
#15553 = CARTESIAN_POINT('',(32.,0.,490.));
#15554 = LINE('',#15555,#15556);
#15555 = CARTESIAN_POINT('',(4.,0.,490.));
#15556 = VECTOR('',#15557,1.);
#15557 = DIRECTION('',(1.,0.,0.));
#15558 = ORIENTED_EDGE('',*,*,#15506,.F.);
#15559 = ORIENTED_EDGE('',*,*,#15529,.T.);
#15560 = ORIENTED_EDGE('',*,*,#15561,.F.);
#15561 = EDGE_CURVE('',#15562,#15530,#15564,.T.);
#15562 = VERTEX_POINT('',#15563);
#15563 = CARTESIAN_POINT('',(32.,-4.5,490.));
#15564 = CIRCLE('',#15565,3.5);
#15565 = AXIS2_PLACEMENT_3D('',#15566,#15567,#15568);
#15566 = CARTESIAN_POINT('',(32.,-8.,490.));
#15567 = DIRECTION('',(0.,0.,1.));
#15568 = DIRECTION('',(1.,0.,0.));
#15569 = ORIENTED_EDGE('',*,*,#15570,.T.);
#15570 = EDGE_CURVE('',#15562,#15552,#15571,.T.);
#15571 = LINE('',#15572,#15573);
#15572 = CARTESIAN_POINT('',(32.,-6.,490.));
#15573 = VECTOR('',#15574,1.);
#15574 = DIRECTION('',(0.,1.,0.));
#15575 = PLANE('',#15576);
#15576 = AXIS2_PLACEMENT_3D('',#15577,#15578,#15579);
#15577 = CARTESIAN_POINT('',(4.,-6.,490.));
#15578 = DIRECTION('',(0.,0.,1.));
#15579 = DIRECTION('',(1.,0.,0.));
#15580 = ADVANCED_FACE('',(#15581),#15599,.T.);
#15581 = FACE_BOUND('',#15582,.T.);
#15582 = EDGE_LOOP('',(#15583,#15591,#15592,#15593));
#15583 = ORIENTED_EDGE('',*,*,#15584,.F.);
#15584 = EDGE_CURVE('',#15491,#15585,#15587,.T.);
#15585 = VERTEX_POINT('',#15586);
#15586 = CARTESIAN_POINT('',(32.,0.,420.));
#15587 = LINE('',#15588,#15589);
#15588 = CARTESIAN_POINT('',(4.,0.,420.));
#15589 = VECTOR('',#15590,1.);
#15590 = DIRECTION('',(1.,0.,0.));
#15591 = ORIENTED_EDGE('',*,*,#15498,.T.);
#15592 = ORIENTED_EDGE('',*,*,#15551,.T.);
#15593 = ORIENTED_EDGE('',*,*,#15594,.F.);
#15594 = EDGE_CURVE('',#15585,#15552,#15595,.T.);
#15595 = LINE('',#15596,#15597);
#15596 = CARTESIAN_POINT('',(32.,0.,420.));
#15597 = VECTOR('',#15598,1.);
#15598 = DIRECTION('',(0.,0.,1.));
#15599 = PLANE('',#15600);
#15600 = AXIS2_PLACEMENT_3D('',#15601,#15602,#15603);
#15601 = CARTESIAN_POINT('',(4.,0.,420.));
#15602 = DIRECTION('',(0.,1.,0.));
#15603 = DIRECTION('',(0.,0.,1.));
#15604 = ADVANCED_FACE('',(#15605),#15625,.F.);
#15605 = FACE_BOUND('',#15606,.F.);
#15606 = EDGE_LOOP('',(#15607,#15608,#15609,#15610,#15619));
#15607 = ORIENTED_EDGE('',*,*,#15584,.F.);
#15608 = ORIENTED_EDGE('',*,*,#15490,.F.);
#15609 = ORIENTED_EDGE('',*,*,#15520,.T.);
#15610 = ORIENTED_EDGE('',*,*,#15611,.F.);
#15611 = EDGE_CURVE('',#15612,#15521,#15614,.T.);
#15612 = VERTEX_POINT('',#15613);
#15613 = CARTESIAN_POINT('',(32.,-4.5,420.));
#15614 = CIRCLE('',#15615,3.5);
#15615 = AXIS2_PLACEMENT_3D('',#15616,#15617,#15618);
#15616 = CARTESIAN_POINT('',(32.,-8.,420.));
#15617 = DIRECTION('',(0.,0.,1.));
#15618 = DIRECTION('',(1.,0.,0.));
#15619 = ORIENTED_EDGE('',*,*,#15620,.T.);
#15620 = EDGE_CURVE('',#15612,#15585,#15621,.T.);
#15621 = LINE('',#15622,#15623);
#15622 = CARTESIAN_POINT('',(32.,-6.,420.));
#15623 = VECTOR('',#15624,1.);
#15624 = DIRECTION('',(0.,1.,0.));
#15625 = PLANE('',#15626);
#15626 = AXIS2_PLACEMENT_3D('',#15627,#15628,#15629);
#15627 = CARTESIAN_POINT('',(4.,-6.,420.));
#15628 = DIRECTION('',(0.,0.,1.));
#15629 = DIRECTION('',(1.,0.,0.));
#15630 = ADVANCED_FACE('',(#15631,#15658),#15669,.T.);
#15631 = FACE_BOUND('',#15632,.T.);
#15632 = EDGE_LOOP('',(#15633,#15643,#15650,#15651));
#15633 = ORIENTED_EDGE('',*,*,#15634,.T.);
#15634 = EDGE_CURVE('',#15635,#15637,#15639,.T.);
#15635 = VERTEX_POINT('',#15636);
#15636 = CARTESIAN_POINT('',(35.5,-8.,418.));
#15637 = VERTEX_POINT('',#15638);
#15638 = CARTESIAN_POINT('',(35.5,-8.,492.));
#15639 = LINE('',#15640,#15641);
#15640 = CARTESIAN_POINT('',(35.5,-8.,418.));
#15641 = VECTOR('',#15642,1.);
#15642 = DIRECTION('',(0.,0.,1.));
#15643 = ORIENTED_EDGE('',*,*,#15644,.F.);
#15644 = EDGE_CURVE('',#15637,#15637,#15645,.T.);
#15645 = CIRCLE('',#15646,3.5);
#15646 = AXIS2_PLACEMENT_3D('',#15647,#15648,#15649);
#15647 = CARTESIAN_POINT('',(32.,-8.,492.));
#15648 = DIRECTION('',(0.,0.,1.));
#15649 = DIRECTION('',(1.,0.,0.));
#15650 = ORIENTED_EDGE('',*,*,#15634,.F.);
#15651 = ORIENTED_EDGE('',*,*,#15652,.T.);
#15652 = EDGE_CURVE('',#15635,#15635,#15653,.T.);
#15653 = CIRCLE('',#15654,3.5);
#15654 = AXIS2_PLACEMENT_3D('',#15655,#15656,#15657);
#15655 = CARTESIAN_POINT('',(32.,-8.,418.));
#15656 = DIRECTION('',(0.,0.,1.));
#15657 = DIRECTION('',(1.,0.,0.));
#15658 = FACE_BOUND('',#15659,.T.);
#15659 = EDGE_LOOP('',(#15660,#15661,#15667,#15668));
#15660 = ORIENTED_EDGE('',*,*,#15611,.F.);
#15661 = ORIENTED_EDGE('',*,*,#15662,.T.);
#15662 = EDGE_CURVE('',#15612,#15562,#15663,.T.);
#15663 = LINE('',#15664,#15665);
#15664 = CARTESIAN_POINT('',(32.,-4.5,418.));
#15665 = VECTOR('',#15666,1.);
#15666 = DIRECTION('',(0.,0.,1.));
#15667 = ORIENTED_EDGE('',*,*,#15561,.T.);
#15668 = ORIENTED_EDGE('',*,*,#15537,.F.);
#15669 = CYLINDRICAL_SURFACE('',#15670,3.5);
#15670 = AXIS2_PLACEMENT_3D('',#15671,#15672,#15673);
#15671 = CARTESIAN_POINT('',(32.,-8.,418.));
#15672 = DIRECTION('',(0.,0.,1.));
#15673 = DIRECTION('',(1.,0.,0.));
#15674 = ADVANCED_FACE('',(#15675),#15681,.T.);
#15675 = FACE_BOUND('',#15676,.T.);
#15676 = EDGE_LOOP('',(#15677,#15678,#15679,#15680));
#15677 = ORIENTED_EDGE('',*,*,#15570,.F.);
#15678 = ORIENTED_EDGE('',*,*,#15662,.F.);
#15679 = ORIENTED_EDGE('',*,*,#15620,.T.);
#15680 = ORIENTED_EDGE('',*,*,#15594,.T.);
#15681 = PLANE('',#15682);
#15682 = AXIS2_PLACEMENT_3D('',#15683,#15684,#15685);
#15683 = CARTESIAN_POINT('',(32.,-6.,420.));
#15684 = DIRECTION('',(1.,0.,0.));
#15685 = DIRECTION('',(0.,0.,1.));
#15686 = ADVANCED_FACE('',(#15687),#15690,.F.);
#15687 = FACE_BOUND('',#15688,.T.);
#15688 = EDGE_LOOP('',(#15689));
#15689 = ORIENTED_EDGE('',*,*,#15652,.F.);
#15690 = PLANE('',#15691);
#15691 = AXIS2_PLACEMENT_3D('',#15692,#15693,#15694);
#15692 = CARTESIAN_POINT('',(32.,-8.,418.));
#15693 = DIRECTION('',(0.,0.,1.));
#15694 = DIRECTION('',(1.,0.,0.));
#15695 = ADVANCED_FACE('',(#15696),#15699,.T.);
#15696 = FACE_BOUND('',#15697,.T.);
#15697 = EDGE_LOOP('',(#15698));
#15698 = ORIENTED_EDGE('',*,*,#15644,.T.);
#15699 = PLANE('',#15700);
#15700 = AXIS2_PLACEMENT_3D('',#15701,#15702,#15703);
#15701 = CARTESIAN_POINT('',(32.,-8.,492.));
#15702 = DIRECTION('',(0.,0.,1.));
#15703 = DIRECTION('',(1.,0.,0.));
#15704 = MANIFOLD_SOLID_BREP('',#15705);
#15705 = CLOSED_SHELL('',(#15706,#15746,#15777,#15810,#15834,#15860,
    #15904,#15916,#15925));
#15706 = ADVANCED_FACE('',(#15707),#15741,.F.);
#15707 = FACE_BOUND('',#15708,.F.);
#15708 = EDGE_LOOP('',(#15709,#15719,#15727,#15735));
#15709 = ORIENTED_EDGE('',*,*,#15710,.F.);
#15710 = EDGE_CURVE('',#15711,#15713,#15715,.T.);
#15711 = VERTEX_POINT('',#15712);
#15712 = CARTESIAN_POINT('',(4.,-6.,150.));
#15713 = VERTEX_POINT('',#15714);
#15714 = CARTESIAN_POINT('',(4.,-6.,220.));
#15715 = LINE('',#15716,#15717);
#15716 = CARTESIAN_POINT('',(4.,-6.,150.));
#15717 = VECTOR('',#15718,1.);
#15718 = DIRECTION('',(0.,0.,1.));
#15719 = ORIENTED_EDGE('',*,*,#15720,.T.);
#15720 = EDGE_CURVE('',#15711,#15721,#15723,.T.);
#15721 = VERTEX_POINT('',#15722);
#15722 = CARTESIAN_POINT('',(4.,0.,150.));
#15723 = LINE('',#15724,#15725);
#15724 = CARTESIAN_POINT('',(4.,-6.,150.));
#15725 = VECTOR('',#15726,1.);
#15726 = DIRECTION('',(0.,1.,0.));
#15727 = ORIENTED_EDGE('',*,*,#15728,.T.);
#15728 = EDGE_CURVE('',#15721,#15729,#15731,.T.);
#15729 = VERTEX_POINT('',#15730);
#15730 = CARTESIAN_POINT('',(4.,0.,220.));
#15731 = LINE('',#15732,#15733);
#15732 = CARTESIAN_POINT('',(4.,0.,150.));
#15733 = VECTOR('',#15734,1.);
#15734 = DIRECTION('',(0.,0.,1.));
#15735 = ORIENTED_EDGE('',*,*,#15736,.F.);
#15736 = EDGE_CURVE('',#15713,#15729,#15737,.T.);
#15737 = LINE('',#15738,#15739);
#15738 = CARTESIAN_POINT('',(4.,-6.,220.));
#15739 = VECTOR('',#15740,1.);
#15740 = DIRECTION('',(0.,1.,0.));
#15741 = PLANE('',#15742);
#15742 = AXIS2_PLACEMENT_3D('',#15743,#15744,#15745);
#15743 = CARTESIAN_POINT('',(4.,-6.,150.));
#15744 = DIRECTION('',(1.,0.,0.));
#15745 = DIRECTION('',(0.,0.,1.));
#15746 = ADVANCED_FACE('',(#15747),#15772,.F.);
#15747 = FACE_BOUND('',#15748,.F.);
#15748 = EDGE_LOOP('',(#15749,#15757,#15758,#15766));
#15749 = ORIENTED_EDGE('',*,*,#15750,.F.);
#15750 = EDGE_CURVE('',#15711,#15751,#15753,.T.);
#15751 = VERTEX_POINT('',#15752);
#15752 = CARTESIAN_POINT('',(29.127718676731,-6.,150.));
#15753 = LINE('',#15754,#15755);
#15754 = CARTESIAN_POINT('',(4.,-6.,150.));
#15755 = VECTOR('',#15756,1.);
#15756 = DIRECTION('',(1.,0.,0.));
#15757 = ORIENTED_EDGE('',*,*,#15710,.T.);
#15758 = ORIENTED_EDGE('',*,*,#15759,.T.);
#15759 = EDGE_CURVE('',#15713,#15760,#15762,.T.);
#15760 = VERTEX_POINT('',#15761);
#15761 = CARTESIAN_POINT('',(29.127718676731,-6.,220.));
#15762 = LINE('',#15763,#15764);
#15763 = CARTESIAN_POINT('',(4.,-6.,220.));
#15764 = VECTOR('',#15765,1.);
#15765 = DIRECTION('',(1.,0.,0.));
#15766 = ORIENTED_EDGE('',*,*,#15767,.F.);
#15767 = EDGE_CURVE('',#15751,#15760,#15768,.T.);
#15768 = LINE('',#15769,#15770);
#15769 = CARTESIAN_POINT('',(29.127718676731,-6.,148.));
#15770 = VECTOR('',#15771,1.);
#15771 = DIRECTION('',(0.,0.,1.));
#15772 = PLANE('',#15773);
#15773 = AXIS2_PLACEMENT_3D('',#15774,#15775,#15776);
#15774 = CARTESIAN_POINT('',(4.,-6.,150.));
#15775 = DIRECTION('',(0.,1.,0.));
#15776 = DIRECTION('',(0.,0.,1.));
#15777 = ADVANCED_FACE('',(#15778),#15805,.T.);
#15778 = FACE_BOUND('',#15779,.T.);
#15779 = EDGE_LOOP('',(#15780,#15788,#15789,#15790,#15799));
#15780 = ORIENTED_EDGE('',*,*,#15781,.F.);
#15781 = EDGE_CURVE('',#15729,#15782,#15784,.T.);
#15782 = VERTEX_POINT('',#15783);
#15783 = CARTESIAN_POINT('',(32.,0.,220.));
#15784 = LINE('',#15785,#15786);
#15785 = CARTESIAN_POINT('',(4.,0.,220.));
#15786 = VECTOR('',#15787,1.);
#15787 = DIRECTION('',(1.,0.,0.));
#15788 = ORIENTED_EDGE('',*,*,#15736,.F.);
#15789 = ORIENTED_EDGE('',*,*,#15759,.T.);
#15790 = ORIENTED_EDGE('',*,*,#15791,.F.);
#15791 = EDGE_CURVE('',#15792,#15760,#15794,.T.);
#15792 = VERTEX_POINT('',#15793);
#15793 = CARTESIAN_POINT('',(32.,-4.5,220.));
#15794 = CIRCLE('',#15795,3.5);
#15795 = AXIS2_PLACEMENT_3D('',#15796,#15797,#15798);
#15796 = CARTESIAN_POINT('',(32.,-8.,220.));
#15797 = DIRECTION('',(0.,0.,1.));
#15798 = DIRECTION('',(1.,0.,0.));
#15799 = ORIENTED_EDGE('',*,*,#15800,.T.);
#15800 = EDGE_CURVE('',#15792,#15782,#15801,.T.);
#15801 = LINE('',#15802,#15803);
#15802 = CARTESIAN_POINT('',(32.,-6.,220.));
#15803 = VECTOR('',#15804,1.);
#15804 = DIRECTION('',(0.,1.,0.));
#15805 = PLANE('',#15806);
#15806 = AXIS2_PLACEMENT_3D('',#15807,#15808,#15809);
#15807 = CARTESIAN_POINT('',(4.,-6.,220.));
#15808 = DIRECTION('',(0.,0.,1.));
#15809 = DIRECTION('',(1.,0.,0.));
#15810 = ADVANCED_FACE('',(#15811),#15829,.T.);
#15811 = FACE_BOUND('',#15812,.T.);
#15812 = EDGE_LOOP('',(#15813,#15821,#15822,#15823));
#15813 = ORIENTED_EDGE('',*,*,#15814,.F.);
#15814 = EDGE_CURVE('',#15721,#15815,#15817,.T.);
#15815 = VERTEX_POINT('',#15816);
#15816 = CARTESIAN_POINT('',(32.,0.,150.));
#15817 = LINE('',#15818,#15819);
#15818 = CARTESIAN_POINT('',(4.,0.,150.));
#15819 = VECTOR('',#15820,1.);
#15820 = DIRECTION('',(1.,0.,0.));
#15821 = ORIENTED_EDGE('',*,*,#15728,.T.);
#15822 = ORIENTED_EDGE('',*,*,#15781,.T.);
#15823 = ORIENTED_EDGE('',*,*,#15824,.F.);
#15824 = EDGE_CURVE('',#15815,#15782,#15825,.T.);
#15825 = LINE('',#15826,#15827);
#15826 = CARTESIAN_POINT('',(32.,0.,150.));
#15827 = VECTOR('',#15828,1.);
#15828 = DIRECTION('',(0.,0.,1.));
#15829 = PLANE('',#15830);
#15830 = AXIS2_PLACEMENT_3D('',#15831,#15832,#15833);
#15831 = CARTESIAN_POINT('',(4.,0.,150.));
#15832 = DIRECTION('',(0.,1.,0.));
#15833 = DIRECTION('',(0.,0.,1.));
#15834 = ADVANCED_FACE('',(#15835),#15855,.F.);
#15835 = FACE_BOUND('',#15836,.F.);
#15836 = EDGE_LOOP('',(#15837,#15838,#15839,#15840,#15849));
#15837 = ORIENTED_EDGE('',*,*,#15814,.F.);
#15838 = ORIENTED_EDGE('',*,*,#15720,.F.);
#15839 = ORIENTED_EDGE('',*,*,#15750,.T.);
#15840 = ORIENTED_EDGE('',*,*,#15841,.F.);
#15841 = EDGE_CURVE('',#15842,#15751,#15844,.T.);
#15842 = VERTEX_POINT('',#15843);
#15843 = CARTESIAN_POINT('',(32.,-4.5,150.));
#15844 = CIRCLE('',#15845,3.5);
#15845 = AXIS2_PLACEMENT_3D('',#15846,#15847,#15848);
#15846 = CARTESIAN_POINT('',(32.,-8.,150.));
#15847 = DIRECTION('',(0.,0.,1.));
#15848 = DIRECTION('',(1.,0.,0.));
#15849 = ORIENTED_EDGE('',*,*,#15850,.T.);
#15850 = EDGE_CURVE('',#15842,#15815,#15851,.T.);
#15851 = LINE('',#15852,#15853);
#15852 = CARTESIAN_POINT('',(32.,-6.,150.));
#15853 = VECTOR('',#15854,1.);
#15854 = DIRECTION('',(0.,1.,0.));
#15855 = PLANE('',#15856);
#15856 = AXIS2_PLACEMENT_3D('',#15857,#15858,#15859);
#15857 = CARTESIAN_POINT('',(4.,-6.,150.));
#15858 = DIRECTION('',(0.,0.,1.));
#15859 = DIRECTION('',(1.,0.,0.));
#15860 = ADVANCED_FACE('',(#15861,#15888),#15899,.T.);
#15861 = FACE_BOUND('',#15862,.T.);
#15862 = EDGE_LOOP('',(#15863,#15873,#15880,#15881));
#15863 = ORIENTED_EDGE('',*,*,#15864,.T.);
#15864 = EDGE_CURVE('',#15865,#15867,#15869,.T.);
#15865 = VERTEX_POINT('',#15866);
#15866 = CARTESIAN_POINT('',(35.5,-8.,148.));
#15867 = VERTEX_POINT('',#15868);
#15868 = CARTESIAN_POINT('',(35.5,-8.,222.));
#15869 = LINE('',#15870,#15871);
#15870 = CARTESIAN_POINT('',(35.5,-8.,148.));
#15871 = VECTOR('',#15872,1.);
#15872 = DIRECTION('',(0.,0.,1.));
#15873 = ORIENTED_EDGE('',*,*,#15874,.F.);
#15874 = EDGE_CURVE('',#15867,#15867,#15875,.T.);
#15875 = CIRCLE('',#15876,3.5);
#15876 = AXIS2_PLACEMENT_3D('',#15877,#15878,#15879);
#15877 = CARTESIAN_POINT('',(32.,-8.,222.));
#15878 = DIRECTION('',(0.,0.,1.));
#15879 = DIRECTION('',(1.,0.,0.));
#15880 = ORIENTED_EDGE('',*,*,#15864,.F.);
#15881 = ORIENTED_EDGE('',*,*,#15882,.T.);
#15882 = EDGE_CURVE('',#15865,#15865,#15883,.T.);
#15883 = CIRCLE('',#15884,3.5);
#15884 = AXIS2_PLACEMENT_3D('',#15885,#15886,#15887);
#15885 = CARTESIAN_POINT('',(32.,-8.,148.));
#15886 = DIRECTION('',(0.,0.,1.));
#15887 = DIRECTION('',(1.,0.,0.));
#15888 = FACE_BOUND('',#15889,.T.);
#15889 = EDGE_LOOP('',(#15890,#15891,#15897,#15898));
#15890 = ORIENTED_EDGE('',*,*,#15841,.F.);
#15891 = ORIENTED_EDGE('',*,*,#15892,.T.);
#15892 = EDGE_CURVE('',#15842,#15792,#15893,.T.);
#15893 = LINE('',#15894,#15895);
#15894 = CARTESIAN_POINT('',(32.,-4.5,148.));
#15895 = VECTOR('',#15896,1.);
#15896 = DIRECTION('',(0.,0.,1.));
#15897 = ORIENTED_EDGE('',*,*,#15791,.T.);
#15898 = ORIENTED_EDGE('',*,*,#15767,.F.);
#15899 = CYLINDRICAL_SURFACE('',#15900,3.5);
#15900 = AXIS2_PLACEMENT_3D('',#15901,#15902,#15903);
#15901 = CARTESIAN_POINT('',(32.,-8.,148.));
#15902 = DIRECTION('',(0.,0.,1.));
#15903 = DIRECTION('',(1.,0.,0.));
#15904 = ADVANCED_FACE('',(#15905),#15911,.T.);
#15905 = FACE_BOUND('',#15906,.T.);
#15906 = EDGE_LOOP('',(#15907,#15908,#15909,#15910));
#15907 = ORIENTED_EDGE('',*,*,#15800,.F.);
#15908 = ORIENTED_EDGE('',*,*,#15892,.F.);
#15909 = ORIENTED_EDGE('',*,*,#15850,.T.);
#15910 = ORIENTED_EDGE('',*,*,#15824,.T.);
#15911 = PLANE('',#15912);
#15912 = AXIS2_PLACEMENT_3D('',#15913,#15914,#15915);
#15913 = CARTESIAN_POINT('',(32.,-6.,150.));
#15914 = DIRECTION('',(1.,0.,0.));
#15915 = DIRECTION('',(0.,0.,1.));
#15916 = ADVANCED_FACE('',(#15917),#15920,.F.);
#15917 = FACE_BOUND('',#15918,.T.);
#15918 = EDGE_LOOP('',(#15919));
#15919 = ORIENTED_EDGE('',*,*,#15882,.F.);
#15920 = PLANE('',#15921);
#15921 = AXIS2_PLACEMENT_3D('',#15922,#15923,#15924);
#15922 = CARTESIAN_POINT('',(32.,-8.,148.));
#15923 = DIRECTION('',(0.,0.,1.));
#15924 = DIRECTION('',(1.,0.,0.));
#15925 = ADVANCED_FACE('',(#15926),#15929,.T.);
#15926 = FACE_BOUND('',#15927,.T.);
#15927 = EDGE_LOOP('',(#15928));
#15928 = ORIENTED_EDGE('',*,*,#15874,.T.);
#15929 = PLANE('',#15930);
#15930 = AXIS2_PLACEMENT_3D('',#15931,#15932,#15933);
#15931 = CARTESIAN_POINT('',(32.,-8.,222.));
#15932 = DIRECTION('',(0.,0.,1.));
#15933 = DIRECTION('',(1.,0.,0.));
#15934 = MANIFOLD_SOLID_BREP('',#15935);
#15935 = CLOSED_SHELL('',(#15936,#15969,#15978));
#15936 = ADVANCED_FACE('',(#15937),#15964,.T.);
#15937 = FACE_BOUND('',#15938,.T.);
#15938 = EDGE_LOOP('',(#15939,#15948,#15956,#15963));
#15939 = ORIENTED_EDGE('',*,*,#15940,.F.);
#15940 = EDGE_CURVE('',#15941,#15941,#15943,.T.);
#15941 = VERTEX_POINT('',#15942);
#15942 = CARTESIAN_POINT('',(41.,14.,204.));
#15943 = CIRCLE('',#15944,4.);
#15944 = AXIS2_PLACEMENT_3D('',#15945,#15946,#15947);
#15945 = CARTESIAN_POINT('',(41.,14.,200.));
#15946 = DIRECTION('',(0.,1.,0.));
#15947 = DIRECTION('',(0.,0.,1.));
#15948 = ORIENTED_EDGE('',*,*,#15949,.F.);
#15949 = EDGE_CURVE('',#15950,#15941,#15952,.T.);
#15950 = VERTEX_POINT('',#15951);
#15951 = CARTESIAN_POINT('',(41.,2.,204.));
#15952 = LINE('',#15953,#15954);
#15953 = CARTESIAN_POINT('',(41.,2.,204.));
#15954 = VECTOR('',#15955,1.);
#15955 = DIRECTION('',(0.,1.,0.));
#15956 = ORIENTED_EDGE('',*,*,#15957,.T.);
#15957 = EDGE_CURVE('',#15950,#15950,#15958,.T.);
#15958 = CIRCLE('',#15959,4.);
#15959 = AXIS2_PLACEMENT_3D('',#15960,#15961,#15962);
#15960 = CARTESIAN_POINT('',(41.,2.,200.));
#15961 = DIRECTION('',(0.,1.,0.));
#15962 = DIRECTION('',(0.,0.,1.));
#15963 = ORIENTED_EDGE('',*,*,#15949,.T.);
#15964 = CYLINDRICAL_SURFACE('',#15965,4.);
#15965 = AXIS2_PLACEMENT_3D('',#15966,#15967,#15968);
#15966 = CARTESIAN_POINT('',(41.,2.,200.));
#15967 = DIRECTION('',(0.,1.,0.));
#15968 = DIRECTION('',(0.,0.,1.));
#15969 = ADVANCED_FACE('',(#15970),#15973,.T.);
#15970 = FACE_BOUND('',#15971,.T.);
#15971 = EDGE_LOOP('',(#15972));
#15972 = ORIENTED_EDGE('',*,*,#15940,.T.);
#15973 = PLANE('',#15974);
#15974 = AXIS2_PLACEMENT_3D('',#15975,#15976,#15977);
#15975 = CARTESIAN_POINT('',(41.,14.,200.));
#15976 = DIRECTION('',(0.,1.,0.));
#15977 = DIRECTION('',(0.,0.,1.));
#15978 = ADVANCED_FACE('',(#15979),#15982,.F.);
#15979 = FACE_BOUND('',#15980,.T.);
#15980 = EDGE_LOOP('',(#15981));
#15981 = ORIENTED_EDGE('',*,*,#15957,.F.);
#15982 = PLANE('',#15983);
#15983 = AXIS2_PLACEMENT_3D('',#15984,#15985,#15986);
#15984 = CARTESIAN_POINT('',(41.,2.,200.));
#15985 = DIRECTION('',(0.,1.,0.));
#15986 = DIRECTION('',(0.,0.,1.));
#15987 = MANIFOLD_SOLID_BREP('',#15988);
#15988 = CLOSED_SHELL('',(#15989,#16022,#16031));
#15989 = ADVANCED_FACE('',(#15990),#16017,.T.);
#15990 = FACE_BOUND('',#15991,.T.);
#15991 = EDGE_LOOP('',(#15992,#16001,#16009,#16016));
#15992 = ORIENTED_EDGE('',*,*,#15993,.F.);
#15993 = EDGE_CURVE('',#15994,#15994,#15996,.T.);
#15994 = VERTEX_POINT('',#15995);
#15995 = CARTESIAN_POINT('',(41.,14.,439.));
#15996 = CIRCLE('',#15997,4.);
#15997 = AXIS2_PLACEMENT_3D('',#15998,#15999,#16000);
#15998 = CARTESIAN_POINT('',(41.,14.,435.));
#15999 = DIRECTION('',(0.,1.,0.));
#16000 = DIRECTION('',(0.,0.,1.));
#16001 = ORIENTED_EDGE('',*,*,#16002,.F.);
#16002 = EDGE_CURVE('',#16003,#15994,#16005,.T.);
#16003 = VERTEX_POINT('',#16004);
#16004 = CARTESIAN_POINT('',(41.,2.,439.));
#16005 = LINE('',#16006,#16007);
#16006 = CARTESIAN_POINT('',(41.,2.,439.));
#16007 = VECTOR('',#16008,1.);
#16008 = DIRECTION('',(0.,1.,0.));
#16009 = ORIENTED_EDGE('',*,*,#16010,.T.);
#16010 = EDGE_CURVE('',#16003,#16003,#16011,.T.);
#16011 = CIRCLE('',#16012,4.);
#16012 = AXIS2_PLACEMENT_3D('',#16013,#16014,#16015);
#16013 = CARTESIAN_POINT('',(41.,2.,435.));
#16014 = DIRECTION('',(0.,1.,0.));
#16015 = DIRECTION('',(0.,0.,1.));
#16016 = ORIENTED_EDGE('',*,*,#16002,.T.);
#16017 = CYLINDRICAL_SURFACE('',#16018,4.);
#16018 = AXIS2_PLACEMENT_3D('',#16019,#16020,#16021);
#16019 = CARTESIAN_POINT('',(41.,2.,435.));
#16020 = DIRECTION('',(0.,1.,0.));
#16021 = DIRECTION('',(0.,0.,1.));
#16022 = ADVANCED_FACE('',(#16023),#16026,.T.);
#16023 = FACE_BOUND('',#16024,.T.);
#16024 = EDGE_LOOP('',(#16025));
#16025 = ORIENTED_EDGE('',*,*,#15993,.T.);
#16026 = PLANE('',#16027);
#16027 = AXIS2_PLACEMENT_3D('',#16028,#16029,#16030);
#16028 = CARTESIAN_POINT('',(41.,14.,435.));
#16029 = DIRECTION('',(0.,1.,0.));
#16030 = DIRECTION('',(0.,0.,1.));
#16031 = ADVANCED_FACE('',(#16032),#16035,.F.);
#16032 = FACE_BOUND('',#16033,.T.);
#16033 = EDGE_LOOP('',(#16034));
#16034 = ORIENTED_EDGE('',*,*,#16010,.F.);
#16035 = PLANE('',#16036);
#16036 = AXIS2_PLACEMENT_3D('',#16037,#16038,#16039);
#16037 = CARTESIAN_POINT('',(41.,2.,435.));
#16038 = DIRECTION('',(0.,1.,0.));
#16039 = DIRECTION('',(0.,0.,1.));
#16040 = MANIFOLD_SOLID_BREP('',#16041);
#16041 = CLOSED_SHELL('',(#16042,#16075,#16084));
#16042 = ADVANCED_FACE('',(#16043),#16070,.T.);
#16043 = FACE_BOUND('',#16044,.T.);
#16044 = EDGE_LOOP('',(#16045,#16054,#16062,#16069));
#16045 = ORIENTED_EDGE('',*,*,#16046,.F.);
#16046 = EDGE_CURVE('',#16047,#16047,#16049,.T.);
#16047 = VERTEX_POINT('',#16048);
#16048 = CARTESIAN_POINT('',(41.,14.,674.));
#16049 = CIRCLE('',#16050,4.);
#16050 = AXIS2_PLACEMENT_3D('',#16051,#16052,#16053);
#16051 = CARTESIAN_POINT('',(41.,14.,670.));
#16052 = DIRECTION('',(0.,1.,0.));
#16053 = DIRECTION('',(0.,0.,1.));
#16054 = ORIENTED_EDGE('',*,*,#16055,.F.);
#16055 = EDGE_CURVE('',#16056,#16047,#16058,.T.);
#16056 = VERTEX_POINT('',#16057);
#16057 = CARTESIAN_POINT('',(41.,2.,674.));
#16058 = LINE('',#16059,#16060);
#16059 = CARTESIAN_POINT('',(41.,2.,674.));
#16060 = VECTOR('',#16061,1.);
#16061 = DIRECTION('',(0.,1.,0.));
#16062 = ORIENTED_EDGE('',*,*,#16063,.T.);
#16063 = EDGE_CURVE('',#16056,#16056,#16064,.T.);
#16064 = CIRCLE('',#16065,4.);
#16065 = AXIS2_PLACEMENT_3D('',#16066,#16067,#16068);
#16066 = CARTESIAN_POINT('',(41.,2.,670.));
#16067 = DIRECTION('',(0.,1.,0.));
#16068 = DIRECTION('',(0.,0.,1.));
#16069 = ORIENTED_EDGE('',*,*,#16055,.T.);
#16070 = CYLINDRICAL_SURFACE('',#16071,4.);
#16071 = AXIS2_PLACEMENT_3D('',#16072,#16073,#16074);
#16072 = CARTESIAN_POINT('',(41.,2.,670.));
#16073 = DIRECTION('',(0.,1.,0.));
#16074 = DIRECTION('',(0.,0.,1.));
#16075 = ADVANCED_FACE('',(#16076),#16079,.T.);
#16076 = FACE_BOUND('',#16077,.T.);
#16077 = EDGE_LOOP('',(#16078));
#16078 = ORIENTED_EDGE('',*,*,#16046,.T.);
#16079 = PLANE('',#16080);
#16080 = AXIS2_PLACEMENT_3D('',#16081,#16082,#16083);
#16081 = CARTESIAN_POINT('',(41.,14.,670.));
#16082 = DIRECTION('',(0.,1.,0.));
#16083 = DIRECTION('',(0.,0.,1.));
#16084 = ADVANCED_FACE('',(#16085),#16088,.F.);
#16085 = FACE_BOUND('',#16086,.T.);
#16086 = EDGE_LOOP('',(#16087));
#16087 = ORIENTED_EDGE('',*,*,#16063,.F.);
#16088 = PLANE('',#16089);
#16089 = AXIS2_PLACEMENT_3D('',#16090,#16091,#16092);
#16090 = CARTESIAN_POINT('',(41.,2.,670.));
#16091 = DIRECTION('',(0.,1.,0.));
#16092 = DIRECTION('',(0.,0.,1.));
#16093 = MANIFOLD_SOLID_BREP('',#16094);
#16094 = CLOSED_SHELL('',(#16095,#16218,#16274,#16297,#16306,#16337,
    #16369,#16401,#16418,#16449,#16481,#16513,#16530,#16561,#16617,
    #16648,#16665,#16682,#16694,#16711,#16723,#16749,#16773,#16813,
    #16837,#16895,#16917,#16929,#17034,#17057,#17066,#17097,#17129,
    #17161,#17178,#17209,#17241,#17273,#17290,#17307,#17319,#17336,
    #17348,#17367));
#16095 = ADVANCED_FACE('',(#16096,#16141,#16177),#16213,.T.);
#16096 = FACE_BOUND('',#16097,.T.);
#16097 = EDGE_LOOP('',(#16098,#16108,#16115,#16116,#16125,#16134));
#16098 = ORIENTED_EDGE('',*,*,#16099,.T.);
#16099 = EDGE_CURVE('',#16100,#16102,#16104,.T.);
#16100 = VERTEX_POINT('',#16101);
#16101 = CARTESIAN_POINT('',(355.,9.,423.));
#16102 = VERTEX_POINT('',#16103);
#16103 = CARTESIAN_POINT('',(355.,9.,735.));
#16104 = LINE('',#16105,#16106);
#16105 = CARTESIAN_POINT('',(355.,9.,120.));
#16106 = VECTOR('',#16107,1.);
#16107 = DIRECTION('',(0.,0.,1.));
#16108 = ORIENTED_EDGE('',*,*,#16109,.F.);
#16109 = EDGE_CURVE('',#16102,#16102,#16110,.T.);
#16110 = CIRCLE('',#16111,5.);
#16111 = AXIS2_PLACEMENT_3D('',#16112,#16113,#16114);
#16112 = CARTESIAN_POINT('',(350.,9.,735.));
#16113 = DIRECTION('',(0.,0.,1.));
#16114 = DIRECTION('',(1.,0.,0.));
#16115 = ORIENTED_EDGE('',*,*,#16099,.F.);
#16116 = ORIENTED_EDGE('',*,*,#16117,.T.);
#16117 = EDGE_CURVE('',#16100,#16118,#16120,.T.);
#16118 = VERTEX_POINT('',#16119);
#16119 = CARTESIAN_POINT('',(345.,9.,423.));
#16120 = CIRCLE('',#16121,5.);
#16121 = AXIS2_PLACEMENT_3D('',#16122,#16123,#16124);
#16122 = CARTESIAN_POINT('',(350.,9.,423.));
#16123 = DIRECTION('',(0.,0.,1.));
#16124 = DIRECTION('',(1.,0.,0.));
#16125 = ORIENTED_EDGE('',*,*,#16126,.T.);
#16126 = EDGE_CURVE('',#16118,#16127,#16129,.T.);
#16127 = VERTEX_POINT('',#16128);
#16128 = CARTESIAN_POINT('',(350.,4.,423.));
#16129 = CIRCLE('',#16130,5.);
#16130 = AXIS2_PLACEMENT_3D('',#16131,#16132,#16133);
#16131 = CARTESIAN_POINT('',(350.,9.,423.));
#16132 = DIRECTION('',(0.,0.,1.));
#16133 = DIRECTION('',(1.,0.,0.));
#16134 = ORIENTED_EDGE('',*,*,#16135,.T.);
#16135 = EDGE_CURVE('',#16127,#16100,#16136,.T.);
#16136 = CIRCLE('',#16137,5.);
#16137 = AXIS2_PLACEMENT_3D('',#16138,#16139,#16140);
#16138 = CARTESIAN_POINT('',(350.,9.,423.));
#16139 = DIRECTION('',(0.,0.,1.));
#16140 = DIRECTION('',(1.,0.,0.));
#16141 = FACE_BOUND('',#16142,.T.);
#16142 = EDGE_LOOP('',(#16143,#16153,#16162,#16170));
#16143 = ORIENTED_EDGE('',*,*,#16144,.F.);
#16144 = EDGE_CURVE('',#16145,#16147,#16149,.T.);
#16145 = VERTEX_POINT('',#16146);
#16146 = CARTESIAN_POINT('',(350.,14.,530.));
#16147 = VERTEX_POINT('',#16148);
#16148 = CARTESIAN_POINT('',(350.,14.,542.));
#16149 = LINE('',#16150,#16151);
#16150 = CARTESIAN_POINT('',(350.,14.,120.));
#16151 = VECTOR('',#16152,1.);
#16152 = DIRECTION('',(0.,0.,1.));
#16153 = ORIENTED_EDGE('',*,*,#16154,.F.);
#16154 = EDGE_CURVE('',#16155,#16145,#16157,.T.);
#16155 = VERTEX_POINT('',#16156);
#16156 = CARTESIAN_POINT('',(354.33012701892,11.5,530.));
#16157 = CIRCLE('',#16158,5.);
#16158 = AXIS2_PLACEMENT_3D('',#16159,#16160,#16161);
#16159 = CARTESIAN_POINT('',(350.,9.,530.));
#16160 = DIRECTION('',(0.,0.,1.));
#16161 = DIRECTION('',(1.,0.,0.));
#16162 = ORIENTED_EDGE('',*,*,#16163,.T.);
#16163 = EDGE_CURVE('',#16155,#16164,#16166,.T.);
#16164 = VERTEX_POINT('',#16165);
#16165 = CARTESIAN_POINT('',(354.33012701892,11.5,542.));
#16166 = LINE('',#16167,#16168);
#16167 = CARTESIAN_POINT('',(354.33012701892,11.5,120.));
#16168 = VECTOR('',#16169,1.);
#16169 = DIRECTION('',(0.,0.,1.));
#16170 = ORIENTED_EDGE('',*,*,#16171,.T.);
#16171 = EDGE_CURVE('',#16164,#16147,#16172,.T.);
#16172 = CIRCLE('',#16173,5.);
#16173 = AXIS2_PLACEMENT_3D('',#16174,#16175,#16176);
#16174 = CARTESIAN_POINT('',(350.,9.,542.));
#16175 = DIRECTION('',(0.,0.,1.));
#16176 = DIRECTION('',(1.,0.,0.));
#16177 = FACE_BOUND('',#16178,.T.);
#16178 = EDGE_LOOP('',(#16179,#16189,#16198,#16206));
#16179 = ORIENTED_EDGE('',*,*,#16180,.F.);
#16180 = EDGE_CURVE('',#16181,#16183,#16185,.T.);
#16181 = VERTEX_POINT('',#16182);
#16182 = CARTESIAN_POINT('',(350.,14.,720.));
#16183 = VERTEX_POINT('',#16184);
#16184 = CARTESIAN_POINT('',(350.,14.,732.));
#16185 = LINE('',#16186,#16187);
#16186 = CARTESIAN_POINT('',(350.,14.,120.));
#16187 = VECTOR('',#16188,1.);
#16188 = DIRECTION('',(0.,0.,1.));
#16189 = ORIENTED_EDGE('',*,*,#16190,.F.);
#16190 = EDGE_CURVE('',#16191,#16181,#16193,.T.);
#16191 = VERTEX_POINT('',#16192);
#16192 = CARTESIAN_POINT('',(354.33012701892,11.5,720.));
#16193 = CIRCLE('',#16194,5.);
#16194 = AXIS2_PLACEMENT_3D('',#16195,#16196,#16197);
#16195 = CARTESIAN_POINT('',(350.,9.,720.));
#16196 = DIRECTION('',(0.,0.,1.));
#16197 = DIRECTION('',(1.,0.,0.));
#16198 = ORIENTED_EDGE('',*,*,#16199,.T.);
#16199 = EDGE_CURVE('',#16191,#16200,#16202,.T.);
#16200 = VERTEX_POINT('',#16201);
#16201 = CARTESIAN_POINT('',(354.33012701892,11.5,732.));
#16202 = LINE('',#16203,#16204);
#16203 = CARTESIAN_POINT('',(354.33012701892,11.5,120.));
#16204 = VECTOR('',#16205,1.);
#16205 = DIRECTION('',(0.,0.,1.));
#16206 = ORIENTED_EDGE('',*,*,#16207,.T.);
#16207 = EDGE_CURVE('',#16200,#16183,#16208,.T.);
#16208 = CIRCLE('',#16209,5.);
#16209 = AXIS2_PLACEMENT_3D('',#16210,#16211,#16212);
#16210 = CARTESIAN_POINT('',(350.,9.,732.));
#16211 = DIRECTION('',(0.,0.,1.));
#16212 = DIRECTION('',(1.,0.,0.));
#16213 = CYLINDRICAL_SURFACE('',#16214,5.);
#16214 = AXIS2_PLACEMENT_3D('',#16215,#16216,#16217);
#16215 = CARTESIAN_POINT('',(350.,9.,120.));
#16216 = DIRECTION('',(0.,0.,1.));
#16217 = DIRECTION('',(1.,0.,0.));
#16218 = ADVANCED_FACE('',(#16219),#16269,.T.);
#16219 = FACE_BOUND('',#16220,.T.);
#16220 = EDGE_LOOP('',(#16221,#16231,#16239,#16247,#16253,#16254,#16255,
    #16263));
#16221 = ORIENTED_EDGE('',*,*,#16222,.F.);
#16222 = EDGE_CURVE('',#16223,#16225,#16227,.T.);
#16223 = VERTEX_POINT('',#16224);
#16224 = CARTESIAN_POINT('',(296.,27.,423.));
#16225 = VERTEX_POINT('',#16226);
#16226 = CARTESIAN_POINT('',(356.,27.,423.));
#16227 = LINE('',#16228,#16229);
#16228 = CARTESIAN_POINT('',(296.,27.,423.));
#16229 = VECTOR('',#16230,1.);
#16230 = DIRECTION('',(1.,0.,0.));
#16231 = ORIENTED_EDGE('',*,*,#16232,.F.);
#16232 = EDGE_CURVE('',#16233,#16223,#16235,.T.);
#16233 = VERTEX_POINT('',#16234);
#16234 = CARTESIAN_POINT('',(296.,17.,423.));
#16235 = LINE('',#16236,#16237);
#16236 = CARTESIAN_POINT('',(296.,17.,423.));
#16237 = VECTOR('',#16238,1.);
#16238 = DIRECTION('',(0.,1.,0.));
#16239 = ORIENTED_EDGE('',*,*,#16240,.T.);
#16240 = EDGE_CURVE('',#16233,#16241,#16243,.T.);
#16241 = VERTEX_POINT('',#16242);
#16242 = CARTESIAN_POINT('',(345.,17.,423.));
#16243 = LINE('',#16244,#16245);
#16244 = CARTESIAN_POINT('',(296.,17.,423.));
#16245 = VECTOR('',#16246,1.);
#16246 = DIRECTION('',(1.,0.,0.));
#16247 = ORIENTED_EDGE('',*,*,#16248,.F.);
#16248 = EDGE_CURVE('',#16118,#16241,#16249,.T.);
#16249 = LINE('',#16250,#16251);
#16250 = CARTESIAN_POINT('',(345.,4.,423.));
#16251 = VECTOR('',#16252,1.);
#16252 = DIRECTION('',(0.,1.,0.));
#16253 = ORIENTED_EDGE('',*,*,#16117,.F.);
#16254 = ORIENTED_EDGE('',*,*,#16135,.F.);
#16255 = ORIENTED_EDGE('',*,*,#16256,.T.);
#16256 = EDGE_CURVE('',#16127,#16257,#16259,.T.);
#16257 = VERTEX_POINT('',#16258);
#16258 = CARTESIAN_POINT('',(356.,4.,423.));
#16259 = LINE('',#16260,#16261);
#16260 = CARTESIAN_POINT('',(345.,4.,423.));
#16261 = VECTOR('',#16262,1.);
#16262 = DIRECTION('',(1.,0.,0.));
#16263 = ORIENTED_EDGE('',*,*,#16264,.T.);
#16264 = EDGE_CURVE('',#16257,#16225,#16265,.T.);
#16265 = LINE('',#16266,#16267);
#16266 = CARTESIAN_POINT('',(356.,4.,423.));
#16267 = VECTOR('',#16268,1.);
#16268 = DIRECTION('',(0.,1.,0.));
#16269 = PLANE('',#16270);
#16270 = AXIS2_PLACEMENT_3D('',#16271,#16272,#16273);
#16271 = CARTESIAN_POINT('',(329.83734939759,19.33734939759,423.));
#16272 = DIRECTION('',(0.,0.,1.));
#16273 = DIRECTION('',(1.,0.,0.));
#16274 = ADVANCED_FACE('',(#16275),#16292,.T.);
#16275 = FACE_BOUND('',#16276,.T.);
#16276 = EDGE_LOOP('',(#16277,#16278,#16286));
#16277 = ORIENTED_EDGE('',*,*,#16126,.F.);
#16278 = ORIENTED_EDGE('',*,*,#16279,.F.);
#16279 = EDGE_CURVE('',#16280,#16118,#16282,.T.);
#16280 = VERTEX_POINT('',#16281);
#16281 = CARTESIAN_POINT('',(345.,4.,423.));
#16282 = LINE('',#16283,#16284);
#16283 = CARTESIAN_POINT('',(345.,4.,423.));
#16284 = VECTOR('',#16285,1.);
#16285 = DIRECTION('',(0.,1.,0.));
#16286 = ORIENTED_EDGE('',*,*,#16287,.T.);
#16287 = EDGE_CURVE('',#16280,#16127,#16288,.T.);
#16288 = LINE('',#16289,#16290);
#16289 = CARTESIAN_POINT('',(345.,4.,423.));
#16290 = VECTOR('',#16291,1.);
#16291 = DIRECTION('',(1.,0.,0.));
#16292 = PLANE('',#16293);
#16293 = AXIS2_PLACEMENT_3D('',#16294,#16295,#16296);
#16294 = CARTESIAN_POINT('',(329.83734939759,19.33734939759,423.));
#16295 = DIRECTION('',(0.,0.,1.));
#16296 = DIRECTION('',(1.,0.,0.));
#16297 = ADVANCED_FACE('',(#16298),#16301,.T.);
#16298 = FACE_BOUND('',#16299,.T.);
#16299 = EDGE_LOOP('',(#16300));
#16300 = ORIENTED_EDGE('',*,*,#16109,.T.);
#16301 = PLANE('',#16302);
#16302 = AXIS2_PLACEMENT_3D('',#16303,#16304,#16305);
#16303 = CARTESIAN_POINT('',(350.,9.,735.));
#16304 = DIRECTION('',(0.,0.,1.));
#16305 = DIRECTION('',(1.,0.,0.));
#16306 = ADVANCED_FACE('',(#16307),#16332,.F.);
#16307 = FACE_BOUND('',#16308,.F.);
#16308 = EDGE_LOOP('',(#16309,#16317,#16318,#16326));
#16309 = ORIENTED_EDGE('',*,*,#16310,.F.);
#16310 = EDGE_CURVE('',#16147,#16311,#16313,.T.);
#16311 = VERTEX_POINT('',#16312);
#16312 = CARTESIAN_POINT('',(350.,23.5,542.));
#16313 = LINE('',#16314,#16315);
#16314 = CARTESIAN_POINT('',(350.,11.5,542.));
#16315 = VECTOR('',#16316,1.);
#16316 = DIRECTION('',(0.,1.,0.));
#16317 = ORIENTED_EDGE('',*,*,#16144,.F.);
#16318 = ORIENTED_EDGE('',*,*,#16319,.T.);
#16319 = EDGE_CURVE('',#16145,#16320,#16322,.T.);
#16320 = VERTEX_POINT('',#16321);
#16321 = CARTESIAN_POINT('',(350.,23.5,530.));
#16322 = LINE('',#16323,#16324);
#16323 = CARTESIAN_POINT('',(350.,11.5,530.));
#16324 = VECTOR('',#16325,1.);
#16325 = DIRECTION('',(0.,1.,0.));
#16326 = ORIENTED_EDGE('',*,*,#16327,.T.);
#16327 = EDGE_CURVE('',#16320,#16311,#16328,.T.);
#16328 = LINE('',#16329,#16330);
#16329 = CARTESIAN_POINT('',(350.,23.5,530.));
#16330 = VECTOR('',#16331,1.);
#16331 = DIRECTION('',(0.,0.,1.));
#16332 = PLANE('',#16333);
#16333 = AXIS2_PLACEMENT_3D('',#16334,#16335,#16336);
#16334 = CARTESIAN_POINT('',(350.,11.5,530.));
#16335 = DIRECTION('',(1.,0.,0.));
#16336 = DIRECTION('',(0.,0.,1.));
#16337 = ADVANCED_FACE('',(#16338),#16364,.F.);
#16338 = FACE_BOUND('',#16339,.F.);
#16339 = EDGE_LOOP('',(#16340,#16341,#16342,#16350,#16358));
#16340 = ORIENTED_EDGE('',*,*,#16319,.F.);
#16341 = ORIENTED_EDGE('',*,*,#16154,.F.);
#16342 = ORIENTED_EDGE('',*,*,#16343,.T.);
#16343 = EDGE_CURVE('',#16155,#16344,#16346,.T.);
#16344 = VERTEX_POINT('',#16345);
#16345 = CARTESIAN_POINT('',(372.,11.5,530.));
#16346 = LINE('',#16347,#16348);
#16347 = CARTESIAN_POINT('',(350.,11.5,530.));
#16348 = VECTOR('',#16349,1.);
#16349 = DIRECTION('',(1.,0.,0.));
#16350 = ORIENTED_EDGE('',*,*,#16351,.T.);
#16351 = EDGE_CURVE('',#16344,#16352,#16354,.T.);
#16352 = VERTEX_POINT('',#16353);
#16353 = CARTESIAN_POINT('',(372.,23.5,530.));
#16354 = LINE('',#16355,#16356);
#16355 = CARTESIAN_POINT('',(372.,11.5,530.));
#16356 = VECTOR('',#16357,1.);
#16357 = DIRECTION('',(0.,1.,0.));
#16358 = ORIENTED_EDGE('',*,*,#16359,.F.);
#16359 = EDGE_CURVE('',#16320,#16352,#16360,.T.);
#16360 = LINE('',#16361,#16362);
#16361 = CARTESIAN_POINT('',(350.,23.5,530.));
#16362 = VECTOR('',#16363,1.);
#16363 = DIRECTION('',(1.,0.,0.));
#16364 = PLANE('',#16365);
#16365 = AXIS2_PLACEMENT_3D('',#16366,#16367,#16368);
#16366 = CARTESIAN_POINT('',(350.,11.5,530.));
#16367 = DIRECTION('',(0.,0.,1.));
#16368 = DIRECTION('',(1.,0.,0.));
#16369 = ADVANCED_FACE('',(#16370),#16396,.T.);
#16370 = FACE_BOUND('',#16371,.T.);
#16371 = EDGE_LOOP('',(#16372,#16373,#16374,#16382,#16390));
#16372 = ORIENTED_EDGE('',*,*,#16310,.F.);
#16373 = ORIENTED_EDGE('',*,*,#16171,.F.);
#16374 = ORIENTED_EDGE('',*,*,#16375,.T.);
#16375 = EDGE_CURVE('',#16164,#16376,#16378,.T.);
#16376 = VERTEX_POINT('',#16377);
#16377 = CARTESIAN_POINT('',(372.,11.5,542.));
#16378 = LINE('',#16379,#16380);
#16379 = CARTESIAN_POINT('',(350.,11.5,542.));
#16380 = VECTOR('',#16381,1.);
#16381 = DIRECTION('',(1.,0.,0.));
#16382 = ORIENTED_EDGE('',*,*,#16383,.T.);
#16383 = EDGE_CURVE('',#16376,#16384,#16386,.T.);
#16384 = VERTEX_POINT('',#16385);
#16385 = CARTESIAN_POINT('',(372.,23.5,542.));
#16386 = LINE('',#16387,#16388);
#16387 = CARTESIAN_POINT('',(372.,11.5,542.));
#16388 = VECTOR('',#16389,1.);
#16389 = DIRECTION('',(0.,1.,0.));
#16390 = ORIENTED_EDGE('',*,*,#16391,.F.);
#16391 = EDGE_CURVE('',#16311,#16384,#16392,.T.);
#16392 = LINE('',#16393,#16394);
#16393 = CARTESIAN_POINT('',(350.,23.5,542.));
#16394 = VECTOR('',#16395,1.);
#16395 = DIRECTION('',(1.,0.,0.));
#16396 = PLANE('',#16397);
#16397 = AXIS2_PLACEMENT_3D('',#16398,#16399,#16400);
#16398 = CARTESIAN_POINT('',(350.,11.5,542.));
#16399 = DIRECTION('',(0.,0.,1.));
#16400 = DIRECTION('',(1.,0.,0.));
#16401 = ADVANCED_FACE('',(#16402),#16413,.F.);
#16402 = FACE_BOUND('',#16403,.F.);
#16403 = EDGE_LOOP('',(#16404,#16405,#16406,#16407));
#16404 = ORIENTED_EDGE('',*,*,#16343,.F.);
#16405 = ORIENTED_EDGE('',*,*,#16163,.T.);
#16406 = ORIENTED_EDGE('',*,*,#16375,.T.);
#16407 = ORIENTED_EDGE('',*,*,#16408,.F.);
#16408 = EDGE_CURVE('',#16344,#16376,#16409,.T.);
#16409 = LINE('',#16410,#16411);
#16410 = CARTESIAN_POINT('',(372.,11.5,530.));
#16411 = VECTOR('',#16412,1.);
#16412 = DIRECTION('',(0.,0.,1.));
#16413 = PLANE('',#16414);
#16414 = AXIS2_PLACEMENT_3D('',#16415,#16416,#16417);
#16415 = CARTESIAN_POINT('',(350.,11.5,530.));
#16416 = DIRECTION('',(0.,1.,0.));
#16417 = DIRECTION('',(0.,0.,1.));
#16418 = ADVANCED_FACE('',(#16419),#16444,.F.);
#16419 = FACE_BOUND('',#16420,.F.);
#16420 = EDGE_LOOP('',(#16421,#16429,#16430,#16438));
#16421 = ORIENTED_EDGE('',*,*,#16422,.F.);
#16422 = EDGE_CURVE('',#16183,#16423,#16425,.T.);
#16423 = VERTEX_POINT('',#16424);
#16424 = CARTESIAN_POINT('',(350.,23.5,732.));
#16425 = LINE('',#16426,#16427);
#16426 = CARTESIAN_POINT('',(350.,11.5,732.));
#16427 = VECTOR('',#16428,1.);
#16428 = DIRECTION('',(0.,1.,0.));
#16429 = ORIENTED_EDGE('',*,*,#16180,.F.);
#16430 = ORIENTED_EDGE('',*,*,#16431,.T.);
#16431 = EDGE_CURVE('',#16181,#16432,#16434,.T.);
#16432 = VERTEX_POINT('',#16433);
#16433 = CARTESIAN_POINT('',(350.,23.5,720.));
#16434 = LINE('',#16435,#16436);
#16435 = CARTESIAN_POINT('',(350.,11.5,720.));
#16436 = VECTOR('',#16437,1.);
#16437 = DIRECTION('',(0.,1.,0.));
#16438 = ORIENTED_EDGE('',*,*,#16439,.T.);
#16439 = EDGE_CURVE('',#16432,#16423,#16440,.T.);
#16440 = LINE('',#16441,#16442);
#16441 = CARTESIAN_POINT('',(350.,23.5,720.));
#16442 = VECTOR('',#16443,1.);
#16443 = DIRECTION('',(0.,0.,1.));
#16444 = PLANE('',#16445);
#16445 = AXIS2_PLACEMENT_3D('',#16446,#16447,#16448);
#16446 = CARTESIAN_POINT('',(350.,11.5,720.));
#16447 = DIRECTION('',(1.,0.,0.));
#16448 = DIRECTION('',(0.,0.,1.));
#16449 = ADVANCED_FACE('',(#16450),#16476,.F.);
#16450 = FACE_BOUND('',#16451,.F.);
#16451 = EDGE_LOOP('',(#16452,#16453,#16454,#16462,#16470));
#16452 = ORIENTED_EDGE('',*,*,#16431,.F.);
#16453 = ORIENTED_EDGE('',*,*,#16190,.F.);
#16454 = ORIENTED_EDGE('',*,*,#16455,.T.);
#16455 = EDGE_CURVE('',#16191,#16456,#16458,.T.);
#16456 = VERTEX_POINT('',#16457);
#16457 = CARTESIAN_POINT('',(372.,11.5,720.));
#16458 = LINE('',#16459,#16460);
#16459 = CARTESIAN_POINT('',(350.,11.5,720.));
#16460 = VECTOR('',#16461,1.);
#16461 = DIRECTION('',(1.,0.,0.));
#16462 = ORIENTED_EDGE('',*,*,#16463,.T.);
#16463 = EDGE_CURVE('',#16456,#16464,#16466,.T.);
#16464 = VERTEX_POINT('',#16465);
#16465 = CARTESIAN_POINT('',(372.,23.5,720.));
#16466 = LINE('',#16467,#16468);
#16467 = CARTESIAN_POINT('',(372.,11.5,720.));
#16468 = VECTOR('',#16469,1.);
#16469 = DIRECTION('',(0.,1.,0.));
#16470 = ORIENTED_EDGE('',*,*,#16471,.F.);
#16471 = EDGE_CURVE('',#16432,#16464,#16472,.T.);
#16472 = LINE('',#16473,#16474);
#16473 = CARTESIAN_POINT('',(350.,23.5,720.));
#16474 = VECTOR('',#16475,1.);
#16475 = DIRECTION('',(1.,0.,0.));
#16476 = PLANE('',#16477);
#16477 = AXIS2_PLACEMENT_3D('',#16478,#16479,#16480);
#16478 = CARTESIAN_POINT('',(350.,11.5,720.));
#16479 = DIRECTION('',(0.,0.,1.));
#16480 = DIRECTION('',(1.,0.,0.));
#16481 = ADVANCED_FACE('',(#16482),#16508,.T.);
#16482 = FACE_BOUND('',#16483,.T.);
#16483 = EDGE_LOOP('',(#16484,#16485,#16486,#16494,#16502));
#16484 = ORIENTED_EDGE('',*,*,#16422,.F.);
#16485 = ORIENTED_EDGE('',*,*,#16207,.F.);
#16486 = ORIENTED_EDGE('',*,*,#16487,.T.);
#16487 = EDGE_CURVE('',#16200,#16488,#16490,.T.);
#16488 = VERTEX_POINT('',#16489);
#16489 = CARTESIAN_POINT('',(372.,11.5,732.));
#16490 = LINE('',#16491,#16492);
#16491 = CARTESIAN_POINT('',(350.,11.5,732.));
#16492 = VECTOR('',#16493,1.);
#16493 = DIRECTION('',(1.,0.,0.));
#16494 = ORIENTED_EDGE('',*,*,#16495,.T.);
#16495 = EDGE_CURVE('',#16488,#16496,#16498,.T.);
#16496 = VERTEX_POINT('',#16497);
#16497 = CARTESIAN_POINT('',(372.,23.5,732.));
#16498 = LINE('',#16499,#16500);
#16499 = CARTESIAN_POINT('',(372.,11.5,732.));
#16500 = VECTOR('',#16501,1.);
#16501 = DIRECTION('',(0.,1.,0.));
#16502 = ORIENTED_EDGE('',*,*,#16503,.F.);
#16503 = EDGE_CURVE('',#16423,#16496,#16504,.T.);
#16504 = LINE('',#16505,#16506);
#16505 = CARTESIAN_POINT('',(350.,23.5,732.));
#16506 = VECTOR('',#16507,1.);
#16507 = DIRECTION('',(1.,0.,0.));
#16508 = PLANE('',#16509);
#16509 = AXIS2_PLACEMENT_3D('',#16510,#16511,#16512);
#16510 = CARTESIAN_POINT('',(350.,11.5,732.));
#16511 = DIRECTION('',(0.,0.,1.));
#16512 = DIRECTION('',(1.,0.,0.));
#16513 = ADVANCED_FACE('',(#16514),#16525,.F.);
#16514 = FACE_BOUND('',#16515,.F.);
#16515 = EDGE_LOOP('',(#16516,#16517,#16518,#16519));
#16516 = ORIENTED_EDGE('',*,*,#16455,.F.);
#16517 = ORIENTED_EDGE('',*,*,#16199,.T.);
#16518 = ORIENTED_EDGE('',*,*,#16487,.T.);
#16519 = ORIENTED_EDGE('',*,*,#16520,.F.);
#16520 = EDGE_CURVE('',#16456,#16488,#16521,.T.);
#16521 = LINE('',#16522,#16523);
#16522 = CARTESIAN_POINT('',(372.,11.5,720.));
#16523 = VECTOR('',#16524,1.);
#16524 = DIRECTION('',(0.,0.,1.));
#16525 = PLANE('',#16526);
#16526 = AXIS2_PLACEMENT_3D('',#16527,#16528,#16529);
#16527 = CARTESIAN_POINT('',(350.,11.5,720.));
#16528 = DIRECTION('',(0.,1.,0.));
#16529 = DIRECTION('',(0.,0.,1.));
#16530 = ADVANCED_FACE('',(#16531),#16556,.T.);
#16531 = FACE_BOUND('',#16532,.T.);
#16532 = EDGE_LOOP('',(#16533,#16543,#16549,#16550));
#16533 = ORIENTED_EDGE('',*,*,#16534,.F.);
#16534 = EDGE_CURVE('',#16535,#16537,#16539,.T.);
#16535 = VERTEX_POINT('',#16536);
#16536 = CARTESIAN_POINT('',(296.,27.,417.5));
#16537 = VERTEX_POINT('',#16538);
#16538 = CARTESIAN_POINT('',(356.,27.,417.5));
#16539 = LINE('',#16540,#16541);
#16540 = CARTESIAN_POINT('',(295.,27.,417.5));
#16541 = VECTOR('',#16542,1.);
#16542 = DIRECTION('',(1.,0.,0.));
#16543 = ORIENTED_EDGE('',*,*,#16544,.T.);
#16544 = EDGE_CURVE('',#16535,#16223,#16545,.T.);
#16545 = LINE('',#16546,#16547);
#16546 = CARTESIAN_POINT('',(296.,27.,403.));
#16547 = VECTOR('',#16548,1.);
#16548 = DIRECTION('',(0.,0.,1.));
#16549 = ORIENTED_EDGE('',*,*,#16222,.T.);
#16550 = ORIENTED_EDGE('',*,*,#16551,.F.);
#16551 = EDGE_CURVE('',#16537,#16225,#16552,.T.);
#16552 = LINE('',#16553,#16554);
#16553 = CARTESIAN_POINT('',(356.,27.,403.));
#16554 = VECTOR('',#16555,1.);
#16555 = DIRECTION('',(0.,0.,1.));
#16556 = PLANE('',#16557);
#16557 = AXIS2_PLACEMENT_3D('',#16558,#16559,#16560);
#16558 = CARTESIAN_POINT('',(296.,27.,403.));
#16559 = DIRECTION('',(0.,1.,0.));
#16560 = DIRECTION('',(0.,0.,1.));
#16561 = ADVANCED_FACE('',(#16562),#16612,.T.);
#16562 = FACE_BOUND('',#16563,.T.);
#16563 = EDGE_LOOP('',(#16564,#16565,#16573,#16581,#16589,#16597,#16605,
    #16611));
#16564 = ORIENTED_EDGE('',*,*,#16264,.F.);
#16565 = ORIENTED_EDGE('',*,*,#16566,.F.);
#16566 = EDGE_CURVE('',#16567,#16257,#16569,.T.);
#16567 = VERTEX_POINT('',#16568);
#16568 = CARTESIAN_POINT('',(356.,4.,403.));
#16569 = LINE('',#16570,#16571);
#16570 = CARTESIAN_POINT('',(356.,4.,403.));
#16571 = VECTOR('',#16572,1.);
#16572 = DIRECTION('',(0.,0.,1.));
#16573 = ORIENTED_EDGE('',*,*,#16574,.T.);
#16574 = EDGE_CURVE('',#16567,#16575,#16577,.T.);
#16575 = VERTEX_POINT('',#16576);
#16576 = CARTESIAN_POINT('',(356.,27.,403.));
#16577 = LINE('',#16578,#16579);
#16578 = CARTESIAN_POINT('',(356.,17.,403.));
#16579 = VECTOR('',#16580,1.);
#16580 = DIRECTION('',(0.,1.,0.));
#16581 = ORIENTED_EDGE('',*,*,#16582,.T.);
#16582 = EDGE_CURVE('',#16575,#16583,#16585,.T.);
#16583 = VERTEX_POINT('',#16584);
#16584 = CARTESIAN_POINT('',(356.,27.,408.5));
#16585 = LINE('',#16586,#16587);
#16586 = CARTESIAN_POINT('',(356.,27.,403.));
#16587 = VECTOR('',#16588,1.);
#16588 = DIRECTION('',(0.,0.,1.));
#16589 = ORIENTED_EDGE('',*,*,#16590,.T.);
#16590 = EDGE_CURVE('',#16583,#16591,#16593,.T.);
#16591 = VERTEX_POINT('',#16592);
#16592 = CARTESIAN_POINT('',(356.,15.,408.5));
#16593 = LINE('',#16594,#16595);
#16594 = CARTESIAN_POINT('',(356.,15.25,408.5));
#16595 = VECTOR('',#16596,1.);
#16596 = DIRECTION('',(0.,-1.,0.));
#16597 = ORIENTED_EDGE('',*,*,#16598,.T.);
#16598 = EDGE_CURVE('',#16591,#16599,#16601,.T.);
#16599 = VERTEX_POINT('',#16600);
#16600 = CARTESIAN_POINT('',(356.,15.,417.5));
#16601 = LINE('',#16602,#16603);
#16602 = CARTESIAN_POINT('',(356.,15.,410.75));
#16603 = VECTOR('',#16604,1.);
#16604 = DIRECTION('',(0.,0.,1.));
#16605 = ORIENTED_EDGE('',*,*,#16606,.F.);
#16606 = EDGE_CURVE('',#16537,#16599,#16607,.T.);
#16607 = LINE('',#16608,#16609);
#16608 = CARTESIAN_POINT('',(356.,15.25,417.5));
#16609 = VECTOR('',#16610,1.);
#16610 = DIRECTION('',(0.,-1.,0.));
#16611 = ORIENTED_EDGE('',*,*,#16551,.T.);
#16612 = PLANE('',#16613);
#16613 = AXIS2_PLACEMENT_3D('',#16614,#16615,#16616);
#16614 = CARTESIAN_POINT('',(356.,15.5,413.));
#16615 = DIRECTION('',(1.,0.,0.));
#16616 = DIRECTION('',(0.,0.,1.));
#16617 = ADVANCED_FACE('',(#16618),#16643,.F.);
#16618 = FACE_BOUND('',#16619,.F.);
#16619 = EDGE_LOOP('',(#16620,#16630,#16636,#16637));
#16620 = ORIENTED_EDGE('',*,*,#16621,.F.);
#16621 = EDGE_CURVE('',#16622,#16624,#16626,.T.);
#16622 = VERTEX_POINT('',#16623);
#16623 = CARTESIAN_POINT('',(296.,17.,417.5));
#16624 = VERTEX_POINT('',#16625);
#16625 = CARTESIAN_POINT('',(345.,17.,417.5));
#16626 = LINE('',#16627,#16628);
#16627 = CARTESIAN_POINT('',(295.,17.,417.5));
#16628 = VECTOR('',#16629,1.);
#16629 = DIRECTION('',(1.,0.,0.));
#16630 = ORIENTED_EDGE('',*,*,#16631,.T.);
#16631 = EDGE_CURVE('',#16622,#16233,#16632,.T.);
#16632 = LINE('',#16633,#16634);
#16633 = CARTESIAN_POINT('',(296.,17.,403.));
#16634 = VECTOR('',#16635,1.);
#16635 = DIRECTION('',(0.,0.,1.));
#16636 = ORIENTED_EDGE('',*,*,#16240,.T.);
#16637 = ORIENTED_EDGE('',*,*,#16638,.T.);
#16638 = EDGE_CURVE('',#16241,#16624,#16639,.T.);
#16639 = LINE('',#16640,#16641);
#16640 = CARTESIAN_POINT('',(345.,17.,403.));
#16641 = VECTOR('',#16642,1.);
#16642 = DIRECTION('',(0.,0.,-1.));
#16643 = PLANE('',#16644);
#16644 = AXIS2_PLACEMENT_3D('',#16645,#16646,#16647);
#16645 = CARTESIAN_POINT('',(296.,17.,403.));
#16646 = DIRECTION('',(0.,1.,0.));
#16647 = DIRECTION('',(0.,0.,1.));
#16648 = ADVANCED_FACE('',(#16649),#16660,.F.);
#16649 = FACE_BOUND('',#16650,.F.);
#16650 = EDGE_LOOP('',(#16651,#16652,#16658,#16659));
#16651 = ORIENTED_EDGE('',*,*,#16631,.F.);
#16652 = ORIENTED_EDGE('',*,*,#16653,.F.);
#16653 = EDGE_CURVE('',#16535,#16622,#16654,.T.);
#16654 = LINE('',#16655,#16656);
#16655 = CARTESIAN_POINT('',(296.,16.,417.5));
#16656 = VECTOR('',#16657,1.);
#16657 = DIRECTION('',(0.,-1.,0.));
#16658 = ORIENTED_EDGE('',*,*,#16544,.T.);
#16659 = ORIENTED_EDGE('',*,*,#16232,.F.);
#16660 = PLANE('',#16661);
#16661 = AXIS2_PLACEMENT_3D('',#16662,#16663,#16664);
#16662 = CARTESIAN_POINT('',(296.,17.,403.));
#16663 = DIRECTION('',(1.,0.,0.));
#16664 = DIRECTION('',(0.,0.,1.));
#16665 = ADVANCED_FACE('',(#16666),#16677,.T.);
#16666 = FACE_BOUND('',#16667,.T.);
#16667 = EDGE_LOOP('',(#16668,#16669,#16670,#16671));
#16668 = ORIENTED_EDGE('',*,*,#16359,.F.);
#16669 = ORIENTED_EDGE('',*,*,#16327,.T.);
#16670 = ORIENTED_EDGE('',*,*,#16391,.T.);
#16671 = ORIENTED_EDGE('',*,*,#16672,.F.);
#16672 = EDGE_CURVE('',#16352,#16384,#16673,.T.);
#16673 = LINE('',#16674,#16675);
#16674 = CARTESIAN_POINT('',(372.,23.5,530.));
#16675 = VECTOR('',#16676,1.);
#16676 = DIRECTION('',(0.,0.,1.));
#16677 = PLANE('',#16678);
#16678 = AXIS2_PLACEMENT_3D('',#16679,#16680,#16681);
#16679 = CARTESIAN_POINT('',(350.,23.5,530.));
#16680 = DIRECTION('',(0.,1.,0.));
#16681 = DIRECTION('',(0.,0.,1.));
#16682 = ADVANCED_FACE('',(#16683),#16689,.T.);
#16683 = FACE_BOUND('',#16684,.T.);
#16684 = EDGE_LOOP('',(#16685,#16686,#16687,#16688));
#16685 = ORIENTED_EDGE('',*,*,#16408,.F.);
#16686 = ORIENTED_EDGE('',*,*,#16351,.T.);
#16687 = ORIENTED_EDGE('',*,*,#16672,.T.);
#16688 = ORIENTED_EDGE('',*,*,#16383,.F.);
#16689 = PLANE('',#16690);
#16690 = AXIS2_PLACEMENT_3D('',#16691,#16692,#16693);
#16691 = CARTESIAN_POINT('',(372.,11.5,530.));
#16692 = DIRECTION('',(1.,0.,0.));
#16693 = DIRECTION('',(0.,0.,1.));
#16694 = ADVANCED_FACE('',(#16695),#16706,.T.);
#16695 = FACE_BOUND('',#16696,.T.);
#16696 = EDGE_LOOP('',(#16697,#16698,#16699,#16700));
#16697 = ORIENTED_EDGE('',*,*,#16471,.F.);
#16698 = ORIENTED_EDGE('',*,*,#16439,.T.);
#16699 = ORIENTED_EDGE('',*,*,#16503,.T.);
#16700 = ORIENTED_EDGE('',*,*,#16701,.F.);
#16701 = EDGE_CURVE('',#16464,#16496,#16702,.T.);
#16702 = LINE('',#16703,#16704);
#16703 = CARTESIAN_POINT('',(372.,23.5,720.));
#16704 = VECTOR('',#16705,1.);
#16705 = DIRECTION('',(0.,0.,1.));
#16706 = PLANE('',#16707);
#16707 = AXIS2_PLACEMENT_3D('',#16708,#16709,#16710);
#16708 = CARTESIAN_POINT('',(350.,23.5,720.));
#16709 = DIRECTION('',(0.,1.,0.));
#16710 = DIRECTION('',(0.,0.,1.));
#16711 = ADVANCED_FACE('',(#16712),#16718,.T.);
#16712 = FACE_BOUND('',#16713,.T.);
#16713 = EDGE_LOOP('',(#16714,#16715,#16716,#16717));
#16714 = ORIENTED_EDGE('',*,*,#16520,.F.);
#16715 = ORIENTED_EDGE('',*,*,#16463,.T.);
#16716 = ORIENTED_EDGE('',*,*,#16701,.T.);
#16717 = ORIENTED_EDGE('',*,*,#16495,.F.);
#16718 = PLANE('',#16719);
#16719 = AXIS2_PLACEMENT_3D('',#16720,#16721,#16722);
#16720 = CARTESIAN_POINT('',(372.,11.5,720.));
#16721 = DIRECTION('',(1.,0.,0.));
#16722 = DIRECTION('',(0.,0.,1.));
#16723 = ADVANCED_FACE('',(#16724),#16744,.F.);
#16724 = FACE_BOUND('',#16725,.F.);
#16725 = EDGE_LOOP('',(#16726,#16734,#16740,#16741,#16742,#16743));
#16726 = ORIENTED_EDGE('',*,*,#16727,.T.);
#16727 = EDGE_CURVE('',#16624,#16728,#16730,.T.);
#16728 = VERTEX_POINT('',#16729);
#16729 = CARTESIAN_POINT('',(345.,15.,417.5));
#16730 = LINE('',#16731,#16732);
#16731 = CARTESIAN_POINT('',(345.,9.5,417.5));
#16732 = VECTOR('',#16733,1.);
#16733 = DIRECTION('',(0.,-1.,0.));
#16734 = ORIENTED_EDGE('',*,*,#16735,.T.);
#16735 = EDGE_CURVE('',#16728,#16599,#16736,.T.);
#16736 = LINE('',#16737,#16738);
#16737 = CARTESIAN_POINT('',(294.,15.,417.5));
#16738 = VECTOR('',#16739,1.);
#16739 = DIRECTION('',(1.,0.,0.));
#16740 = ORIENTED_EDGE('',*,*,#16606,.F.);
#16741 = ORIENTED_EDGE('',*,*,#16534,.F.);
#16742 = ORIENTED_EDGE('',*,*,#16653,.T.);
#16743 = ORIENTED_EDGE('',*,*,#16621,.T.);
#16744 = PLANE('',#16745);
#16745 = AXIS2_PLACEMENT_3D('',#16746,#16747,#16748);
#16746 = CARTESIAN_POINT('',(294.,15.,417.5));
#16747 = DIRECTION('',(0.,0.,1.));
#16748 = DIRECTION('',(1.,0.,0.));
#16749 = ADVANCED_FACE('',(#16750),#16768,.T.);
#16750 = FACE_BOUND('',#16751,.T.);
#16751 = EDGE_LOOP('',(#16752,#16760,#16766,#16767));
#16752 = ORIENTED_EDGE('',*,*,#16753,.F.);
#16753 = EDGE_CURVE('',#16754,#16591,#16756,.T.);
#16754 = VERTEX_POINT('',#16755);
#16755 = CARTESIAN_POINT('',(345.,15.,408.5));
#16756 = LINE('',#16757,#16758);
#16757 = CARTESIAN_POINT('',(294.,15.,408.5));
#16758 = VECTOR('',#16759,1.);
#16759 = DIRECTION('',(1.,0.,0.));
#16760 = ORIENTED_EDGE('',*,*,#16761,.T.);
#16761 = EDGE_CURVE('',#16754,#16728,#16762,.T.);
#16762 = LINE('',#16763,#16764);
#16763 = CARTESIAN_POINT('',(345.,15.,405.75));
#16764 = VECTOR('',#16765,1.);
#16765 = DIRECTION('',(0.,0.,1.));
#16766 = ORIENTED_EDGE('',*,*,#16735,.T.);
#16767 = ORIENTED_EDGE('',*,*,#16598,.F.);
#16768 = PLANE('',#16769);
#16769 = AXIS2_PLACEMENT_3D('',#16770,#16771,#16772);
#16770 = CARTESIAN_POINT('',(294.,15.,408.5));
#16771 = DIRECTION('',(0.,1.,0.));
#16772 = DIRECTION('',(0.,0.,1.));
#16773 = ADVANCED_FACE('',(#16774),#16808,.T.);
#16774 = FACE_BOUND('',#16775,.T.);
#16775 = EDGE_LOOP('',(#16776,#16784,#16785,#16786,#16794,#16802));
#16776 = ORIENTED_EDGE('',*,*,#16777,.T.);
#16777 = EDGE_CURVE('',#16778,#16754,#16780,.T.);
#16778 = VERTEX_POINT('',#16779);
#16779 = CARTESIAN_POINT('',(345.,17.,408.5));
#16780 = LINE('',#16781,#16782);
#16781 = CARTESIAN_POINT('',(345.,9.5,408.5));
#16782 = VECTOR('',#16783,1.);
#16783 = DIRECTION('',(0.,-1.,0.));
#16784 = ORIENTED_EDGE('',*,*,#16753,.T.);
#16785 = ORIENTED_EDGE('',*,*,#16590,.F.);
#16786 = ORIENTED_EDGE('',*,*,#16787,.F.);
#16787 = EDGE_CURVE('',#16788,#16583,#16790,.T.);
#16788 = VERTEX_POINT('',#16789);
#16789 = CARTESIAN_POINT('',(296.,27.,408.5));
#16790 = LINE('',#16791,#16792);
#16791 = CARTESIAN_POINT('',(295.,27.,408.5));
#16792 = VECTOR('',#16793,1.);
#16793 = DIRECTION('',(1.,0.,0.));
#16794 = ORIENTED_EDGE('',*,*,#16795,.T.);
#16795 = EDGE_CURVE('',#16788,#16796,#16798,.T.);
#16796 = VERTEX_POINT('',#16797);
#16797 = CARTESIAN_POINT('',(296.,17.,408.5));
#16798 = LINE('',#16799,#16800);
#16799 = CARTESIAN_POINT('',(296.,16.,408.5));
#16800 = VECTOR('',#16801,1.);
#16801 = DIRECTION('',(0.,-1.,0.));
#16802 = ORIENTED_EDGE('',*,*,#16803,.T.);
#16803 = EDGE_CURVE('',#16796,#16778,#16804,.T.);
#16804 = LINE('',#16805,#16806);
#16805 = CARTESIAN_POINT('',(295.,17.,408.5));
#16806 = VECTOR('',#16807,1.);
#16807 = DIRECTION('',(1.,0.,0.));
#16808 = PLANE('',#16809);
#16809 = AXIS2_PLACEMENT_3D('',#16810,#16811,#16812);
#16810 = CARTESIAN_POINT('',(294.,15.,408.5));
#16811 = DIRECTION('',(0.,0.,1.));
#16812 = DIRECTION('',(1.,0.,0.));
#16813 = ADVANCED_FACE('',(#16814),#16832,.T.);
#16814 = FACE_BOUND('',#16815,.T.);
#16815 = EDGE_LOOP('',(#16816,#16824,#16830,#16831));
#16816 = ORIENTED_EDGE('',*,*,#16817,.F.);
#16817 = EDGE_CURVE('',#16818,#16575,#16820,.T.);
#16818 = VERTEX_POINT('',#16819);
#16819 = CARTESIAN_POINT('',(296.,27.,403.));
#16820 = LINE('',#16821,#16822);
#16821 = CARTESIAN_POINT('',(296.,27.,403.));
#16822 = VECTOR('',#16823,1.);
#16823 = DIRECTION('',(1.,0.,0.));
#16824 = ORIENTED_EDGE('',*,*,#16825,.T.);
#16825 = EDGE_CURVE('',#16818,#16788,#16826,.T.);
#16826 = LINE('',#16827,#16828);
#16827 = CARTESIAN_POINT('',(296.,27.,403.));
#16828 = VECTOR('',#16829,1.);
#16829 = DIRECTION('',(0.,0.,1.));
#16830 = ORIENTED_EDGE('',*,*,#16787,.T.);
#16831 = ORIENTED_EDGE('',*,*,#16582,.F.);
#16832 = PLANE('',#16833);
#16833 = AXIS2_PLACEMENT_3D('',#16834,#16835,#16836);
#16834 = CARTESIAN_POINT('',(296.,27.,403.));
#16835 = DIRECTION('',(0.,1.,0.));
#16836 = DIRECTION('',(0.,0.,1.));
#16837 = ADVANCED_FACE('',(#16838),#16890,.T.);
#16838 = FACE_BOUND('',#16839,.T.);
#16839 = EDGE_LOOP('',(#16840,#16848,#16849,#16850,#16858,#16867,#16876,
    #16884));
#16840 = ORIENTED_EDGE('',*,*,#16841,.T.);
#16841 = EDGE_CURVE('',#16842,#16818,#16844,.T.);
#16842 = VERTEX_POINT('',#16843);
#16843 = CARTESIAN_POINT('',(296.,17.,403.));
#16844 = LINE('',#16845,#16846);
#16845 = CARTESIAN_POINT('',(296.,17.,403.));
#16846 = VECTOR('',#16847,1.);
#16847 = DIRECTION('',(0.,1.,0.));
#16848 = ORIENTED_EDGE('',*,*,#16817,.T.);
#16849 = ORIENTED_EDGE('',*,*,#16574,.F.);
#16850 = ORIENTED_EDGE('',*,*,#16851,.F.);
#16851 = EDGE_CURVE('',#16852,#16567,#16854,.T.);
#16852 = VERTEX_POINT('',#16853);
#16853 = CARTESIAN_POINT('',(350.,4.,403.));
#16854 = LINE('',#16855,#16856);
#16855 = CARTESIAN_POINT('',(345.,4.,403.));
#16856 = VECTOR('',#16857,1.);
#16857 = DIRECTION('',(1.,0.,0.));
#16858 = ORIENTED_EDGE('',*,*,#16859,.T.);
#16859 = EDGE_CURVE('',#16852,#16860,#16862,.T.);
#16860 = VERTEX_POINT('',#16861);
#16861 = CARTESIAN_POINT('',(355.,9.,403.));
#16862 = CIRCLE('',#16863,5.);
#16863 = AXIS2_PLACEMENT_3D('',#16864,#16865,#16866);
#16864 = CARTESIAN_POINT('',(350.,9.,403.));
#16865 = DIRECTION('',(0.,0.,1.));
#16866 = DIRECTION('',(1.,0.,0.));
#16867 = ORIENTED_EDGE('',*,*,#16868,.T.);
#16868 = EDGE_CURVE('',#16860,#16869,#16871,.T.);
#16869 = VERTEX_POINT('',#16870);
#16870 = CARTESIAN_POINT('',(345.,9.,403.));
#16871 = CIRCLE('',#16872,5.);
#16872 = AXIS2_PLACEMENT_3D('',#16873,#16874,#16875);
#16873 = CARTESIAN_POINT('',(350.,9.,403.));
#16874 = DIRECTION('',(0.,0.,1.));
#16875 = DIRECTION('',(1.,0.,0.));
#16876 = ORIENTED_EDGE('',*,*,#16877,.T.);
#16877 = EDGE_CURVE('',#16869,#16878,#16880,.T.);
#16878 = VERTEX_POINT('',#16879);
#16879 = CARTESIAN_POINT('',(345.,17.,403.));
#16880 = LINE('',#16881,#16882);
#16881 = CARTESIAN_POINT('',(345.,4.,403.));
#16882 = VECTOR('',#16883,1.);
#16883 = DIRECTION('',(0.,1.,0.));
#16884 = ORIENTED_EDGE('',*,*,#16885,.F.);
#16885 = EDGE_CURVE('',#16842,#16878,#16886,.T.);
#16886 = LINE('',#16887,#16888);
#16887 = CARTESIAN_POINT('',(296.,17.,403.));
#16888 = VECTOR('',#16889,1.);
#16889 = DIRECTION('',(1.,0.,0.));
#16890 = PLANE('',#16891);
#16891 = AXIS2_PLACEMENT_3D('',#16892,#16893,#16894);
#16892 = CARTESIAN_POINT('',(329.83734939759,19.33734939759,403.));
#16893 = DIRECTION('',(-0.,-0.,-1.));
#16894 = DIRECTION('',(-1.,0.,0.));
#16895 = ADVANCED_FACE('',(#16896),#16912,.F.);
#16896 = FACE_BOUND('',#16897,.F.);
#16897 = EDGE_LOOP('',(#16898,#16899,#16905,#16906));
#16898 = ORIENTED_EDGE('',*,*,#16885,.F.);
#16899 = ORIENTED_EDGE('',*,*,#16900,.T.);
#16900 = EDGE_CURVE('',#16842,#16796,#16901,.T.);
#16901 = LINE('',#16902,#16903);
#16902 = CARTESIAN_POINT('',(296.,17.,403.));
#16903 = VECTOR('',#16904,1.);
#16904 = DIRECTION('',(0.,0.,1.));
#16905 = ORIENTED_EDGE('',*,*,#16803,.T.);
#16906 = ORIENTED_EDGE('',*,*,#16907,.T.);
#16907 = EDGE_CURVE('',#16778,#16878,#16908,.T.);
#16908 = LINE('',#16909,#16910);
#16909 = CARTESIAN_POINT('',(345.,17.,403.));
#16910 = VECTOR('',#16911,1.);
#16911 = DIRECTION('',(0.,0.,-1.));
#16912 = PLANE('',#16913);
#16913 = AXIS2_PLACEMENT_3D('',#16914,#16915,#16916);
#16914 = CARTESIAN_POINT('',(296.,17.,403.));
#16915 = DIRECTION('',(0.,1.,0.));
#16916 = DIRECTION('',(0.,0.,1.));
#16917 = ADVANCED_FACE('',(#16918),#16924,.F.);
#16918 = FACE_BOUND('',#16919,.F.);
#16919 = EDGE_LOOP('',(#16920,#16921,#16922,#16923));
#16920 = ORIENTED_EDGE('',*,*,#16900,.F.);
#16921 = ORIENTED_EDGE('',*,*,#16841,.T.);
#16922 = ORIENTED_EDGE('',*,*,#16825,.T.);
#16923 = ORIENTED_EDGE('',*,*,#16795,.T.);
#16924 = PLANE('',#16925);
#16925 = AXIS2_PLACEMENT_3D('',#16926,#16927,#16928);
#16926 = CARTESIAN_POINT('',(296.,17.,403.));
#16927 = DIRECTION('',(1.,0.,0.));
#16928 = DIRECTION('',(0.,0.,1.));
#16929 = ADVANCED_FACE('',(#16930,#16957,#16993),#17029,.T.);
#16930 = FACE_BOUND('',#16931,.T.);
#16931 = EDGE_LOOP('',(#16932,#16933,#16941,#16948,#16949,#16950));
#16932 = ORIENTED_EDGE('',*,*,#16868,.F.);
#16933 = ORIENTED_EDGE('',*,*,#16934,.F.);
#16934 = EDGE_CURVE('',#16935,#16860,#16937,.T.);
#16935 = VERTEX_POINT('',#16936);
#16936 = CARTESIAN_POINT('',(355.,9.,120.));
#16937 = LINE('',#16938,#16939);
#16938 = CARTESIAN_POINT('',(355.,9.,120.));
#16939 = VECTOR('',#16940,1.);
#16940 = DIRECTION('',(0.,0.,1.));
#16941 = ORIENTED_EDGE('',*,*,#16942,.T.);
#16942 = EDGE_CURVE('',#16935,#16935,#16943,.T.);
#16943 = CIRCLE('',#16944,5.);
#16944 = AXIS2_PLACEMENT_3D('',#16945,#16946,#16947);
#16945 = CARTESIAN_POINT('',(350.,9.,120.));
#16946 = DIRECTION('',(0.,0.,1.));
#16947 = DIRECTION('',(1.,0.,0.));
#16948 = ORIENTED_EDGE('',*,*,#16934,.T.);
#16949 = ORIENTED_EDGE('',*,*,#16859,.F.);
#16950 = ORIENTED_EDGE('',*,*,#16951,.F.);
#16951 = EDGE_CURVE('',#16869,#16852,#16952,.T.);
#16952 = CIRCLE('',#16953,5.);
#16953 = AXIS2_PLACEMENT_3D('',#16954,#16955,#16956);
#16954 = CARTESIAN_POINT('',(350.,9.,403.));
#16955 = DIRECTION('',(0.,0.,1.));
#16956 = DIRECTION('',(1.,0.,0.));
#16957 = FACE_BOUND('',#16958,.T.);
#16958 = EDGE_LOOP('',(#16959,#16969,#16978,#16986));
#16959 = ORIENTED_EDGE('',*,*,#16960,.F.);
#16960 = EDGE_CURVE('',#16961,#16963,#16965,.T.);
#16961 = VERTEX_POINT('',#16962);
#16962 = CARTESIAN_POINT('',(350.,14.,150.));
#16963 = VERTEX_POINT('',#16964);
#16964 = CARTESIAN_POINT('',(350.,14.,162.));
#16965 = LINE('',#16966,#16967);
#16966 = CARTESIAN_POINT('',(350.,14.,120.));
#16967 = VECTOR('',#16968,1.);
#16968 = DIRECTION('',(0.,0.,1.));
#16969 = ORIENTED_EDGE('',*,*,#16970,.F.);
#16970 = EDGE_CURVE('',#16971,#16961,#16973,.T.);
#16971 = VERTEX_POINT('',#16972);
#16972 = CARTESIAN_POINT('',(354.33012701892,11.5,150.));
#16973 = CIRCLE('',#16974,5.);
#16974 = AXIS2_PLACEMENT_3D('',#16975,#16976,#16977);
#16975 = CARTESIAN_POINT('',(350.,9.,150.));
#16976 = DIRECTION('',(0.,0.,1.));
#16977 = DIRECTION('',(1.,0.,0.));
#16978 = ORIENTED_EDGE('',*,*,#16979,.T.);
#16979 = EDGE_CURVE('',#16971,#16980,#16982,.T.);
#16980 = VERTEX_POINT('',#16981);
#16981 = CARTESIAN_POINT('',(354.33012701892,11.5,162.));
#16982 = LINE('',#16983,#16984);
#16983 = CARTESIAN_POINT('',(354.33012701892,11.5,120.));
#16984 = VECTOR('',#16985,1.);
#16985 = DIRECTION('',(0.,0.,1.));
#16986 = ORIENTED_EDGE('',*,*,#16987,.T.);
#16987 = EDGE_CURVE('',#16980,#16963,#16988,.T.);
#16988 = CIRCLE('',#16989,5.);
#16989 = AXIS2_PLACEMENT_3D('',#16990,#16991,#16992);
#16990 = CARTESIAN_POINT('',(350.,9.,162.));
#16991 = DIRECTION('',(0.,0.,1.));
#16992 = DIRECTION('',(1.,0.,0.));
#16993 = FACE_BOUND('',#16994,.T.);
#16994 = EDGE_LOOP('',(#16995,#17005,#17014,#17022));
#16995 = ORIENTED_EDGE('',*,*,#16996,.F.);
#16996 = EDGE_CURVE('',#16997,#16999,#17001,.T.);
#16997 = VERTEX_POINT('',#16998);
#16998 = CARTESIAN_POINT('',(350.,14.,340.));
#16999 = VERTEX_POINT('',#17000);
#17000 = CARTESIAN_POINT('',(350.,14.,352.));
#17001 = LINE('',#17002,#17003);
#17002 = CARTESIAN_POINT('',(350.,14.,120.));
#17003 = VECTOR('',#17004,1.);
#17004 = DIRECTION('',(0.,0.,1.));
#17005 = ORIENTED_EDGE('',*,*,#17006,.F.);
#17006 = EDGE_CURVE('',#17007,#16997,#17009,.T.);
#17007 = VERTEX_POINT('',#17008);
#17008 = CARTESIAN_POINT('',(354.33012701892,11.5,340.));
#17009 = CIRCLE('',#17010,5.);
#17010 = AXIS2_PLACEMENT_3D('',#17011,#17012,#17013);
#17011 = CARTESIAN_POINT('',(350.,9.,340.));
#17012 = DIRECTION('',(0.,0.,1.));
#17013 = DIRECTION('',(1.,0.,0.));
#17014 = ORIENTED_EDGE('',*,*,#17015,.T.);
#17015 = EDGE_CURVE('',#17007,#17016,#17018,.T.);
#17016 = VERTEX_POINT('',#17017);
#17017 = CARTESIAN_POINT('',(354.33012701892,11.5,352.));
#17018 = LINE('',#17019,#17020);
#17019 = CARTESIAN_POINT('',(354.33012701892,11.5,120.));
#17020 = VECTOR('',#17021,1.);
#17021 = DIRECTION('',(0.,0.,1.));
#17022 = ORIENTED_EDGE('',*,*,#17023,.T.);
#17023 = EDGE_CURVE('',#17016,#16999,#17024,.T.);
#17024 = CIRCLE('',#17025,5.);
#17025 = AXIS2_PLACEMENT_3D('',#17026,#17027,#17028);
#17026 = CARTESIAN_POINT('',(350.,9.,352.));
#17027 = DIRECTION('',(0.,0.,1.));
#17028 = DIRECTION('',(1.,0.,0.));
#17029 = CYLINDRICAL_SURFACE('',#17030,5.);
#17030 = AXIS2_PLACEMENT_3D('',#17031,#17032,#17033);
#17031 = CARTESIAN_POINT('',(350.,9.,120.));
#17032 = DIRECTION('',(0.,0.,1.));
#17033 = DIRECTION('',(1.,0.,0.));
#17034 = ADVANCED_FACE('',(#17035),#17052,.T.);
#17035 = FACE_BOUND('',#17036,.T.);
#17036 = EDGE_LOOP('',(#17037,#17038,#17046));
#17037 = ORIENTED_EDGE('',*,*,#16951,.T.);
#17038 = ORIENTED_EDGE('',*,*,#17039,.F.);
#17039 = EDGE_CURVE('',#17040,#16852,#17042,.T.);
#17040 = VERTEX_POINT('',#17041);
#17041 = CARTESIAN_POINT('',(345.,4.,403.));
#17042 = LINE('',#17043,#17044);
#17043 = CARTESIAN_POINT('',(345.,4.,403.));
#17044 = VECTOR('',#17045,1.);
#17045 = DIRECTION('',(1.,0.,0.));
#17046 = ORIENTED_EDGE('',*,*,#17047,.T.);
#17047 = EDGE_CURVE('',#17040,#16869,#17048,.T.);
#17048 = LINE('',#17049,#17050);
#17049 = CARTESIAN_POINT('',(345.,4.,403.));
#17050 = VECTOR('',#17051,1.);
#17051 = DIRECTION('',(0.,1.,0.));
#17052 = PLANE('',#17053);
#17053 = AXIS2_PLACEMENT_3D('',#17054,#17055,#17056);
#17054 = CARTESIAN_POINT('',(329.83734939759,19.33734939759,403.));
#17055 = DIRECTION('',(-0.,-0.,-1.));
#17056 = DIRECTION('',(-1.,0.,0.));
#17057 = ADVANCED_FACE('',(#17058),#17061,.F.);
#17058 = FACE_BOUND('',#17059,.T.);
#17059 = EDGE_LOOP('',(#17060));
#17060 = ORIENTED_EDGE('',*,*,#16942,.F.);
#17061 = PLANE('',#17062);
#17062 = AXIS2_PLACEMENT_3D('',#17063,#17064,#17065);
#17063 = CARTESIAN_POINT('',(350.,9.,120.));
#17064 = DIRECTION('',(0.,0.,1.));
#17065 = DIRECTION('',(1.,0.,0.));
#17066 = ADVANCED_FACE('',(#17067),#17092,.F.);
#17067 = FACE_BOUND('',#17068,.F.);
#17068 = EDGE_LOOP('',(#17069,#17077,#17078,#17086));
#17069 = ORIENTED_EDGE('',*,*,#17070,.F.);
#17070 = EDGE_CURVE('',#16963,#17071,#17073,.T.);
#17071 = VERTEX_POINT('',#17072);
#17072 = CARTESIAN_POINT('',(350.,23.5,162.));
#17073 = LINE('',#17074,#17075);
#17074 = CARTESIAN_POINT('',(350.,11.5,162.));
#17075 = VECTOR('',#17076,1.);
#17076 = DIRECTION('',(0.,1.,0.));
#17077 = ORIENTED_EDGE('',*,*,#16960,.F.);
#17078 = ORIENTED_EDGE('',*,*,#17079,.T.);
#17079 = EDGE_CURVE('',#16961,#17080,#17082,.T.);
#17080 = VERTEX_POINT('',#17081);
#17081 = CARTESIAN_POINT('',(350.,23.5,150.));
#17082 = LINE('',#17083,#17084);
#17083 = CARTESIAN_POINT('',(350.,11.5,150.));
#17084 = VECTOR('',#17085,1.);
#17085 = DIRECTION('',(0.,1.,0.));
#17086 = ORIENTED_EDGE('',*,*,#17087,.T.);
#17087 = EDGE_CURVE('',#17080,#17071,#17088,.T.);
#17088 = LINE('',#17089,#17090);
#17089 = CARTESIAN_POINT('',(350.,23.5,150.));
#17090 = VECTOR('',#17091,1.);
#17091 = DIRECTION('',(0.,0.,1.));
#17092 = PLANE('',#17093);
#17093 = AXIS2_PLACEMENT_3D('',#17094,#17095,#17096);
#17094 = CARTESIAN_POINT('',(350.,11.5,150.));
#17095 = DIRECTION('',(1.,0.,0.));
#17096 = DIRECTION('',(0.,0.,1.));
#17097 = ADVANCED_FACE('',(#17098),#17124,.F.);
#17098 = FACE_BOUND('',#17099,.F.);
#17099 = EDGE_LOOP('',(#17100,#17101,#17102,#17110,#17118));
#17100 = ORIENTED_EDGE('',*,*,#17079,.F.);
#17101 = ORIENTED_EDGE('',*,*,#16970,.F.);
#17102 = ORIENTED_EDGE('',*,*,#17103,.T.);
#17103 = EDGE_CURVE('',#16971,#17104,#17106,.T.);
#17104 = VERTEX_POINT('',#17105);
#17105 = CARTESIAN_POINT('',(372.,11.5,150.));
#17106 = LINE('',#17107,#17108);
#17107 = CARTESIAN_POINT('',(350.,11.5,150.));
#17108 = VECTOR('',#17109,1.);
#17109 = DIRECTION('',(1.,0.,0.));
#17110 = ORIENTED_EDGE('',*,*,#17111,.T.);
#17111 = EDGE_CURVE('',#17104,#17112,#17114,.T.);
#17112 = VERTEX_POINT('',#17113);
#17113 = CARTESIAN_POINT('',(372.,23.5,150.));
#17114 = LINE('',#17115,#17116);
#17115 = CARTESIAN_POINT('',(372.,11.5,150.));
#17116 = VECTOR('',#17117,1.);
#17117 = DIRECTION('',(0.,1.,0.));
#17118 = ORIENTED_EDGE('',*,*,#17119,.F.);
#17119 = EDGE_CURVE('',#17080,#17112,#17120,.T.);
#17120 = LINE('',#17121,#17122);
#17121 = CARTESIAN_POINT('',(350.,23.5,150.));
#17122 = VECTOR('',#17123,1.);
#17123 = DIRECTION('',(1.,0.,0.));
#17124 = PLANE('',#17125);
#17125 = AXIS2_PLACEMENT_3D('',#17126,#17127,#17128);
#17126 = CARTESIAN_POINT('',(350.,11.5,150.));
#17127 = DIRECTION('',(0.,0.,1.));
#17128 = DIRECTION('',(1.,0.,0.));
#17129 = ADVANCED_FACE('',(#17130),#17156,.T.);
#17130 = FACE_BOUND('',#17131,.T.);
#17131 = EDGE_LOOP('',(#17132,#17133,#17134,#17142,#17150));
#17132 = ORIENTED_EDGE('',*,*,#17070,.F.);
#17133 = ORIENTED_EDGE('',*,*,#16987,.F.);
#17134 = ORIENTED_EDGE('',*,*,#17135,.T.);
#17135 = EDGE_CURVE('',#16980,#17136,#17138,.T.);
#17136 = VERTEX_POINT('',#17137);
#17137 = CARTESIAN_POINT('',(372.,11.5,162.));
#17138 = LINE('',#17139,#17140);
#17139 = CARTESIAN_POINT('',(350.,11.5,162.));
#17140 = VECTOR('',#17141,1.);
#17141 = DIRECTION('',(1.,0.,0.));
#17142 = ORIENTED_EDGE('',*,*,#17143,.T.);
#17143 = EDGE_CURVE('',#17136,#17144,#17146,.T.);
#17144 = VERTEX_POINT('',#17145);
#17145 = CARTESIAN_POINT('',(372.,23.5,162.));
#17146 = LINE('',#17147,#17148);
#17147 = CARTESIAN_POINT('',(372.,11.5,162.));
#17148 = VECTOR('',#17149,1.);
#17149 = DIRECTION('',(0.,1.,0.));
#17150 = ORIENTED_EDGE('',*,*,#17151,.F.);
#17151 = EDGE_CURVE('',#17071,#17144,#17152,.T.);
#17152 = LINE('',#17153,#17154);
#17153 = CARTESIAN_POINT('',(350.,23.5,162.));
#17154 = VECTOR('',#17155,1.);
#17155 = DIRECTION('',(1.,0.,0.));
#17156 = PLANE('',#17157);
#17157 = AXIS2_PLACEMENT_3D('',#17158,#17159,#17160);
#17158 = CARTESIAN_POINT('',(350.,11.5,162.));
#17159 = DIRECTION('',(0.,0.,1.));
#17160 = DIRECTION('',(1.,0.,0.));
#17161 = ADVANCED_FACE('',(#17162),#17173,.F.);
#17162 = FACE_BOUND('',#17163,.F.);
#17163 = EDGE_LOOP('',(#17164,#17165,#17166,#17167));
#17164 = ORIENTED_EDGE('',*,*,#17103,.F.);
#17165 = ORIENTED_EDGE('',*,*,#16979,.T.);
#17166 = ORIENTED_EDGE('',*,*,#17135,.T.);
#17167 = ORIENTED_EDGE('',*,*,#17168,.F.);
#17168 = EDGE_CURVE('',#17104,#17136,#17169,.T.);
#17169 = LINE('',#17170,#17171);
#17170 = CARTESIAN_POINT('',(372.,11.5,150.));
#17171 = VECTOR('',#17172,1.);
#17172 = DIRECTION('',(0.,0.,1.));
#17173 = PLANE('',#17174);
#17174 = AXIS2_PLACEMENT_3D('',#17175,#17176,#17177);
#17175 = CARTESIAN_POINT('',(350.,11.5,150.));
#17176 = DIRECTION('',(0.,1.,0.));
#17177 = DIRECTION('',(0.,0.,1.));
#17178 = ADVANCED_FACE('',(#17179),#17204,.F.);
#17179 = FACE_BOUND('',#17180,.F.);
#17180 = EDGE_LOOP('',(#17181,#17189,#17190,#17198));
#17181 = ORIENTED_EDGE('',*,*,#17182,.F.);
#17182 = EDGE_CURVE('',#16999,#17183,#17185,.T.);
#17183 = VERTEX_POINT('',#17184);
#17184 = CARTESIAN_POINT('',(350.,23.5,352.));
#17185 = LINE('',#17186,#17187);
#17186 = CARTESIAN_POINT('',(350.,11.5,352.));
#17187 = VECTOR('',#17188,1.);
#17188 = DIRECTION('',(0.,1.,0.));
#17189 = ORIENTED_EDGE('',*,*,#16996,.F.);
#17190 = ORIENTED_EDGE('',*,*,#17191,.T.);
#17191 = EDGE_CURVE('',#16997,#17192,#17194,.T.);
#17192 = VERTEX_POINT('',#17193);
#17193 = CARTESIAN_POINT('',(350.,23.5,340.));
#17194 = LINE('',#17195,#17196);
#17195 = CARTESIAN_POINT('',(350.,11.5,340.));
#17196 = VECTOR('',#17197,1.);
#17197 = DIRECTION('',(0.,1.,0.));
#17198 = ORIENTED_EDGE('',*,*,#17199,.T.);
#17199 = EDGE_CURVE('',#17192,#17183,#17200,.T.);
#17200 = LINE('',#17201,#17202);
#17201 = CARTESIAN_POINT('',(350.,23.5,340.));
#17202 = VECTOR('',#17203,1.);
#17203 = DIRECTION('',(0.,0.,1.));
#17204 = PLANE('',#17205);
#17205 = AXIS2_PLACEMENT_3D('',#17206,#17207,#17208);
#17206 = CARTESIAN_POINT('',(350.,11.5,340.));
#17207 = DIRECTION('',(1.,0.,0.));
#17208 = DIRECTION('',(0.,0.,1.));
#17209 = ADVANCED_FACE('',(#17210),#17236,.F.);
#17210 = FACE_BOUND('',#17211,.F.);
#17211 = EDGE_LOOP('',(#17212,#17213,#17214,#17222,#17230));
#17212 = ORIENTED_EDGE('',*,*,#17191,.F.);
#17213 = ORIENTED_EDGE('',*,*,#17006,.F.);
#17214 = ORIENTED_EDGE('',*,*,#17215,.T.);
#17215 = EDGE_CURVE('',#17007,#17216,#17218,.T.);
#17216 = VERTEX_POINT('',#17217);
#17217 = CARTESIAN_POINT('',(372.,11.5,340.));
#17218 = LINE('',#17219,#17220);
#17219 = CARTESIAN_POINT('',(350.,11.5,340.));
#17220 = VECTOR('',#17221,1.);
#17221 = DIRECTION('',(1.,0.,0.));
#17222 = ORIENTED_EDGE('',*,*,#17223,.T.);
#17223 = EDGE_CURVE('',#17216,#17224,#17226,.T.);
#17224 = VERTEX_POINT('',#17225);
#17225 = CARTESIAN_POINT('',(372.,23.5,340.));
#17226 = LINE('',#17227,#17228);
#17227 = CARTESIAN_POINT('',(372.,11.5,340.));
#17228 = VECTOR('',#17229,1.);
#17229 = DIRECTION('',(0.,1.,0.));
#17230 = ORIENTED_EDGE('',*,*,#17231,.F.);
#17231 = EDGE_CURVE('',#17192,#17224,#17232,.T.);
#17232 = LINE('',#17233,#17234);
#17233 = CARTESIAN_POINT('',(350.,23.5,340.));
#17234 = VECTOR('',#17235,1.);
#17235 = DIRECTION('',(1.,0.,0.));
#17236 = PLANE('',#17237);
#17237 = AXIS2_PLACEMENT_3D('',#17238,#17239,#17240);
#17238 = CARTESIAN_POINT('',(350.,11.5,340.));
#17239 = DIRECTION('',(0.,0.,1.));
#17240 = DIRECTION('',(1.,0.,0.));
#17241 = ADVANCED_FACE('',(#17242),#17268,.T.);
#17242 = FACE_BOUND('',#17243,.T.);
#17243 = EDGE_LOOP('',(#17244,#17245,#17246,#17254,#17262));
#17244 = ORIENTED_EDGE('',*,*,#17182,.F.);
#17245 = ORIENTED_EDGE('',*,*,#17023,.F.);
#17246 = ORIENTED_EDGE('',*,*,#17247,.T.);
#17247 = EDGE_CURVE('',#17016,#17248,#17250,.T.);
#17248 = VERTEX_POINT('',#17249);
#17249 = CARTESIAN_POINT('',(372.,11.5,352.));
#17250 = LINE('',#17251,#17252);
#17251 = CARTESIAN_POINT('',(350.,11.5,352.));
#17252 = VECTOR('',#17253,1.);
#17253 = DIRECTION('',(1.,0.,0.));
#17254 = ORIENTED_EDGE('',*,*,#17255,.T.);
#17255 = EDGE_CURVE('',#17248,#17256,#17258,.T.);
#17256 = VERTEX_POINT('',#17257);
#17257 = CARTESIAN_POINT('',(372.,23.5,352.));
#17258 = LINE('',#17259,#17260);
#17259 = CARTESIAN_POINT('',(372.,11.5,352.));
#17260 = VECTOR('',#17261,1.);
#17261 = DIRECTION('',(0.,1.,0.));
#17262 = ORIENTED_EDGE('',*,*,#17263,.F.);
#17263 = EDGE_CURVE('',#17183,#17256,#17264,.T.);
#17264 = LINE('',#17265,#17266);
#17265 = CARTESIAN_POINT('',(350.,23.5,352.));
#17266 = VECTOR('',#17267,1.);
#17267 = DIRECTION('',(1.,0.,0.));
#17268 = PLANE('',#17269);
#17269 = AXIS2_PLACEMENT_3D('',#17270,#17271,#17272);
#17270 = CARTESIAN_POINT('',(350.,11.5,352.));
#17271 = DIRECTION('',(0.,0.,1.));
#17272 = DIRECTION('',(1.,0.,0.));
#17273 = ADVANCED_FACE('',(#17274),#17285,.F.);
#17274 = FACE_BOUND('',#17275,.F.);
#17275 = EDGE_LOOP('',(#17276,#17277,#17278,#17279));
#17276 = ORIENTED_EDGE('',*,*,#17215,.F.);
#17277 = ORIENTED_EDGE('',*,*,#17015,.T.);
#17278 = ORIENTED_EDGE('',*,*,#17247,.T.);
#17279 = ORIENTED_EDGE('',*,*,#17280,.F.);
#17280 = EDGE_CURVE('',#17216,#17248,#17281,.T.);
#17281 = LINE('',#17282,#17283);
#17282 = CARTESIAN_POINT('',(372.,11.5,340.));
#17283 = VECTOR('',#17284,1.);
#17284 = DIRECTION('',(0.,0.,1.));
#17285 = PLANE('',#17286);
#17286 = AXIS2_PLACEMENT_3D('',#17287,#17288,#17289);
#17287 = CARTESIAN_POINT('',(350.,11.5,340.));
#17288 = DIRECTION('',(0.,1.,0.));
#17289 = DIRECTION('',(0.,0.,1.));
#17290 = ADVANCED_FACE('',(#17291),#17302,.T.);
#17291 = FACE_BOUND('',#17292,.T.);
#17292 = EDGE_LOOP('',(#17293,#17294,#17295,#17296));
#17293 = ORIENTED_EDGE('',*,*,#17119,.F.);
#17294 = ORIENTED_EDGE('',*,*,#17087,.T.);
#17295 = ORIENTED_EDGE('',*,*,#17151,.T.);
#17296 = ORIENTED_EDGE('',*,*,#17297,.F.);
#17297 = EDGE_CURVE('',#17112,#17144,#17298,.T.);
#17298 = LINE('',#17299,#17300);
#17299 = CARTESIAN_POINT('',(372.,23.5,150.));
#17300 = VECTOR('',#17301,1.);
#17301 = DIRECTION('',(0.,0.,1.));
#17302 = PLANE('',#17303);
#17303 = AXIS2_PLACEMENT_3D('',#17304,#17305,#17306);
#17304 = CARTESIAN_POINT('',(350.,23.5,150.));
#17305 = DIRECTION('',(0.,1.,0.));
#17306 = DIRECTION('',(0.,0.,1.));
#17307 = ADVANCED_FACE('',(#17308),#17314,.T.);
#17308 = FACE_BOUND('',#17309,.T.);
#17309 = EDGE_LOOP('',(#17310,#17311,#17312,#17313));
#17310 = ORIENTED_EDGE('',*,*,#17168,.F.);
#17311 = ORIENTED_EDGE('',*,*,#17111,.T.);
#17312 = ORIENTED_EDGE('',*,*,#17297,.T.);
#17313 = ORIENTED_EDGE('',*,*,#17143,.F.);
#17314 = PLANE('',#17315);
#17315 = AXIS2_PLACEMENT_3D('',#17316,#17317,#17318);
#17316 = CARTESIAN_POINT('',(372.,11.5,150.));
#17317 = DIRECTION('',(1.,0.,0.));
#17318 = DIRECTION('',(0.,0.,1.));
#17319 = ADVANCED_FACE('',(#17320),#17331,.T.);
#17320 = FACE_BOUND('',#17321,.T.);
#17321 = EDGE_LOOP('',(#17322,#17323,#17324,#17325));
#17322 = ORIENTED_EDGE('',*,*,#17231,.F.);
#17323 = ORIENTED_EDGE('',*,*,#17199,.T.);
#17324 = ORIENTED_EDGE('',*,*,#17263,.T.);
#17325 = ORIENTED_EDGE('',*,*,#17326,.F.);
#17326 = EDGE_CURVE('',#17224,#17256,#17327,.T.);
#17327 = LINE('',#17328,#17329);
#17328 = CARTESIAN_POINT('',(372.,23.5,340.));
#17329 = VECTOR('',#17330,1.);
#17330 = DIRECTION('',(0.,0.,1.));
#17331 = PLANE('',#17332);
#17332 = AXIS2_PLACEMENT_3D('',#17333,#17334,#17335);
#17333 = CARTESIAN_POINT('',(350.,23.5,340.));
#17334 = DIRECTION('',(0.,1.,0.));
#17335 = DIRECTION('',(0.,0.,1.));
#17336 = ADVANCED_FACE('',(#17337),#17343,.T.);
#17337 = FACE_BOUND('',#17338,.T.);
#17338 = EDGE_LOOP('',(#17339,#17340,#17341,#17342));
#17339 = ORIENTED_EDGE('',*,*,#17280,.F.);
#17340 = ORIENTED_EDGE('',*,*,#17223,.T.);
#17341 = ORIENTED_EDGE('',*,*,#17326,.T.);
#17342 = ORIENTED_EDGE('',*,*,#17255,.F.);
#17343 = PLANE('',#17344);
#17344 = AXIS2_PLACEMENT_3D('',#17345,#17346,#17347);
#17345 = CARTESIAN_POINT('',(372.,11.5,340.));
#17346 = DIRECTION('',(1.,0.,0.));
#17347 = DIRECTION('',(0.,0.,1.));
#17348 = ADVANCED_FACE('',(#17349),#17362,.F.);
#17349 = FACE_BOUND('',#17350,.T.);
#17350 = EDGE_LOOP('',(#17351,#17352,#17353,#17354,#17355,#17361));
#17351 = ORIENTED_EDGE('',*,*,#16851,.T.);
#17352 = ORIENTED_EDGE('',*,*,#16566,.T.);
#17353 = ORIENTED_EDGE('',*,*,#16256,.F.);
#17354 = ORIENTED_EDGE('',*,*,#16287,.F.);
#17355 = ORIENTED_EDGE('',*,*,#17356,.F.);
#17356 = EDGE_CURVE('',#17040,#16280,#17357,.T.);
#17357 = LINE('',#17358,#17359);
#17358 = CARTESIAN_POINT('',(345.,4.,403.));
#17359 = VECTOR('',#17360,1.);
#17360 = DIRECTION('',(0.,0.,1.));
#17361 = ORIENTED_EDGE('',*,*,#17039,.T.);
#17362 = PLANE('',#17363);
#17363 = AXIS2_PLACEMENT_3D('',#17364,#17365,#17366);
#17364 = CARTESIAN_POINT('',(345.,4.,403.));
#17365 = DIRECTION('',(0.,1.,0.));
#17366 = DIRECTION('',(0.,0.,1.));
#17367 = ADVANCED_FACE('',(#17368),#17380,.F.);
#17368 = FACE_BOUND('',#17369,.T.);
#17369 = EDGE_LOOP('',(#17370,#17371,#17372,#17373,#17374,#17375,#17376,
    #17377,#17378,#17379));
#17370 = ORIENTED_EDGE('',*,*,#16248,.T.);
#17371 = ORIENTED_EDGE('',*,*,#16638,.T.);
#17372 = ORIENTED_EDGE('',*,*,#16727,.T.);
#17373 = ORIENTED_EDGE('',*,*,#16761,.F.);
#17374 = ORIENTED_EDGE('',*,*,#16777,.F.);
#17375 = ORIENTED_EDGE('',*,*,#16907,.T.);
#17376 = ORIENTED_EDGE('',*,*,#16877,.F.);
#17377 = ORIENTED_EDGE('',*,*,#17047,.F.);
#17378 = ORIENTED_EDGE('',*,*,#17356,.T.);
#17379 = ORIENTED_EDGE('',*,*,#16279,.T.);
#17380 = PLANE('',#17381);
#17381 = AXIS2_PLACEMENT_3D('',#17382,#17383,#17384);
#17382 = CARTESIAN_POINT('',(345.,4.,403.));
#17383 = DIRECTION('',(1.,0.,0.));
#17384 = DIRECTION('',(0.,0.,1.));
#17385 = MANIFOLD_SOLID_BREP('',#17386);
#17386 = CLOSED_SHELL('',(#17387,#17454,#17474,#17516,#17540,#17564,
    #17581,#17606,#17639,#17656,#17699,#17709,#17718,#17749,#17773,
    #17797,#17814));
#17387 = ADVANCED_FACE('',(#17388),#17449,.T.);
#17388 = FACE_BOUND('',#17389,.T.);
#17389 = EDGE_LOOP('',(#17390,#17399,#17407,#17416,#17424,#17433,#17441,
    #17448));
#17390 = ORIENTED_EDGE('',*,*,#17391,.T.);
#17391 = EDGE_CURVE('',#17392,#17392,#17394,.T.);
#17392 = VERTEX_POINT('',#17393);
#17393 = CARTESIAN_POINT('',(310.,-6.,446.));
#17394 = CIRCLE('',#17395,11.);
#17395 = AXIS2_PLACEMENT_3D('',#17396,#17397,#17398);
#17396 = CARTESIAN_POINT('',(310.,-6.,435.));
#17397 = DIRECTION('',(0.,1.,0.));
#17398 = DIRECTION('',(0.,0.,1.));
#17399 = ORIENTED_EDGE('',*,*,#17400,.T.);
#17400 = EDGE_CURVE('',#17392,#17401,#17403,.T.);
#17401 = VERTEX_POINT('',#17402);
#17402 = CARTESIAN_POINT('',(310.,16.,446.));
#17403 = LINE('',#17404,#17405);
#17404 = CARTESIAN_POINT('',(310.,-10.,446.));
#17405 = VECTOR('',#17406,1.);
#17406 = DIRECTION('',(0.,1.,0.));
#17407 = ORIENTED_EDGE('',*,*,#17408,.F.);
#17408 = EDGE_CURVE('',#17409,#17401,#17411,.T.);
#17409 = VERTEX_POINT('',#17410);
#17410 = CARTESIAN_POINT('',(306.,16.,424.75304923404));
#17411 = CIRCLE('',#17412,11.);
#17412 = AXIS2_PLACEMENT_3D('',#17413,#17414,#17415);
#17413 = CARTESIAN_POINT('',(310.,16.,435.));
#17414 = DIRECTION('',(0.,1.,0.));
#17415 = DIRECTION('',(0.,0.,1.));
#17416 = ORIENTED_EDGE('',*,*,#17417,.F.);
#17417 = EDGE_CURVE('',#17418,#17409,#17420,.T.);
#17418 = VERTEX_POINT('',#17419);
#17419 = CARTESIAN_POINT('',(306.,12.,424.75304923404));
#17420 = LINE('',#17421,#17422);
#17421 = CARTESIAN_POINT('',(306.,-10.,424.75304923404));
#17422 = VECTOR('',#17423,1.);
#17423 = DIRECTION('',(0.,1.,0.));
#17424 = ORIENTED_EDGE('',*,*,#17425,.F.);
#17425 = EDGE_CURVE('',#17426,#17418,#17428,.T.);
#17426 = VERTEX_POINT('',#17427);
#17427 = CARTESIAN_POINT('',(314.,12.,424.75304923404));
#17428 = CIRCLE('',#17429,11.);
#17429 = AXIS2_PLACEMENT_3D('',#17430,#17431,#17432);
#17430 = CARTESIAN_POINT('',(310.,12.,435.));
#17431 = DIRECTION('',(0.,1.,0.));
#17432 = DIRECTION('',(0.,0.,1.));
#17433 = ORIENTED_EDGE('',*,*,#17434,.T.);
#17434 = EDGE_CURVE('',#17426,#17435,#17437,.T.);
#17435 = VERTEX_POINT('',#17436);
#17436 = CARTESIAN_POINT('',(314.,16.,424.75304923404));
#17437 = LINE('',#17438,#17439);
#17438 = CARTESIAN_POINT('',(314.,-10.,424.75304923404));
#17439 = VECTOR('',#17440,1.);
#17440 = DIRECTION('',(0.,1.,0.));
#17441 = ORIENTED_EDGE('',*,*,#17442,.F.);
#17442 = EDGE_CURVE('',#17401,#17435,#17443,.T.);
#17443 = CIRCLE('',#17444,11.);
#17444 = AXIS2_PLACEMENT_3D('',#17445,#17446,#17447);
#17445 = CARTESIAN_POINT('',(310.,16.,435.));
#17446 = DIRECTION('',(0.,1.,0.));
#17447 = DIRECTION('',(0.,0.,1.));
#17448 = ORIENTED_EDGE('',*,*,#17400,.F.);
#17449 = CYLINDRICAL_SURFACE('',#17450,11.);
#17450 = AXIS2_PLACEMENT_3D('',#17451,#17452,#17453);
#17451 = CARTESIAN_POINT('',(310.,-10.,435.));
#17452 = DIRECTION('',(0.,1.,0.));
#17453 = DIRECTION('',(0.,0.,1.));
#17454 = ADVANCED_FACE('',(#17455,#17466),#17469,.T.);
#17455 = FACE_BOUND('',#17456,.T.);
#17456 = EDGE_LOOP('',(#17457));
#17457 = ORIENTED_EDGE('',*,*,#17458,.T.);
#17458 = EDGE_CURVE('',#17459,#17459,#17461,.T.);
#17459 = VERTEX_POINT('',#17460);
#17460 = CARTESIAN_POINT('',(310.,-6.,451.));
#17461 = CIRCLE('',#17462,16.);
#17462 = AXIS2_PLACEMENT_3D('',#17463,#17464,#17465);
#17463 = CARTESIAN_POINT('',(310.,-6.,435.));
#17464 = DIRECTION('',(0.,1.,0.));
#17465 = DIRECTION('',(0.,0.,1.));
#17466 = FACE_BOUND('',#17467,.T.);
#17467 = EDGE_LOOP('',(#17468));
#17468 = ORIENTED_EDGE('',*,*,#17391,.F.);
#17469 = PLANE('',#17470);
#17470 = AXIS2_PLACEMENT_3D('',#17471,#17472,#17473);
#17471 = CARTESIAN_POINT('',(310.,-6.,435.));
#17472 = DIRECTION('',(0.,1.,0.));
#17473 = DIRECTION('',(0.,0.,1.));
#17474 = ADVANCED_FACE('',(#17475),#17511,.T.);
#17475 = FACE_BOUND('',#17476,.T.);
#17476 = EDGE_LOOP('',(#17477,#17478,#17479,#17487,#17496,#17505));
#17477 = ORIENTED_EDGE('',*,*,#17408,.T.);
#17478 = ORIENTED_EDGE('',*,*,#17442,.T.);
#17479 = ORIENTED_EDGE('',*,*,#17480,.F.);
#17480 = EDGE_CURVE('',#17481,#17435,#17483,.T.);
#17481 = VERTEX_POINT('',#17482);
#17482 = CARTESIAN_POINT('',(314.,16.,413.));
#17483 = LINE('',#17484,#17485);
#17484 = CARTESIAN_POINT('',(314.,16.,413.));
#17485 = VECTOR('',#17486,1.);
#17486 = DIRECTION('',(0.,0.,1.));
#17487 = ORIENTED_EDGE('',*,*,#17488,.F.);
#17488 = EDGE_CURVE('',#17489,#17481,#17491,.T.);
#17489 = VERTEX_POINT('',#17490);
#17490 = CARTESIAN_POINT('',(310.,16.,417.));
#17491 = CIRCLE('',#17492,4.);
#17492 = AXIS2_PLACEMENT_3D('',#17493,#17494,#17495);
#17493 = CARTESIAN_POINT('',(310.,16.,413.));
#17494 = DIRECTION('',(0.,1.,0.));
#17495 = DIRECTION('',(0.,0.,1.));
#17496 = ORIENTED_EDGE('',*,*,#17497,.F.);
#17497 = EDGE_CURVE('',#17498,#17489,#17500,.T.);
#17498 = VERTEX_POINT('',#17499);
#17499 = CARTESIAN_POINT('',(306.,16.,413.));
#17500 = CIRCLE('',#17501,4.);
#17501 = AXIS2_PLACEMENT_3D('',#17502,#17503,#17504);
#17502 = CARTESIAN_POINT('',(310.,16.,413.));
#17503 = DIRECTION('',(0.,1.,0.));
#17504 = DIRECTION('',(0.,0.,1.));
#17505 = ORIENTED_EDGE('',*,*,#17506,.T.);
#17506 = EDGE_CURVE('',#17498,#17409,#17507,.T.);
#17507 = LINE('',#17508,#17509);
#17508 = CARTESIAN_POINT('',(306.,16.,413.));
#17509 = VECTOR('',#17510,1.);
#17510 = DIRECTION('',(0.,0.,1.));
#17511 = PLANE('',#17512);
#17512 = AXIS2_PLACEMENT_3D('',#17513,#17514,#17515);
#17513 = CARTESIAN_POINT('',(310.,16.,429.27118352434));
#17514 = DIRECTION('',(0.,1.,0.));
#17515 = DIRECTION('',(0.,0.,1.));
#17516 = ADVANCED_FACE('',(#17517),#17535,.T.);
#17517 = FACE_BOUND('',#17518,.T.);
#17518 = EDGE_LOOP('',(#17519,#17527,#17533,#17534));
#17519 = ORIENTED_EDGE('',*,*,#17520,.F.);
#17520 = EDGE_CURVE('',#17521,#17426,#17523,.T.);
#17521 = VERTEX_POINT('',#17522);
#17522 = CARTESIAN_POINT('',(314.,12.,413.));
#17523 = LINE('',#17524,#17525);
#17524 = CARTESIAN_POINT('',(314.,12.,413.));
#17525 = VECTOR('',#17526,1.);
#17526 = DIRECTION('',(0.,0.,1.));
#17527 = ORIENTED_EDGE('',*,*,#17528,.T.);
#17528 = EDGE_CURVE('',#17521,#17481,#17529,.T.);
#17529 = LINE('',#17530,#17531);
#17530 = CARTESIAN_POINT('',(314.,12.,413.));
#17531 = VECTOR('',#17532,1.);
#17532 = DIRECTION('',(0.,1.,0.));
#17533 = ORIENTED_EDGE('',*,*,#17480,.T.);
#17534 = ORIENTED_EDGE('',*,*,#17434,.F.);
#17535 = PLANE('',#17536);
#17536 = AXIS2_PLACEMENT_3D('',#17537,#17538,#17539);
#17537 = CARTESIAN_POINT('',(314.,12.,413.));
#17538 = DIRECTION('',(1.,0.,0.));
#17539 = DIRECTION('',(0.,0.,1.));
#17540 = ADVANCED_FACE('',(#17541),#17559,.F.);
#17541 = FACE_BOUND('',#17542,.F.);
#17542 = EDGE_LOOP('',(#17543,#17544,#17552,#17558));
#17543 = ORIENTED_EDGE('',*,*,#17520,.F.);
#17544 = ORIENTED_EDGE('',*,*,#17545,.F.);
#17545 = EDGE_CURVE('',#17546,#17521,#17548,.T.);
#17546 = VERTEX_POINT('',#17547);
#17547 = CARTESIAN_POINT('',(306.,12.,413.));
#17548 = LINE('',#17549,#17550);
#17549 = CARTESIAN_POINT('',(306.,12.,413.));
#17550 = VECTOR('',#17551,1.);
#17551 = DIRECTION('',(1.,0.,0.));
#17552 = ORIENTED_EDGE('',*,*,#17553,.T.);
#17553 = EDGE_CURVE('',#17546,#17418,#17554,.T.);
#17554 = LINE('',#17555,#17556);
#17555 = CARTESIAN_POINT('',(306.,12.,413.));
#17556 = VECTOR('',#17557,1.);
#17557 = DIRECTION('',(0.,0.,1.));
#17558 = ORIENTED_EDGE('',*,*,#17425,.F.);
#17559 = PLANE('',#17560);
#17560 = AXIS2_PLACEMENT_3D('',#17561,#17562,#17563);
#17561 = CARTESIAN_POINT('',(306.,12.,413.));
#17562 = DIRECTION('',(0.,1.,0.));
#17563 = DIRECTION('',(0.,0.,1.));
#17564 = ADVANCED_FACE('',(#17565),#17576,.F.);
#17565 = FACE_BOUND('',#17566,.F.);
#17566 = EDGE_LOOP('',(#17567,#17568,#17574,#17575));
#17567 = ORIENTED_EDGE('',*,*,#17553,.F.);
#17568 = ORIENTED_EDGE('',*,*,#17569,.T.);
#17569 = EDGE_CURVE('',#17546,#17498,#17570,.T.);
#17570 = LINE('',#17571,#17572);
#17571 = CARTESIAN_POINT('',(306.,12.,413.));
#17572 = VECTOR('',#17573,1.);
#17573 = DIRECTION('',(0.,1.,0.));
#17574 = ORIENTED_EDGE('',*,*,#17506,.T.);
#17575 = ORIENTED_EDGE('',*,*,#17417,.F.);
#17576 = PLANE('',#17577);
#17577 = AXIS2_PLACEMENT_3D('',#17578,#17579,#17580);
#17578 = CARTESIAN_POINT('',(306.,12.,413.));
#17579 = DIRECTION('',(1.,0.,0.));
#17580 = DIRECTION('',(0.,0.,1.));
#17581 = ADVANCED_FACE('',(#17582),#17601,.T.);
#17582 = FACE_BOUND('',#17583,.T.);
#17583 = EDGE_LOOP('',(#17584,#17585,#17593,#17600));
#17584 = ORIENTED_EDGE('',*,*,#17458,.F.);
#17585 = ORIENTED_EDGE('',*,*,#17586,.F.);
#17586 = EDGE_CURVE('',#17587,#17459,#17589,.T.);
#17587 = VERTEX_POINT('',#17588);
#17588 = CARTESIAN_POINT('',(310.,-10.,451.));
#17589 = LINE('',#17590,#17591);
#17590 = CARTESIAN_POINT('',(310.,-10.,451.));
#17591 = VECTOR('',#17592,1.);
#17592 = DIRECTION('',(0.,1.,0.));
#17593 = ORIENTED_EDGE('',*,*,#17594,.T.);
#17594 = EDGE_CURVE('',#17587,#17587,#17595,.T.);
#17595 = CIRCLE('',#17596,16.);
#17596 = AXIS2_PLACEMENT_3D('',#17597,#17598,#17599);
#17597 = CARTESIAN_POINT('',(310.,-10.,435.));
#17598 = DIRECTION('',(0.,1.,0.));
#17599 = DIRECTION('',(0.,0.,1.));
#17600 = ORIENTED_EDGE('',*,*,#17586,.T.);
#17601 = CYLINDRICAL_SURFACE('',#17602,16.);
#17602 = AXIS2_PLACEMENT_3D('',#17603,#17604,#17605);
#17603 = CARTESIAN_POINT('',(310.,-10.,435.));
#17604 = DIRECTION('',(0.,1.,0.));
#17605 = DIRECTION('',(0.,0.,1.));
#17606 = ADVANCED_FACE('',(#17607),#17634,.T.);
#17607 = FACE_BOUND('',#17608,.T.);
#17608 = EDGE_LOOP('',(#17609,#17617,#17624,#17625,#17626,#17633));
#17609 = ORIENTED_EDGE('',*,*,#17610,.T.);
#17610 = EDGE_CURVE('',#17489,#17611,#17613,.T.);
#17611 = VERTEX_POINT('',#17612);
#17612 = CARTESIAN_POINT('',(310.,28.,417.));
#17613 = LINE('',#17614,#17615);
#17614 = CARTESIAN_POINT('',(310.,16.,417.));
#17615 = VECTOR('',#17616,1.);
#17616 = DIRECTION('',(0.,1.,0.));
#17617 = ORIENTED_EDGE('',*,*,#17618,.F.);
#17618 = EDGE_CURVE('',#17611,#17611,#17619,.T.);
#17619 = CIRCLE('',#17620,4.);
#17620 = AXIS2_PLACEMENT_3D('',#17621,#17622,#17623);
#17621 = CARTESIAN_POINT('',(310.,28.,413.));
#17622 = DIRECTION('',(0.,1.,0.));
#17623 = DIRECTION('',(0.,0.,1.));
#17624 = ORIENTED_EDGE('',*,*,#17610,.F.);
#17625 = ORIENTED_EDGE('',*,*,#17488,.T.);
#17626 = ORIENTED_EDGE('',*,*,#17627,.T.);
#17627 = EDGE_CURVE('',#17481,#17498,#17628,.T.);
#17628 = CIRCLE('',#17629,4.);
#17629 = AXIS2_PLACEMENT_3D('',#17630,#17631,#17632);
#17630 = CARTESIAN_POINT('',(310.,16.,413.));
#17631 = DIRECTION('',(0.,1.,0.));
#17632 = DIRECTION('',(0.,0.,1.));
#17633 = ORIENTED_EDGE('',*,*,#17497,.T.);
#17634 = CYLINDRICAL_SURFACE('',#17635,4.);
#17635 = AXIS2_PLACEMENT_3D('',#17636,#17637,#17638);
#17636 = CARTESIAN_POINT('',(310.,16.,413.));
#17637 = DIRECTION('',(0.,1.,0.));
#17638 = DIRECTION('',(0.,0.,1.));
#17639 = ADVANCED_FACE('',(#17640),#17651,.F.);
#17640 = FACE_BOUND('',#17641,.F.);
#17641 = EDGE_LOOP('',(#17642,#17643,#17644,#17645));
#17642 = ORIENTED_EDGE('',*,*,#17569,.F.);
#17643 = ORIENTED_EDGE('',*,*,#17545,.T.);
#17644 = ORIENTED_EDGE('',*,*,#17528,.T.);
#17645 = ORIENTED_EDGE('',*,*,#17646,.F.);
#17646 = EDGE_CURVE('',#17498,#17481,#17647,.T.);
#17647 = LINE('',#17648,#17649);
#17648 = CARTESIAN_POINT('',(306.,16.,413.));
#17649 = VECTOR('',#17650,1.);
#17650 = DIRECTION('',(1.,0.,0.));
#17651 = PLANE('',#17652);
#17652 = AXIS2_PLACEMENT_3D('',#17653,#17654,#17655);
#17653 = CARTESIAN_POINT('',(306.,12.,413.));
#17654 = DIRECTION('',(0.,0.,1.));
#17655 = DIRECTION('',(1.,0.,0.));
#17656 = ADVANCED_FACE('',(#17657,#17660),#17694,.F.);
#17657 = FACE_BOUND('',#17658,.F.);
#17658 = EDGE_LOOP('',(#17659));
#17659 = ORIENTED_EDGE('',*,*,#17594,.T.);
#17660 = FACE_BOUND('',#17661,.F.);
#17661 = EDGE_LOOP('',(#17662,#17672,#17680,#17688));
#17662 = ORIENTED_EDGE('',*,*,#17663,.F.);
#17663 = EDGE_CURVE('',#17664,#17666,#17668,.T.);
#17664 = VERTEX_POINT('',#17665);
#17665 = CARTESIAN_POINT('',(308.,-10.,442.));
#17666 = VERTEX_POINT('',#17667);
#17667 = CARTESIAN_POINT('',(312.,-10.,442.));
#17668 = LINE('',#17669,#17670);
#17669 = CARTESIAN_POINT('',(309.,-10.,442.));
#17670 = VECTOR('',#17671,1.);
#17671 = DIRECTION('',(1.,0.,0.));
#17672 = ORIENTED_EDGE('',*,*,#17673,.T.);
#17673 = EDGE_CURVE('',#17664,#17674,#17676,.T.);
#17674 = VERTEX_POINT('',#17675);
#17675 = CARTESIAN_POINT('',(308.,-10.,428.));
#17676 = LINE('',#17677,#17678);
#17677 = CARTESIAN_POINT('',(308.,-10.,431.5));
#17678 = VECTOR('',#17679,1.);
#17679 = DIRECTION('',(0.,0.,-1.));
#17680 = ORIENTED_EDGE('',*,*,#17681,.T.);
#17681 = EDGE_CURVE('',#17674,#17682,#17684,.T.);
#17682 = VERTEX_POINT('',#17683);
#17683 = CARTESIAN_POINT('',(312.,-10.,428.));
#17684 = LINE('',#17685,#17686);
#17685 = CARTESIAN_POINT('',(309.,-10.,428.));
#17686 = VECTOR('',#17687,1.);
#17687 = DIRECTION('',(1.,0.,0.));
#17688 = ORIENTED_EDGE('',*,*,#17689,.F.);
#17689 = EDGE_CURVE('',#17666,#17682,#17690,.T.);
#17690 = LINE('',#17691,#17692);
#17691 = CARTESIAN_POINT('',(312.,-10.,431.5));
#17692 = VECTOR('',#17693,1.);
#17693 = DIRECTION('',(0.,0.,-1.));
#17694 = PLANE('',#17695);
#17695 = AXIS2_PLACEMENT_3D('',#17696,#17697,#17698);
#17696 = CARTESIAN_POINT('',(310.,-10.,435.));
#17697 = DIRECTION('',(0.,1.,0.));
#17698 = DIRECTION('',(0.,0.,1.));
#17699 = ADVANCED_FACE('',(#17700),#17704,.F.);
#17700 = FACE_BOUND('',#17701,.F.);
#17701 = EDGE_LOOP('',(#17702,#17703));
#17702 = ORIENTED_EDGE('',*,*,#17646,.T.);
#17703 = ORIENTED_EDGE('',*,*,#17627,.T.);
#17704 = PLANE('',#17705);
#17705 = AXIS2_PLACEMENT_3D('',#17706,#17707,#17708);
#17706 = CARTESIAN_POINT('',(310.,16.,413.));
#17707 = DIRECTION('',(0.,1.,0.));
#17708 = DIRECTION('',(0.,0.,1.));
#17709 = ADVANCED_FACE('',(#17710),#17713,.T.);
#17710 = FACE_BOUND('',#17711,.T.);
#17711 = EDGE_LOOP('',(#17712));
#17712 = ORIENTED_EDGE('',*,*,#17618,.T.);
#17713 = PLANE('',#17714);
#17714 = AXIS2_PLACEMENT_3D('',#17715,#17716,#17717);
#17715 = CARTESIAN_POINT('',(310.,28.,413.));
#17716 = DIRECTION('',(0.,1.,0.));
#17717 = DIRECTION('',(0.,0.,1.));
#17718 = ADVANCED_FACE('',(#17719),#17744,.F.);
#17719 = FACE_BOUND('',#17720,.F.);
#17720 = EDGE_LOOP('',(#17721,#17729,#17730,#17738));
#17721 = ORIENTED_EDGE('',*,*,#17722,.F.);
#17722 = EDGE_CURVE('',#17664,#17723,#17725,.T.);
#17723 = VERTEX_POINT('',#17724);
#17724 = CARTESIAN_POINT('',(308.,-9.5,442.));
#17725 = LINE('',#17726,#17727);
#17726 = CARTESIAN_POINT('',(308.,-11.,442.));
#17727 = VECTOR('',#17728,1.);
#17728 = DIRECTION('',(0.,1.,0.));
#17729 = ORIENTED_EDGE('',*,*,#17663,.T.);
#17730 = ORIENTED_EDGE('',*,*,#17731,.T.);
#17731 = EDGE_CURVE('',#17666,#17732,#17734,.T.);
#17732 = VERTEX_POINT('',#17733);
#17733 = CARTESIAN_POINT('',(312.,-9.5,442.));
#17734 = LINE('',#17735,#17736);
#17735 = CARTESIAN_POINT('',(312.,-11.,442.));
#17736 = VECTOR('',#17737,1.);
#17737 = DIRECTION('',(0.,1.,0.));
#17738 = ORIENTED_EDGE('',*,*,#17739,.F.);
#17739 = EDGE_CURVE('',#17723,#17732,#17740,.T.);
#17740 = LINE('',#17741,#17742);
#17741 = CARTESIAN_POINT('',(308.,-9.5,442.));
#17742 = VECTOR('',#17743,1.);
#17743 = DIRECTION('',(1.,0.,0.));
#17744 = PLANE('',#17745);
#17745 = AXIS2_PLACEMENT_3D('',#17746,#17747,#17748);
#17746 = CARTESIAN_POINT('',(308.,-11.,442.));
#17747 = DIRECTION('',(0.,0.,1.));
#17748 = DIRECTION('',(1.,0.,0.));
#17749 = ADVANCED_FACE('',(#17750),#17768,.F.);
#17750 = FACE_BOUND('',#17751,.F.);
#17751 = EDGE_LOOP('',(#17752,#17753,#17754,#17762));
#17752 = ORIENTED_EDGE('',*,*,#17731,.F.);
#17753 = ORIENTED_EDGE('',*,*,#17689,.T.);
#17754 = ORIENTED_EDGE('',*,*,#17755,.T.);
#17755 = EDGE_CURVE('',#17682,#17756,#17758,.T.);
#17756 = VERTEX_POINT('',#17757);
#17757 = CARTESIAN_POINT('',(312.,-9.5,428.));
#17758 = LINE('',#17759,#17760);
#17759 = CARTESIAN_POINT('',(312.,-11.,428.));
#17760 = VECTOR('',#17761,1.);
#17761 = DIRECTION('',(0.,1.,0.));
#17762 = ORIENTED_EDGE('',*,*,#17763,.T.);
#17763 = EDGE_CURVE('',#17756,#17732,#17764,.T.);
#17764 = LINE('',#17765,#17766);
#17765 = CARTESIAN_POINT('',(312.,-9.5,428.));
#17766 = VECTOR('',#17767,1.);
#17767 = DIRECTION('',(0.,0.,1.));
#17768 = PLANE('',#17769);
#17769 = AXIS2_PLACEMENT_3D('',#17770,#17771,#17772);
#17770 = CARTESIAN_POINT('',(312.,-11.,428.));
#17771 = DIRECTION('',(1.,0.,0.));
#17772 = DIRECTION('',(0.,0.,1.));
#17773 = ADVANCED_FACE('',(#17774),#17792,.T.);
#17774 = FACE_BOUND('',#17775,.T.);
#17775 = EDGE_LOOP('',(#17776,#17784,#17785,#17786));
#17776 = ORIENTED_EDGE('',*,*,#17777,.F.);
#17777 = EDGE_CURVE('',#17674,#17778,#17780,.T.);
#17778 = VERTEX_POINT('',#17779);
#17779 = CARTESIAN_POINT('',(308.,-9.5,428.));
#17780 = LINE('',#17781,#17782);
#17781 = CARTESIAN_POINT('',(308.,-11.,428.));
#17782 = VECTOR('',#17783,1.);
#17783 = DIRECTION('',(0.,1.,0.));
#17784 = ORIENTED_EDGE('',*,*,#17681,.T.);
#17785 = ORIENTED_EDGE('',*,*,#17755,.T.);
#17786 = ORIENTED_EDGE('',*,*,#17787,.F.);
#17787 = EDGE_CURVE('',#17778,#17756,#17788,.T.);
#17788 = LINE('',#17789,#17790);
#17789 = CARTESIAN_POINT('',(308.,-9.5,428.));
#17790 = VECTOR('',#17791,1.);
#17791 = DIRECTION('',(1.,0.,0.));
#17792 = PLANE('',#17793);
#17793 = AXIS2_PLACEMENT_3D('',#17794,#17795,#17796);
#17794 = CARTESIAN_POINT('',(308.,-11.,428.));
#17795 = DIRECTION('',(0.,0.,1.));
#17796 = DIRECTION('',(1.,0.,0.));
#17797 = ADVANCED_FACE('',(#17798),#17809,.T.);
#17798 = FACE_BOUND('',#17799,.T.);
#17799 = EDGE_LOOP('',(#17800,#17801,#17802,#17803));
#17800 = ORIENTED_EDGE('',*,*,#17722,.F.);
#17801 = ORIENTED_EDGE('',*,*,#17673,.T.);
#17802 = ORIENTED_EDGE('',*,*,#17777,.T.);
#17803 = ORIENTED_EDGE('',*,*,#17804,.T.);
#17804 = EDGE_CURVE('',#17778,#17723,#17805,.T.);
#17805 = LINE('',#17806,#17807);
#17806 = CARTESIAN_POINT('',(308.,-9.5,428.));
#17807 = VECTOR('',#17808,1.);
#17808 = DIRECTION('',(0.,0.,1.));
#17809 = PLANE('',#17810);
#17810 = AXIS2_PLACEMENT_3D('',#17811,#17812,#17813);
#17811 = CARTESIAN_POINT('',(308.,-11.,428.));
#17812 = DIRECTION('',(1.,0.,0.));
#17813 = DIRECTION('',(0.,0.,1.));
#17814 = ADVANCED_FACE('',(#17815),#17821,.F.);
#17815 = FACE_BOUND('',#17816,.F.);
#17816 = EDGE_LOOP('',(#17817,#17818,#17819,#17820));
#17817 = ORIENTED_EDGE('',*,*,#17787,.F.);
#17818 = ORIENTED_EDGE('',*,*,#17804,.T.);
#17819 = ORIENTED_EDGE('',*,*,#17739,.T.);
#17820 = ORIENTED_EDGE('',*,*,#17763,.F.);
#17821 = PLANE('',#17822);
#17822 = AXIS2_PLACEMENT_3D('',#17823,#17824,#17825);
#17823 = CARTESIAN_POINT('',(308.,-9.5,428.));
#17824 = DIRECTION('',(0.,1.,0.));
#17825 = DIRECTION('',(0.,0.,1.));
#17826 = ( GEOMETRIC_REPRESENTATION_CONTEXT(3) 
GLOBAL_UNCERTAINTY_ASSIGNED_CONTEXT((#17830)) 
GLOBAL_UNIT_ASSIGNED_CONTEXT((#17827,#17828,#17829)) 
REPRESENTATION_CONTEXT('Context #1',
  '3D Context with UNIT and UNCERTAINTY') );
#17827 = ( LENGTH_UNIT() NAMED_UNIT(*) SI_UNIT(.MILLI.,.METRE.) );
#17828 = ( NAMED_UNIT(*) PLANE_ANGLE_UNIT() SI_UNIT($,.RADIAN.) );
#17829 = ( NAMED_UNIT(*) SI_UNIT($,.STERADIAN.) SOLID_ANGLE_UNIT() );
#17830 = UNCERTAINTY_MEASURE_WITH_UNIT(LENGTH_MEASURE(2.E-07),#17827,
  'distance_accuracy_value','confusion accuracy');
#17831 = PRODUCT_RELATED_PRODUCT_CATEGORY('part',$,(#7));
ENDSEC;
END-ISO-10303-21;
